mtllib posed.mtl
o Box.002
usemtl 119d7265_196f_4f05_9709_398cd27d1560
v -157.86514282 -0.00000000 128.36804199
v -157.86514282 -0.00000000 138.36804199
v -157.86514282 10 138.36804199
v -157.86514282 10 128.36804199
v -137.86514282 0.00000000 138.36804199
v -137.86514282 10 138.36804199
v -137.86514282 10 128.36804199
v -137.86514282 0.00000000 128.36804199
vt 1 1
vt 0 1
vt 0 0
vt 1 0
vt 1 0
vt 1 1
vt 0 1
vt 0 0
vt 0 0
vt 1 -0.00000000
vt 1 1
vt 0 1
vt 0 1
vt 0 0
vt 1 0.00000000
vt 1 1
vt 1 1
vt 0.00000000 1
vt 0 0.00000000
vt 1 0
vt 1 1
vt 1 0
vt 0 0.00000000
vt 0 1
vn -1 -0.00000000 0.00000000
vn -1 -0.00000000 0.00000000
vn -1 -0.00000000 0.00000000
vn -1 -0.00000000 0.00000000
vn 0.00000000 0 1
vn 0.00000000 0 1
vn 0.00000000 0 1
vn 0.00000000 0 1
vn -0.00000000 0 -1
vn -0.00000000 0 -1
vn -0.00000000 0 -1
vn -0.00000000 0 -1
vn 0.00000000 -1 -0.00000000
vn 0.00000000 -1 -0.00000000
vn 0.00000000 -1 -0.00000000
vn 0.00000000 -1 -0.00000000
vn -0.00000000 1 0.00000000
vn -0.00000000 1 0.00000000
vn -0.00000000 1 0.00000000
vn -0.00000000 1 0.00000000
vn 1 0 0
vn 1 0 0
vn 1 0 0
vn 1 0 0
f 1/1/1 2/2/2 3/3/3
f 3/3/3 4/4/4 1/1/1
f 3/5/5 2/6/6 5/7/7
f 5/7/7 6/8/8 3/5/5
f 4/9/9 7/10/10 8/11/11
f 8/11/11 1/12/12 4/9/9
f 2/13/13 1/14/14 8/15/15
f 8/15/15 5/16/16 2/13/13
f 3/17/17 6/18/18 7/19/19
f 7/19/19 4/20/20 3/17/17
f 8/21/21 7/22/22 6/23/23
f 6/23/23 5/24/24 8/21/21
o Box.005
usemtl 119d7265_196f_4f05_9709_398cd27d1560
v -157.86514282 10 -31.63195038
v -157.86514282 0.00000000 -31.63195038
v -157.86514282 0.00000000 -21.63195038
v -157.86514282 10 -21.63195038
v -137.86514282 10 -21.63195038
v -137.86514282 -0.00000000 -21.63195038
v -137.86514282 10 -31.63195038
v -137.86514282 -0.00000000 -31.63195038
vt 0.00000000 0
vt 1 0.00000000
vt 1 1
vt 0 1
vt 1 1
vt 0 1
vt 0 0
vt 1 -0.00000000
vt 0.00000000 1
vt 0 -0.00000000
vt 1 0
vt 1 1
vt 1 1
vt 0 1
vt 0 0.00000000
vt 1 0
vt 0 0
vt 1 0.00000000
vt 1 1
vt 0 1
vt 0.00000000 1
vt 1 1
vt 1 0
vt 0 -0.00000000
vn -1 0.00000000 0.00000000
vn -1 0.00000000 0.00000000
vn -1 0.00000000 0.00000000
vn -1 0.00000000 0.00000000
vn 0.00000000 -0.00000000 1
vn 0.00000000 -0.00000000 1
vn 0.00000000 -0.00000000 1
vn 0.00000000 -0.00000000 1
vn -0.00000000 0.00000000 -1
vn -0.00000000 0.00000000 -1
vn -0.00000000 0.00000000 -1
vn -0.00000000 0.00000000 -1
vn 0.00000000 1 0.00000000
vn 0.00000000 1 0.00000000
vn 0.00000000 1 0.00000000
vn 0.00000000 1 0.00000000
vn -0.00000000 -1 -0.00000000
vn -0.00000000 -1 -0.00000000
vn -0.00000000 -1 -0.00000000
vn -0.00000000 -1 -0.00000000
vn 1 0 0
vn 1 0 0
vn 1 0 0
vn 1 0 0
f 9/25/25 10/26/26 11/27/27
f 11/27/27 12/28/28 9/25/25
f 13/29/29 12/30/30 11/31/31
f 11/31/31 14/32/32 13/29/29
f 15/33/33 16/34/34 10/35/35
f 10/35/35 9/36/36 15/33/33
f 12/37/37 13/38/38 15/39/39
f 15/39/39 9/40/40 12/37/37
f 10/41/41 16/42/42 14/43/43
f 14/43/43 11/44/44 10/41/41
f 14/45/45 16/46/46 15/47/47
f 15/47/47 13/48/48 14/45/45
o Solid_21
usemtl 119d7265_196f_4f05_9709_398cd27d1560
v -127.86513519 10 138.36804199
v -127.86513519 10 128.36804199
v -127.86513519 0.00000000 128.36804199
v -127.86513519 0.00000000 138.36804199
v 22.13485909 10 128.36804199
v 22.13485909 0.00000000 128.36804199
v 22.13485909 -0.00000000 138.36804199
v 22.13485909 10 138.36804199
vt 1 -0.00000000
vt 0 0
vt 0 1
vt 1 1
vt 1 0.00000000
vt 1 1
vt -0.00000000 1
vt 0 0
vt 1 1
vt -0.00000000 1
vt 0 0.00000000
vt 1 0
vt 1 1
vt -0.00000000 1
vt 0 0
vt 1 -0.00000000
vt 1 0
vt 1 1
vt 0 1
vt -0.00000000 -0.00000000
vt 0 1
vt 1 1
vt 1 0.00000000
vt 0.00000000 0
vn -1 0 0
vn -1 0 0
vn -1 0 0
vn -1 0 0
vn -0.00000000 0 -1
vn -0.00000000 0 -1
vn -0.00000000 0 -1
vn -0.00000000 0 -1
vn 0.00000000 0 1
vn 0.00000000 0 1
vn 0.00000000 0 1
vn 0.00000000 0 1
vn 0.00000000 -1 -0.00000000
vn 0.00000000 -1 -0.00000000
vn 0.00000000 -1 -0.00000000
vn 0.00000000 -1 -0.00000000
vn -0.00000000 1 0.00000000
vn -0.00000000 1 0.00000000
vn -0.00000000 1 0.00000000
vn -0.00000000 1 0.00000000
vn 1 0 0
vn 1 0 0
vn 1 0 0
vn 1 0 0
f 17/49/49 18/50/50 19/51/51
f 19/51/51 20/52/52 17/49/49
f 21/53/53 22/54/54 19/55/55
f 19/55/55 18/56/56 21/53/53
f 20/57/57 23/58/58 24/59/59
f 24/59/59 17/60/60 20/57/57
f 23/61/61 20/62/62 19/63/63
f 19/63/63 22/64/64 23/61/61
f 18/65/65 17/66/66 24/67/67
f 24/67/67 21/68/68 18/65/65
f 23/69/69 22/70/70 21/71/71
f 21/71/71 24/72/72 23/69/69
o Solid_22
usemtl 119d7265_196f_4f05_9709_398cd27d1560
v -127.86513519 10 158.36805725
v -137.86514282 10 158.36805725
v -137.86514282 0.00000000 158.36805725
v -127.86513519 0.00000000 158.36805725
v -127.86513519 10 138.36804199
v -127.86513519 0.00000000 138.36804199
v -137.86514282 10 138.36804199
v -137.86514282 0.00000000 138.36804199
vt 0 0
vt 1 0
vt 1 1
vt 0 1
vt 0 0.00000000
vt 1 0
vt 1 1
vt 0 1
vt 0 1
vt 0 0
vt 1 0.00000000
vt 1 1
vt 1 0
vt 1 1
vt 0 1
vt 0 0
vt 0 0
vt 1 0
vt 1 1
vt 0 1
vt 0 0.00000000
vt 0.00000000 1
vt 1 1
vt 1 0
vn 0 0.00000000 1
vn 0 0.00000000 1
vn 0 0.00000000 1
vn 0 0.00000000 1
vn 1 0 0
vn 1 0 0
vn 1 0 0
vn 1 0 0
vn -1 0 0
vn -1 0 0
vn -1 0 0
vn -1 0 0
vn 0 -1 0.00000000
vn 0 -1 0.00000000
vn 0 -1 0.00000000
vn 0 -1 0.00000000
vn 0 1 -0.00000000
vn 0 1 -0.00000000
vn 0 1 -0.00000000
vn 0 1 -0.00000000
vn -0.00000000 0 -1
vn -0.00000000 0 -1
vn -0.00000000 0 -1
vn -0.00000000 0 -1
f 25/73/73 26/74/74 27/75/75
f 27/75/75 28/76/76 25/73/73
f 29/77/77 25/78/78 28/79/79
f 28/79/79 30/80/80 29/77/77
f 27/81/81 26/82/82 31/83/83
f 31/83/83 32/84/84 27/81/81
f 28/85/85 27/86/86 32/87/87
f 32/87/87 30/88/88 28/85/85
f 25/89/89 29/90/90 31/91/91
f 31/91/91 26/92/92 25/89/89
f 29/93/93 30/94/94 32/95/95
f 32/95/95 31/96/96 29/93/93
o Solid_24
usemtl 119d7265_196f_4f05_9709_398cd27d1560
v -127.86513519 0.00000000 138.36804199
v -137.86514282 -0.00000000 138.36804199
v -137.86514282 0.00000000 128.36804199
v -127.86513519 0.00000000 128.36804199
v -137.86514282 200 128.36804199
v -127.86513519 200 128.36804199
v -137.86514282 200 138.36804199
v -127.86513519 200 138.36804199
vt 1 1
vt 0 1
vt 0.00000000 0
vt 1 0.00000000
vt 1 1
vt 0 1
vt 0.00000000 0
vt 1 0
vt 1 0
vt 1 1
vt 0.00000000 1
vt 0 0
vt 0 0
vt 1 0
vt 1 1
vt 0.00000000 1
vt 0 0
vt 1 0
vt 1 1
vt -0.00000000 1
vt 1 1
vt 0.00000000 1
vt 0 0.00000000
vt 1 0
vn 0.00000000 -1 -0.00000000
vn 0.00000000 -1 -0.00000000
vn 0.00000000 -1 -0.00000000
vn 0.00000000 -1 -0.00000000
vn -0.00000000 0 -1
vn -0.00000000 0 -1
vn -0.00000000 0 -1
vn -0.00000000 0 -1
vn 0.00000000 0 1
vn 0.00000000 0 1
vn 0.00000000 0 1
vn 0.00000000 0 1
vn -1 0 0
vn -1 0 0
vn -1 0 0
vn -1 0 0
vn 1 0 0
vn 1 0 0
vn 1 0 0
vn 1 0 0
vn -0.00000000 1 0.00000000
vn -0.00000000 1 0.00000000
vn -0.00000000 1 0.00000000
vn -0.00000000 1 0.00000000
f 33/97/97 34/98/98 35/99/99
f 35/99/99 36/100/100 33/97/97
f 36/101/101 35/102/102 37/103/103
f 37/103/103 38/104/104 36/101/101
f 39/105/105 34/106/106 33/107/107
f 33/107/107 40/108/108 39/105/105
f 39/109/109 37/110/110 35/111/111
f 35/111/111 34/112/112 39/109/109
f 38/113/113 40/114/114 33/115/115
f 33/115/115 36/116/116 38/113/113
f 39/117/117 40/118/118 38/119/119
f 38/119/119 37/120/120 39/117/117
o Solid_26
usemtl 119d7265_196f_4f05_9709_398cd27d1560
v 52.13486099 10 -31.63195038
v 52.13486099 10 -21.63195038
v 52.13486099 -0.00000000 -21.63195038
v 52.13486099 -0.00000000 -31.63195038
v 32.13486099 0.00000000 -31.63195038
v 32.13486099 10 -31.63195038
v 32.13486099 -0.00000000 -21.63195038
v 32.13486099 10 -21.63195038
vt 1 0
vt 1 1
vt 0.00000000 1
vt 0 -0.00000000
vt 1 0.00000000
vt 1 1
vt 0 1
vt 0 0
vt 0 0
vt 1 0.00000000
vt 1 1
vt 0 1
vt 1 0.00000000
vt 1 1
vt 0 1
vt 0 0
vt 1 1
vt 0 1
vt 0 0.00000000
vt 1 0
vt 1 0
vt 0 -0.00000000
vt 0 1
vt 1 1
vn 1 -0.00000000 -0.00000000
vn 1 -0.00000000 -0.00000000
vn 1 -0.00000000 -0.00000000
vn 1 -0.00000000 -0.00000000
vn -0.00000000 0.00000000 -1
vn -0.00000000 0.00000000 -1
vn -0.00000000 0.00000000 -1
vn -0.00000000 0.00000000 -1
vn 0.00000000 -0.00000000 1
vn 0.00000000 -0.00000000 1
vn 0.00000000 -0.00000000 1
vn 0.00000000 -0.00000000 1
vn -0.00000000 -1 -0.00000000
vn -0.00000000 -1 -0.00000000
vn -0.00000000 -1 -0.00000000
vn -0.00000000 -1 -0.00000000
vn 0.00000000 1 0.00000000
vn 0.00000000 1 0.00000000
vn 0.00000000 1 0.00000000
vn 0.00000000 1 0.00000000
vn -1 0 0
vn -1 0 0
vn -1 0 0
vn -1 0 0
f 41/121/121 42/122/122 43/123/123
f 43/123/123 44/124/124 41/121/121
f 45/125/125 46/126/126 41/127/127
f 41/127/127 44/128/128 45/125/125
f 47/129/129 43/130/130 42/131/131
f 42/131/131 48/132/132 47/129/129
f 44/133/133 43/134/134 47/135/135
f 47/135/135 45/136/136 44/133/133
f 48/137/137 42/138/138 41/139/139
f 41/139/139 46/140/140 48/137/137
f 48/141/141 46/142/142 45/143/143
f 45/143/143 47/144/144 48/141/141
o Solid_27
usemtl 119d7265_196f_4f05_9709_398cd27d1560
v -137.86514282 -0.00000000 128.36804199
v -127.86513519 0.00000000 128.36804199
v -127.86513519 10 128.36804199
v -137.86514282 10 128.36804199
v -127.86513519 0.00000000 -21.63195038
v -127.86513519 10 -21.63195038
v -137.86514282 10 -21.63195038
v -137.86514282 -0.00000000 -21.63195038
vt 0 1
vt 1 1
vt 1 0.00000000
vt 0 0
vt 1 1
vt -0.00000000 1
vt 0 0
vt 1 0.00000000
vt 0 1
vt 0 0.00000000
vt 1 0
vt 1 1
vt 1 0
vt 1 1
vt 0 1
vt 0.00000000 0
vt 0 0
vt 1 0
vt 1 1
vt 0 1
vt -0.00000000 1
vt 1 1
vt 1 0.00000000
vt 0 0
vn 0.00000000 0 1
vn 0.00000000 0 1
vn 0.00000000 0 1
vn 0.00000000 0 1
vn 1 0 0
vn 1 0 0
vn 1 0 0
vn 1 0 0
vn -1 0 0
vn -1 0 0
vn -1 0 0
vn -1 0 0
vn 0 -1 0.00000000
vn 0 -1 0.00000000
vn 0 -1 0.00000000
vn 0 -1 0.00000000
vn 0 1 -0.00000000
vn 0 1 -0.00000000
vn 0 1 -0.00000000
vn 0 1 -0.00000000
vn -0.00000000 0.00000000 -1
vn -0.00000000 0.00000000 -1
vn -0.00000000 0.00000000 -1
vn -0.00000000 0.00000000 -1
f 49/145/145 50/146/146 51/147/147
f 51/147/147 52/148/148 49/145/145
f 50/149/149 53/150/150 54/151/151
f 54/151/151 51/152/152 50/149/149
f 49/153/153 52/154/154 55/155/155
f 55/155/155 56/156/156 49/153/153
f 50/157/157 49/158/158 56/159/159
f 56/159/159 53/160/160 50/157/157
f 51/161/161 54/162/162 55/163/163
f 55/163/163 52/164/164 51/161/161
f 55/165/165 54/166/166 53/167/167
f 53/167/167 56/168/168 55/165/165
o Solid_28
usemtl 119d7265_196f_4f05_9709_398cd27d1560
v -127.86513519 10 -51.63195038
v -137.86514282 10 -51.63195038
v -137.86514282 10 -31.63195038
v -127.86513519 10 -31.63195038
v -127.86513519 0.00000000 -31.63195038
v -127.86513519 -0.00000000 -51.63195038
v -137.86514282 -0.00000000 -51.63195038
v -137.86514282 0.00000000 -31.63195038
vt 1 0
vt 1 1
vt 0 1
vt 0 0
vt 0 0
vt 1 -0.00000000
vt 1 1
vt 0 1
vt 1 0
vt 1 1
vt 0.00000000 1
vt 0 0.00000000
vt 0 0
vt 1 0
vt 1 1
vt 0 1
vt 1 1
vt 0 1
vt 0 0
vt 1 0
vt 0 0
vt 0.00000000 1
vt 1 1
vt 1 0
vn 0 1 -0.00000000
vn 0 1 -0.00000000
vn 0 1 -0.00000000
vn 0 1 -0.00000000
vn 1 0 0
vn 1 0 0
vn 1 0 0
vn 1 0 0
vn -1 0 0
vn -1 0 0
vn -1 0 0
vn -1 0 0
vn 0 -1 0.00000000
vn 0 -1 0.00000000
vn 0 -1 0.00000000
vn 0 -1 0.00000000
vn 0 -0.00000000 -1
vn 0 -0.00000000 -1
vn 0 -0.00000000 -1
vn 0 -0.00000000 -1
vn 0.00000000 -0.00000000 1
vn 0.00000000 -0.00000000 1
vn 0.00000000 -0.00000000 1
vn 0.00000000 -0.00000000 1
f 57/169/169 58/170/170 59/171/171
f 59/171/171 60/172/172 57/169/169
f 57/173/173 60/174/174 61/175/175
f 61/175/175 62/176/176 57/173/173
f 58/177/177 63/178/178 64/179/179
f 64/179/179 59/180/180 58/177/177
f 62/181/181 61/182/182 64/183/183
f 64/183/183 63/184/184 62/181/181
f 62/185/185 63/186/186 58/187/187
f 58/187/187 57/188/188 62/185/185
f 61/189/189 60/190/190 59/191/191
f 59/191/191 64/192/192 61/189/189
o Solid_29
usemtl 119d7265_196f_4f05_9709_398cd27d1560
v -127.86513519 -0.00000000 -21.63195038
v -137.86514282 0.00000000 -21.63195038
v -137.86514282 -0.00000000 -31.63195038
v -127.86513519 -0.00000000 -31.63195038
v -137.86514282 200 -31.63195038
v -127.86513519 200 -31.63195038
v -127.86513519 200 -21.63195038
v -137.86514282 200 -21.63195038
vt 1 1
vt 0 1
vt 0 0
vt 1 0.00000000
vt 1 0
vt 1 1
vt 0 1
vt -0.00000000 0.00000000
vt 1 1
vt 0 1
vt 0.00000000 0
vt 1 -0.00000000
vt 1 0
vt 1 1
vt 0.00000000 1
vt 0 0
vt 0 0
vt 1 0
vt 1 1
vt -0.00000000 1
vt 0.00000000 1
vt 0 0.00000000
vt 1 0
vt 1 1
vn -0.00000000 -1 -0.00000000
vn -0.00000000 -1 -0.00000000
vn -0.00000000 -1 -0.00000000
vn -0.00000000 -1 -0.00000000
vn -0.00000000 0.00000000 -1
vn -0.00000000 0.00000000 -1
vn -0.00000000 0.00000000 -1
vn -0.00000000 0.00000000 -1
vn 0.00000000 -0.00000000 1
vn 0.00000000 -0.00000000 1
vn 0.00000000 -0.00000000 1
vn 0.00000000 -0.00000000 1
vn -1 0 0
vn -1 0 0
vn -1 0 0
vn -1 0 0
vn 1 0 0
vn 1 0 0
vn 1 0 0
vn 1 0 0
vn 0.00000000 1 0.00000000
vn 0.00000000 1 0.00000000
vn 0.00000000 1 0.00000000
vn 0.00000000 1 0.00000000
f 65/193/193 66/194/194 67/195/195
f 67/195/195 68/196/196 65/193/193
f 67/197/197 69/198/198 70/199/199
f 70/199/199 68/200/200 67/197/197
f 71/201/201 72/202/202 66/203/203
f 66/203/203 65/204/204 71/201/201
f 69/205/205 67/206/206 66/207/207
f 66/207/207 72/208/208 69/205/205
f 70/209/209 71/210/210 65/211/211
f 65/211/211 68/212/212 70/209/209
f 71/213/213 70/214/214 69/215/215
f 69/215/215 72/216/216 71/213/213
o Solid_30
usemtl 119d7265_196f_4f05_9709_398cd27d1560
v -127.86513519 10 -31.63195038
v -127.86513519 10 -21.63195038
v 22.13485909 10 -21.63195038
v 22.13485909 10 -31.63195038
v 22.13485909 0.00000000 -31.63195038
v -127.86513519 -0.00000000 -31.63195038
v -127.86513519 0.00000000 -21.63195038
v 22.13485909 0.00000000 -21.63195038
vt 1 0
vt 1 1
vt 0 1
vt 0 -0.00000000
vt 1 1
vt 0 1
vt 0 0.00000000
vt 1 0
vt -0.00000000 1
vt 0 0
vt 1 0.00000000
vt 1 1
vt 0 0
vt 1 -0.00000000
vt 1 1
vt -0.00000000 1
vt 0.00000000 0.00000000
vt 0 1
vt 1 1
vt 1 0
vt 1 1
vt 1 -0.00000000
vt 0 0
vt 0 1
vn 0.00000000 1 0.00000000
vn 0.00000000 1 0.00000000
vn 0.00000000 1 0.00000000
vn 0.00000000 1 0.00000000
vn -0.00000000 0.00000000 -1
vn -0.00000000 0.00000000 -1
vn -0.00000000 0.00000000 -1
vn -0.00000000 0.00000000 -1
vn 0.00000000 -0.00000000 1
vn 0.00000000 -0.00000000 1
vn 0.00000000 -0.00000000 1
vn 0.00000000 -0.00000000 1
vn -0.00000000 -1 -0.00000000
vn -0.00000000 -1 -0.00000000
vn -0.00000000 -1 -0.00000000
vn -0.00000000 -1 -0.00000000
vn -1 0 0
vn -1 0 0
vn -1 0 0
vn -1 0 0
vn 1 0 0
vn 1 0 0
vn 1 0 0
vn 1 0 0
f 73/217/217 74/218/218 75/219/219
f 75/219/219 76/220/220 73/217/217
f 73/221/221 76/222/222 77/223/223
f 77/223/223 78/224/224 73/221/221
f 74/225/225 79/226/226 80/227/227
f 80/227/227 75/228/228 74/225/225
f 78/229/229 77/230/230 80/231/231
f 80/231/231 79/232/232 78/229/229
f 73/233/233 78/234/234 79/235/235
f 79/235/235 74/236/236 73/233/233
f 77/237/237 76/238/238 75/239/239
f 75/239/239 80/240/240 77/237/237
o Solid_32
usemtl 119d7265_196f_4f05_9709_398cd27d1560
v 22.13485909 10 -51.63195038
v 22.13485909 10 -31.63195038
v 32.13486099 10 -31.63195038
v 32.13486099 10 -51.63195038
v 22.13485909 0.00000000 -51.63195038
v 22.13485909 -0.00000000 -31.63195038
v 32.13486099 0.00000000 -51.63195038
v 32.13486099 0.00000000 -31.63195038
vt 0 0
vt 1 0
vt 1 1
vt 0 1
vt 1 1
vt 0 1
vt 0 0.00000000
vt 1 0
vt 0 1
vt 0 -0.00000000
vt 1 0
vt 1 1
vt 1 1
vt 0 1
vt 0.00000000 0
vt 1 0
vt 0 0
vt 1 0
vt 1 1
vt 0 1
vt 1 1
vt 1 0
vt 0 0.00000000
vt 0 1
vn 0 1 0.00000000
vn 0 1 0.00000000
vn 0 1 0.00000000
vn 0 1 0.00000000
vn -1 0 0
vn -1 0 0
vn -1 0 0
vn -1 0 0
vn 1 0 0
vn 1 0 0
vn 1 0 0
vn 1 0 0
vn 0 -1 -0.00000000
vn 0 -1 -0.00000000
vn 0 -1 -0.00000000
vn 0 -1 -0.00000000
vn 0 0.00000000 -1
vn 0 0.00000000 -1
vn 0 0.00000000 -1
vn 0 0.00000000 -1
vn 0.00000000 -0.00000000 1
vn 0.00000000 -0.00000000 1
vn 0.00000000 -0.00000000 1
vn 0.00000000 -0.00000000 1
f 81/241/241 82/242/242 83/243/243
f 83/243/243 84/244/244 81/241/241
f 85/245/245 86/246/246 82/247/247
f 82/247/247 81/248/248 85/245/245
f 87/249/249 84/250/250 83/251/251
f 83/251/251 88/252/252 87/249/249
f 87/253/253 88/254/254 86/255/255
f 86/255/255 85/256/256 87/253/253
f 81/257/257 84/258/258 87/259/259
f 87/259/259 85/260/260 81/257/257
f 82/261/261 86/262/262 88/263/263
f 88/263/263 83/264/264 82/261/261
o Solid_33
usemtl 119d7265_196f_4f05_9709_398cd27d1560
v 32.13486099 0.00000000 -31.63195038
v 32.13486099 0.00000000 -21.63195038
v 22.13485909 -0.00000000 -21.63195038
v 22.13485909 0.00000000 -31.63195038
v 32.13486099 200 -31.63195038
v 22.13485909 200 -31.63195038
v 22.13485909 200 -21.63195038
v 32.13486099 200 -21.63195038
vt 1 0.00000000
vt 1 1
vt 0 1
vt 0 0
vt 0 1
vt -0.00000000 0.00000000
vt 1 0
vt 1 1
vt 0 1
vt 0.00000000 0
vt 1 0.00000000
vt 1 1
vt 1 0
vt 1 1
vt 0.00000000 1
vt 0 0
vt 0 0
vt 1 0
vt 1 1
vt -0.00000000 1
vt 0 0.00000000
vt 1 0
vt 1 1
vt 0 1
vn -0.00000000 -1 -0.00000000
vn -0.00000000 -1 -0.00000000
vn -0.00000000 -1 -0.00000000
vn -0.00000000 -1 -0.00000000
vn -0.00000000 0.00000000 -1
vn -0.00000000 0.00000000 -1
vn -0.00000000 0.00000000 -1
vn -0.00000000 0.00000000 -1
vn 0.00000000 -0.00000000 1
vn 0.00000000 -0.00000000 1
vn 0.00000000 -0.00000000 1
vn 0.00000000 -0.00000000 1
vn 1 0 0
vn 1 0 0
vn 1 0 0
vn 1 0 0
vn -1 0 0
vn -1 0 0
vn -1 0 0
vn -1 0 0
vn 0.00000000 1 0.00000000
vn 0.00000000 1 0.00000000
vn 0.00000000 1 0.00000000
vn 0.00000000 1 0.00000000
f 89/265/265 90/266/266 91/267/267
f 91/267/267 92/268/268 89/265/265
f 93/269/269 89/270/270 92/271/271
f 92/271/271 94/272/272 93/269/269
f 95/273/273 91/274/274 90/275/275
f 90/275/275 96/276/276 95/273/273
f 96/277/277 90/278/278 89/279/279
f 89/279/279 93/280/280 96/277/277
f 95/281/281 94/282/282 92/283/283
f 92/283/283 91/284/284 95/281/281
f 93/285/285 94/286/286 95/287/287
f 95/287/287 96/288/288 93/285/285
o Solid_34
usemtl 119d7265_196f_4f05_9709_398cd27d1560
v 52.13486099 0.00000000 138.36804199
v 32.13486099 0.00000000 138.36804199
v 32.13486099 0.00000000 128.36804199
v 52.13486099 0.00000000 128.36804199
v 32.13486099 10 128.36804199
v 52.13486099 10 128.36804199
v 52.13486099 10 138.36804199
v 32.13486099 10 138.36804199
vt 1 1
vt 0 1
vt 0.00000000 0
vt 1 0.00000000
vt 1 1
vt 0 1
vt 0 0.00000000
vt 1 0
vt 0 1
vt 0 0
vt 1 0.00000000
vt 1 1
vt 0 0.00000000
vt 1 0
vt 1 1
vt 0 1
vt 0 0
vt 1 0
vt 1 1
vt 0 1
vt 0 0
vt 0.00000000 1
vt 1 1
vt 1 0.00000000
vn 0.00000000 -1 -0.00000000
vn 0.00000000 -1 -0.00000000
vn 0.00000000 -1 -0.00000000
vn 0.00000000 -1 -0.00000000
vn -0.00000000 0 -1
vn -0.00000000 0 -1
vn -0.00000000 0 -1
vn -0.00000000 0 -1
vn 0.00000000 0 1
vn 0.00000000 0 1
vn 0.00000000 0 1
vn 0.00000000 0 1
vn -0.00000000 1 0.00000000
vn -0.00000000 1 0.00000000
vn -0.00000000 1 0.00000000
vn -0.00000000 1 0.00000000
vn 1 0.00000000 -0.00000000
vn 1 0.00000000 -0.00000000
vn 1 0.00000000 -0.00000000
vn 1 0.00000000 -0.00000000
vn -1 0 0
vn -1 0 0
vn -1 0 0
vn -1 0 0
f 97/289/289 98/290/290 99/291/291
f 99/291/291 100/292/292 97/289/289
f 100/293/293 99/294/294 101/295/295
f 101/295/295 102/296/296 100/293/293
f 97/297/297 103/298/298 104/299/299
f 104/299/299 98/300/300 97/297/297
f 102/301/301 101/302/302 104/303/303
f 104/303/303 103/304/304 102/301/301
f 102/305/305 103/306/306 97/307/307
f 97/307/307 100/308/308 102/305/305
f 101/309/309 99/310/310 98/311/311
f 98/311/311 104/312/312 101/309/309
o Solid_35
usemtl 119d7265_196f_4f05_9709_398cd27d1560
v 22.13485909 -0.00000000 158.36805725
v 32.13486099 -0.00000000 158.36805725
v 32.13486099 10 158.36805725
v 22.13485909 10 158.36805725
v 32.13486099 0.00000000 138.36804199
v 32.13486099 10 138.36804199
v 22.13485909 -0.00000000 138.36804199
v 22.13485909 10 138.36804199
vt 1 1
vt 0 1
vt 0 0
vt 1 0
vt 0.00000000 1
vt 0 0
vt 1 0.00000000
vt 1 1
vt 1 1
vt 0 1
vt 0 0
vt 1 -0.00000000
vt 1 0
vt 1 1
vt 0 1
vt 0 -0.00000000
vt 0 0
vt 1 0
vt 1 1
vt 0 1
vt 0 0.00000000
vt 0 1
vt 1 1
vt 1 0
vn 0 -0.00000000 1
vn 0 -0.00000000 1
vn 0 -0.00000000 1
vn 0 -0.00000000 1
vn 1 0 0
vn 1 0 0
vn 1 0 0
vn 1 0 0
vn -1 0 0
vn -1 0 0
vn -1 0 0
vn -1 0 0
vn 0 1 0.00000000
vn 0 1 0.00000000
vn 0 1 0.00000000
vn 0 1 0.00000000
vn 0 -1 -0.00000000
vn 0 -1 -0.00000000
vn 0 -1 -0.00000000
vn 0 -1 -0.00000000
vn -0.00000000 0 -1
vn -0.00000000 0 -1
vn -0.00000000 0 -1
vn -0.00000000 0 -1
f 105/313/313 106/314/314 107/315/315
f 107/315/315 108/316/316 105/313/313
f 109/317/317 110/318/318 107/319/319
f 107/319/319 106/320/320 109/317/317
f 111/321/321 105/322/322 108/323/323
f 108/323/323 112/324/324 111/321/321
f 108/325/325 107/326/326 110/327/327
f 110/327/327 112/328/328 108/325/325
f 105/329/329 111/330/330 109/331/331
f 109/331/331 106/332/332 105/329/329
f 110/333/333 109/334/334 111/335/335
f 111/335/335 112/336/336 110/333/333
o Solid_36
usemtl 119d7265_196f_4f05_9709_398cd27d1560
v 22.13485909 10 -21.63195038
v 22.13485909 10 128.36804199
v 32.13486099 10 128.36804199
v 32.13486099 10 -21.63195038
v 32.13486099 0.00000000 128.36804199
v 32.13486099 -0.00000000 -21.63195038
v 22.13485909 -0.00000000 -21.63195038
v 22.13485909 0.00000000 128.36804199
vt 0 0
vt 1 0
vt 1 1
vt 0 1
vt 0 0.00000000
vt 1 0
vt 1 1
vt 0 1
vt 1 1
vt -0.00000000 1
vt 0 0
vt 1 0.00000000
vt 1 0.00000000
vt 1 1
vt 0.00000000 1
vt 0 0
vt 1 0
vt 0 0
vt 0 1
vt 1 1
vt 1 1
vt 1 -0.00000000
vt 0 0
vt -0.00000000 1
vn 0 1 0.00000000
vn 0 1 0.00000000
vn 0 1 0.00000000
vn 0 1 0.00000000
vn 1 0 0
vn 1 0 0
vn 1 0 0
vn 1 0 0
vn -1 0 0
vn -1 0 0
vn -1 0 0
vn -1 0 0
vn 0 -1 -0.00000000
vn 0 -1 -0.00000000
vn 0 -1 -0.00000000
vn 0 -1 -0.00000000
vn -0.00000000 0.00000000 -1
vn -0.00000000 0.00000000 -1
vn -0.00000000 0.00000000 -1
vn -0.00000000 0.00000000 -1
vn 0.00000000 0 1
vn 0.00000000 0 1
vn 0.00000000 0 1
vn 0.00000000 0 1
f 113/337/337 114/338/338 115/339/339
f 115/339/339 116/340/340 113/337/337
f 116/341/341 115/342/342 117/343/343
f 117/343/343 118/344/344 116/341/341
f 119/345/345 120/346/346 114/347/347
f 114/347/347 113/348/348 119/345/345
f 119/349/349 118/350/350 117/351/351
f 117/351/351 120/352/352 119/349/349
f 118/353/353 119/354/354 113/355/355
f 113/355/355 116/356/356 118/353/353
f 117/357/357 115/358/358 114/359/359
f 114/359/359 120/360/360 117/357/357
o Solid_37
usemtl 119d7265_196f_4f05_9709_398cd27d1560
v 22.13485909 0.00000000 138.36804199
v 22.13485909 0.00000000 128.36804199
v 32.13486099 0.00000000 128.36804199
v 32.13486099 -0.00000000 138.36804199
v 22.13485909 200 128.36804199
v 32.13486099 200 128.36804199
v 32.13486099 200 138.36804199
v 22.13485909 200 138.36804199
vt 0 1
vt 0.00000000 0
vt 1 0.00000000
vt 1 1
vt 0 1
vt 0.00000000 0
vt 1 0
vt 1 1
vt 0 0
vt 1 0
vt 1 1
vt 0 1
vt 1 0
vt 1 1
vt -0.00000000 1
vt 0 0
vt 1 1
vt 0.00000000 1
vt 0 0
vt 1 0
vt 1 0
vt 1 1
vt 0 1
vt 0 0.00000000
vn 0.00000000 -1 -0.00000000
vn 0.00000000 -1 -0.00000000
vn 0.00000000 -1 -0.00000000
vn 0.00000000 -1 -0.00000000
vn -0.00000000 0 -1
vn -0.00000000 0 -1
vn -0.00000000 0 -1
vn -0.00000000 0 -1
vn 0.00000000 0 1
vn 0.00000000 0 1
vn 0.00000000 0 1
vn 0.00000000 0 1
vn -1 0 0
vn -1 0 0
vn -1 0 0
vn -1 0 0
vn 1 0 0
vn 1 0 0
vn 1 0 0
vn 1 0 0
vn -0.00000000 1 0.00000000
vn -0.00000000 1 0.00000000
vn -0.00000000 1 0.00000000
vn -0.00000000 1 0.00000000
f 121/361/361 122/362/362 123/363/363
f 123/363/363 124/364/364 121/361/361
f 122/365/365 125/366/366 126/367/367
f 126/367/367 123/368/368 122/365/365
f 127/369/369 128/370/370 121/371/371
f 121/371/371 124/372/372 127/369/369
f 125/373/373 122/374/374 121/375/375
f 121/375/375 128/376/376 125/373/373
f 124/377/377 123/378/378 126/379/379
f 126/379/379 127/380/380 124/377/377
f 125/381/381 128/382/382 127/383/383
f 127/383/383 126/384/384 125/381/381
o stlp.001
usemtl 55ffb0f7_b7db_4630_a0ae_b0f753bde56e
v 39.63486099 -300 145.86805725
v 41.57600403 -300 138.62361145
v 43.38485718 -300 139.37286377
v 44.93816376 -300 140.56475830
v 46.13005066 -300 142.11804199
v 46.87930298 -300 143.92691040
v 47.13486099 -300 145.86805725
v 46.87930298 -300 147.80918884
v 46.13005066 -300 149.61805725
v 44.93816376 -300 151.17135620
v 43.38485718 -300 152.36323547
v 41.57600403 -300 153.11248779
v 39.63486099 -300 153.36804199
v 37.69371796 -300 153.11248779
v 35.88486099 -300 152.36323547
v 34.33155823 -300 151.17135620
v 33.13967133 -300 149.61805725
v 32.39041519 -300 147.80918884
v 32.13486099 -300 145.86805725
v 32.39041519 -300 143.92691040
v 33.13967133 -300 142.11804199
v 34.33155823 -300 140.56475830
v 35.88486099 -300 139.37286377
v 37.69371796 -300 138.62361145
v 39.63486099 -300 138.36804199
v 47.13486099 220 145.86805725
v 46.87930298 220 147.80918884
v 46.13005066 220 149.61805725
v 44.93816376 220 151.17135620
v 43.38485718 220 152.36323547
v 41.57600403 220 153.11248779
v 39.63486099 220 153.36804199
v 37.69371796 220 153.11248779
v 35.88486099 220 152.36323547
v 34.33155823 220 151.17135620
v 33.13967133 220 149.61805725
v 32.39041519 220 147.80918884
v 32.13486099 220 145.86805725
v 32.39041519 220 143.92691040
v 33.13967133 220 142.11804199
v 34.33155823 220 140.56475830
v 35.88486099 220 139.37286377
v 37.69371796 220 138.62361145
v 39.63486099 220 138.36804199
v 41.57600403 220 138.62361145
v 43.38485718 220 139.37286377
v 44.93816376 220 140.56475830
v 46.13005066 220 142.11804199
v 46.87930298 220 143.92691040
v 39.63486099 220 145.86805725
vt 0.50000000 0.50000000
vt 0.02276392 0.62787503
vt 0.07212184 0.74703556
vt 0.15063894 0.84936106
vt 0.25296444 0.92787814
vt 0.37212497 0.97723609
vt 0.50000000 0.99407113
vt 0.62787503 0.97723609
vt 0.74703556 0.92787814
vt 0.84936106 0.84936106
vt 0.92787814 0.74703556
vt 0.97723609 0.62787503
vt 0.99407113 0.50000000
vt 0.97723609 0.37212497
vt 0.92787814 0.25296444
vt 0.84936106 0.15063894
vt 0.74703556 0.07212184
vt 0.62787503 0.02276392
vt 0.50000000 0.00592885
vt 0.37212497 0.02276392
vt 0.25296444 0.07212184
vt 0.15063894 0.15063894
vt 0.07212184 0.25296444
vt 0.02276392 0.37212497
vt 0.00592885 0.50000000
vt 0 1
vt 0 0
vt 0.04166667 0
vt 0.04166667 1
vt 0.08333334 0
vt 0.08333334 1
vt 0.12500000 0
vt 0.12500000 1
vt 0.16666667 0
vt 0.16666667 1
vt 0.20833333 0
vt 0.20833333 1
vt 0.25000000 0
vt 0.25000000 1
vt 0.29166666 0
vt 0.29166666 1
vt 0.33333334 0
vt 0.33333334 1
vt 0.37500000 0
vt 0.37500000 1
vt 0.41666666 0
vt 0.41666666 1
vt 0.45833334 0
vt 0.45833334 1
vt 0.50000000 0
vt 0.50000000 1
vt 0.54166669 0
vt 0.54166669 1
vt 0.58333331 0
vt 0.58333331 1
vt 0.62500000 0
vt 0.62500000 1
vt 0.66666669 0
vt 0.66666669 1
vt 0.70833331 0
vt 0.70833331 1
vt 0.75000000 0
vt 0.75000000 1
vt 0.79166669 0
vt 0.79166669 1
vt 0.83333331 0
vt 0.83333331 1
vt 0.87500000 0
vt 0.87500000 1
vt 0.91666669 0
vt 0.91666669 1
vt 0.95833331 0
vt 0.95833331 1
vt 0.50000000 0.50000000
vt 0.97723609 0.62787503
vt 0.92787814 0.74703556
vt 0.84936106 0.84936106
vt 0.74703556 0.92787814
vt 0.62787503 0.97723609
vt 0.50000000 0.99407113
vt 0.37212497 0.97723609
vt 0.25296444 0.92787814
vt 0.15063894 0.84936106
vt 0.07212184 0.74703556
vt 0.02276392 0.62787503
vt 0.00592885 0.50000000
vt 0.02276392 0.37212497
vt 0.07212184 0.25296444
vt 0.15063894 0.15063894
vt 0.25296444 0.07212184
vt 0.37212497 0.02276392
vt 0.50000000 0.00592885
vt 0.62787503 0.02276392
vt 0.74703556 0.07212184
vt 0.84936106 0.15063894
vt 0.92787814 0.25296444
vt 0.97723609 0.37212497
vt 0.99407113 0.50000000
vn -0.00000000 -1 0.00000000
vn -0.00000000 -1 0.00000000
vn -0.00000000 -1 0.00000000
vn -0.00000000 -1 0.00000000
vn -0.00000000 -1 0.00000000
vn -0.00000000 -1 0.00000000
vn -0.00000000 -1 0.00000000
vn -0.00000000 -1 0.00000000
vn -0.00000000 -1 0.00000000
vn -0.00000000 -1 0.00000000
vn -0.00000000 -1 0.00000000
vn -0.00000000 -1 0.00000000
vn -0.00000000 -1 0.00000000
vn -0.00000000 -1 0.00000000
vn -0.00000000 -1 0.00000000
vn -0.00000000 -1 0.00000000
vn -0.00000000 -1 0.00000000
vn -0.00000000 -1 0.00000000
vn -0.00000000 -1 0.00000000
vn -0.00000000 -1 0.00000000
vn -0.00000000 -1 0.00000000
vn -0.00000000 -1 0.00000000
vn -0.00000000 -1 0.00000000
vn -0.00000000 -1 0.00000000
vn -0.00000000 -1 0.00000000
vn 1 -0.00000000 0.00000000
vn 1 -0.00000000 0.00000000
vn 0.96592581 -0.00000000 0.25881904
vn 0.96592581 -0.00000000 0.25881904
vn 0.86602539 -0.00000000 0.50000000
vn 0.86602539 -0.00000000 0.50000000
vn 0.70710677 0.00000000 0.70710677
vn 0.70710677 0.00000000 0.70710677
vn 0.50000000 0.00000000 0.86602539
vn 0.50000000 0.00000000 0.86602539
vn 0.25881904 0.00000000 0.96592581
vn 0.25881904 0.00000000 0.96592581
vn 0.00000000 0.00000000 1
vn 0.00000000 0.00000000 1
vn -0.25881904 0.00000000 0.96592581
vn -0.25881904 0.00000000 0.96592581
vn -0.50000000 0.00000000 0.86602539
vn -0.50000000 0.00000000 0.86602539
vn -0.70710677 0.00000000 0.70710677
vn -0.70710677 0.00000000 0.70710677
vn -0.86602539 0.00000000 0.50000000
vn -0.86602539 0.00000000 0.50000000
vn -0.96592581 0.00000000 0.25881904
vn -0.96592581 0.00000000 0.25881904
vn -1 0.00000000 -0.00000000
vn -1 0.00000000 -0.00000000
vn -0.96592581 0.00000000 -0.25881904
vn -0.96592581 0.00000000 -0.25881904
vn -0.86602539 0.00000000 -0.50000000
vn -0.86602539 0.00000000 -0.50000000
vn -0.70710677 -0.00000000 -0.70710677
vn -0.70710677 -0.00000000 -0.70710677
vn -0.50000000 -0.00000000 -0.86602539
vn -0.50000000 -0.00000000 -0.86602539
vn -0.25881904 -0.00000000 -0.96592581
vn -0.25881904 -0.00000000 -0.96592581
vn -0.00000000 -0.00000000 -1
vn -0.00000000 -0.00000000 -1
vn 0.25881904 -0.00000000 -0.96592581
vn 0.25881904 -0.00000000 -0.96592581
vn 0.50000000 -0.00000000 -0.86602539
vn 0.50000000 -0.00000000 -0.86602539
vn 0.70710677 -0.00000000 -0.70710677
vn 0.70710677 -0.00000000 -0.70710677
vn 0.86602539 -0.00000000 -0.50000000
vn 0.86602539 -0.00000000 -0.50000000
vn 0.96592581 -0.00000000 -0.25881904
vn 0.96592581 -0.00000000 -0.25881904
vn 0.00000000 1 -0.00000000
vn 0.00000000 1 -0.00000000
vn 0.00000000 1 -0.00000000
vn 0.00000000 1 -0.00000000
vn 0.00000000 1 -0.00000000
vn 0.00000000 1 -0.00000000
vn 0.00000000 1 -0.00000000
vn 0.00000000 1 -0.00000000
vn 0.00000000 1 -0.00000000
vn 0.00000000 1 -0.00000000
vn 0.00000000 1 -0.00000000
vn 0.00000000 1 -0.00000000
vn 0.00000000 1 -0.00000000
vn 0.00000000 1 -0.00000000
vn 0.00000000 1 -0.00000000
vn 0.00000000 1 -0.00000000
vn 0.00000000 1 -0.00000000
vn 0.00000000 1 -0.00000000
vn 0.00000000 1 -0.00000000
vn 0.00000000 1 -0.00000000
vn 0.00000000 1 -0.00000000
vn 0.00000000 1 -0.00000000
vn 0.00000000 1 -0.00000000
vn 0.00000000 1 -0.00000000
vn 0.00000000 1 -0.00000000
f 129/385/385 130/386/386 131/387/387
f 131/387/387 132/388/388 129/385/385
f 132/388/388 133/389/389 129/385/385
f 133/389/389 134/390/390 129/385/385
f 134/390/390 135/391/391 129/385/385
f 135/391/391 136/392/392 129/385/385
f 136/392/392 137/393/393 129/385/385
f 137/393/393 138/394/394 129/385/385
f 138/394/394 139/395/395 129/385/385
f 139/395/395 140/396/396 129/385/385
f 140/396/396 141/397/397 129/385/385
f 141/397/397 142/398/398 129/385/385
f 142/398/398 143/399/399 129/385/385
f 143/399/399 144/400/400 129/385/385
f 144/400/400 145/401/401 129/385/385
f 145/401/401 146/402/402 129/385/385
f 146/402/402 147/403/403 129/385/385
f 147/403/403 148/404/404 129/385/385
f 148/404/404 149/405/405 129/385/385
f 149/405/405 150/406/406 129/385/385
f 150/406/406 151/407/407 129/385/385
f 151/407/407 152/408/408 129/385/385
f 152/408/408 153/409/409 129/385/385
f 153/409/409 130/386/386 129/385/385
f 135/410/410 154/411/411 155/412/412
f 136/413/413 155/412/412 156/414/414
f 137/415/415 156/414/414 157/416/416
f 138/417/417 157/416/416 158/418/418
f 139/419/419 158/418/418 159/420/420
f 140/421/421 159/420/420 160/422/422
f 141/423/423 160/422/422 161/424/424
f 142/425/425 161/424/424 162/426/426
f 143/427/427 162/426/426 163/428/428
f 144/429/429 163/428/428 164/430/430
f 145/431/431 164/430/430 165/432/432
f 146/433/433 165/432/432 166/434/434
f 147/435/435 166/434/434 167/436/436
f 148/437/437 167/436/436 168/438/438
f 149/439/439 168/438/438 169/440/440
f 150/441/441 169/440/440 170/442/442
f 151/443/443 170/442/442 171/444/444
f 152/445/445 171/444/444 172/446/446
f 153/447/447 172/446/446 173/448/448
f 130/449/449 173/448/448 174/450/450
f 131/451/451 174/450/450 175/452/452
f 132/453/453 175/452/452 176/454/454
f 133/455/455 176/454/454 177/456/456
f 134/457/457 177/456/456 154/411/411
f 154/411/411 135/410/410 134/457/457
f 177/456/456 134/457/457 133/455/455
f 176/454/454 133/455/455 132/453/453
f 175/452/452 132/453/453 131/451/451
f 174/450/450 131/451/451 130/449/449
f 173/448/448 130/449/449 153/447/447
f 172/446/446 153/447/447 152/445/445
f 171/444/444 152/445/445 151/443/443
f 170/442/442 151/443/443 150/441/441
f 169/440/440 150/441/441 149/439/439
f 168/438/438 149/439/439 148/437/437
f 167/436/436 148/437/437 147/435/435
f 166/434/434 147/435/435 146/433/433
f 165/432/432 146/433/433 145/431/431
f 164/430/430 145/431/431 144/429/429
f 163/428/428 144/429/429 143/427/427
f 162/426/426 143/427/427 142/425/425
f 161/424/424 142/425/425 141/423/423
f 160/422/422 141/423/423 140/421/421
f 159/420/420 140/421/421 139/419/419
f 158/418/418 139/419/419 138/417/417
f 157/416/416 138/417/417 137/415/415
f 156/414/414 137/415/415 136/413/413
f 155/412/412 136/413/413 135/410/410
f 178/458/458 159/459/459 158/460/460
f 158/460/460 157/461/461 178/458/458
f 157/461/461 156/462/462 178/458/458
f 156/462/462 155/463/463 178/458/458
f 155/463/463 154/464/464 178/458/458
f 154/464/464 177/465/465 178/458/458
f 177/465/465 176/466/466 178/458/458
f 176/466/466 175/467/467 178/458/458
f 175/467/467 174/468/468 178/458/458
f 174/468/468 173/469/469 178/458/458
f 173/469/469 172/470/470 178/458/458
f 172/470/470 171/471/471 178/458/458
f 171/471/471 170/472/472 178/458/458
f 170/472/472 169/473/473 178/458/458
f 169/473/473 168/474/474 178/458/458
f 168/474/474 167/475/475 178/458/458
f 167/475/475 166/476/476 178/458/458
f 166/476/476 165/477/477 178/458/458
f 165/477/477 164/478/478 178/458/458
f 164/478/478 163/479/479 178/458/458
f 163/479/479 162/480/480 178/458/458
f 162/480/480 161/481/481 178/458/458
f 161/481/481 160/482/482 178/458/458
f 160/482/482 159/459/459 178/458/458
o stlp.002
usemtl 55ffb0f7_b7db_4630_a0ae_b0f753bde56e
v 39.63486099 -300 -39.13195038
v 32.39041519 -300 -41.07309341
v 33.13967133 -300 -42.88195038
v 34.33155823 -300 -44.43524933
v 35.88486099 -300 -45.62714005
v 37.69371796 -300 -46.37639618
v 39.63486099 -300 -46.63195038
v 41.57600403 -300 -46.37639618
v 43.38485718 -300 -45.62714005
v 44.93816376 -300 -44.43524933
v 46.13005066 -300 -42.88195038
v 46.87930298 -300 -41.07309341
v 47.13486099 -300 -39.13195038
v 46.87930298 -300 -37.19080734
v 46.13005066 -300 -35.38195038
v 44.93816376 -300 -33.82864761
v 43.38485718 -300 -32.63675690
v 41.57600403 -300 -31.88750839
v 39.63486099 -300 -31.63195038
v 37.69371796 -300 -31.88750839
v 35.88486099 -300 -32.63675690
v 34.33155823 -300 -33.82864761
v 33.13967133 -300 -35.38195038
v 32.39041519 -300 -37.19080734
v 32.13486099 -300 -39.13195038
v 39.63486099 220 -46.63195038
v 41.57600403 220 -46.37639618
v 43.38485718 220 -45.62714005
v 44.93816376 220 -44.43524933
v 46.13005066 220 -42.88195038
v 46.87930298 220 -41.07309341
v 47.13486099 220 -39.13195038
v 46.87930298 220 -37.19080734
v 46.13005066 220 -35.38195038
v 44.93816376 220 -33.82864761
v 43.38485718 220 -32.63675690
v 41.57600403 220 -31.88750839
v 39.63486099 220 -31.63195038
v 37.69371796 220 -31.88750839
v 35.88486099 220 -32.63675690
v 34.33155823 220 -33.82864761
v 33.13967133 220 -35.38195038
v 32.39041519 220 -37.19080734
v 32.13486099 220 -39.13195038
v 32.39041519 220 -41.07309341
v 33.13967133 220 -42.88195038
v 34.33155823 220 -44.43524933
v 35.88486099 220 -45.62714005
v 37.69371796 220 -46.37639618
v 39.63486099 220 -39.13195038
vt 0.50000000 0.50000000
vt 0.02276392 0.62787503
vt 0.07212184 0.74703556
vt 0.15063894 0.84936106
vt 0.25296444 0.92787814
vt 0.37212497 0.97723609
vt 0.50000000 0.99407113
vt 0.62787503 0.97723609
vt 0.74703556 0.92787814
vt 0.84936106 0.84936106
vt 0.92787814 0.74703556
vt 0.97723609 0.62787503
vt 0.99407113 0.50000000
vt 0.97723609 0.37212497
vt 0.92787814 0.25296444
vt 0.84936106 0.15063894
vt 0.74703556 0.07212184
vt 0.62787503 0.02276392
vt 0.50000000 0.00592885
vt 0.37212497 0.02276392
vt 0.25296444 0.07212184
vt 0.15063894 0.15063894
vt 0.07212184 0.25296444
vt 0.02276392 0.37212497
vt 0.00592885 0.50000000
vt 0 1
vt 0 0
vt 0.04166667 0
vt 0.04166667 1
vt 0.08333334 0
vt 0.08333334 1
vt 0.12500000 0
vt 0.12500000 1
vt 0.16666667 0
vt 0.16666667 1
vt 0.20833333 0
vt 0.20833333 1
vt 0.25000000 0
vt 0.25000000 1
vt 0.29166666 0
vt 0.29166666 1
vt 0.33333334 0
vt 0.33333334 1
vt 0.37500000 0
vt 0.37500000 1
vt 0.41666666 0
vt 0.41666666 1
vt 0.45833334 0
vt 0.45833334 1
vt 0.50000000 0
vt 0.50000000 1
vt 0.54166669 0
vt 0.54166669 1
vt 0.58333331 0
vt 0.58333331 1
vt 0.62500000 0
vt 0.62500000 1
vt 0.66666669 0
vt 0.66666669 1
vt 0.70833331 0
vt 0.70833331 1
vt 0.75000000 0
vt 0.75000000 1
vt 0.79166669 0
vt 0.79166669 1
vt 0.83333331 0
vt 0.83333331 1
vt 0.87500000 0
vt 0.87500000 1
vt 0.91666669 0
vt 0.91666669 1
vt 0.95833331 0
vt 0.95833331 1
vt 0.50000000 0.50000000
vt 0.02276392 0.37212497
vt 0.07212184 0.25296444
vt 0.15063894 0.15063894
vt 0.25296444 0.07212184
vt 0.37212497 0.02276392
vt 0.50000000 0.00592885
vt 0.62787503 0.02276392
vt 0.74703556 0.07212184
vt 0.84936106 0.15063894
vt 0.92787814 0.25296444
vt 0.97723609 0.37212497
vt 0.99407113 0.50000000
vt 0.97723609 0.62787503
vt 0.92787814 0.74703556
vt 0.84936106 0.84936106
vt 0.74703556 0.92787814
vt 0.62787503 0.97723609
vt 0.50000000 0.99407113
vt 0.37212497 0.97723609
vt 0.25296444 0.92787814
vt 0.15063894 0.84936106
vt 0.07212184 0.74703556
vt 0.02276392 0.62787503
vt 0.00592885 0.50000000
vn 0 -1 0
vn 0 -1 0
vn 0 -1 0
vn 0 -1 0
vn 0 -1 0
vn 0 -1 0
vn 0 -1 0
vn 0 -1 0
vn 0 -1 0
vn 0 -1 0
vn 0 -1 0
vn 0 -1 0
vn 0 -1 0
vn 0 -1 0
vn 0 -1 0
vn 0 -1 0
vn 0 -1 0
vn 0 -1 0
vn 0 -1 0
vn 0 -1 0
vn 0 -1 0
vn 0 -1 0
vn 0 -1 0
vn 0 -1 0
vn 0 -1 0
vn 0 -0.00000000 -1
vn 0 -0.00000000 -1
vn 0.25881904 -0.00000000 -0.96592581
vn 0.25881904 -0.00000000 -0.96592581
vn 0.50000000 -0.00000000 -0.86602539
vn 0.50000000 -0.00000000 -0.86602539
vn 0.70710677 -0.00000000 -0.70710677
vn 0.70710677 -0.00000000 -0.70710677
vn 0.86602539 -0.00000000 -0.50000000
vn 0.86602539 -0.00000000 -0.50000000
vn 0.96592581 -0.00000000 -0.25881904
vn 0.96592581 -0.00000000 -0.25881904
vn 1 -0.00000000 -0.00000000
vn 1 -0.00000000 -0.00000000
vn 0.96592581 0.00000000 0.25881904
vn 0.96592581 0.00000000 0.25881904
vn 0.86602539 0.00000000 0.50000000
vn 0.86602539 0.00000000 0.50000000
vn 0.70710677 0.00000000 0.70710677
vn 0.70710677 0.00000000 0.70710677
vn 0.50000000 0.00000000 0.86602539
vn 0.50000000 0.00000000 0.86602539
vn 0.25881904 0.00000000 0.96592581
vn 0.25881904 0.00000000 0.96592581
vn 0.00000000 0.00000000 1
vn 0.00000000 0.00000000 1
vn -0.25881904 0.00000000 0.96592581
vn -0.25881904 0.00000000 0.96592581
vn -0.50000000 0.00000000 0.86602539
vn -0.50000000 0.00000000 0.86602539
vn -0.70710677 0.00000000 0.70710677
vn -0.70710677 0.00000000 0.70710677
vn -0.86602539 0.00000000 0.50000000
vn -0.86602539 0.00000000 0.50000000
vn -0.96592581 0.00000000 0.25881904
vn -0.96592581 0.00000000 0.25881904
vn -1 0.00000000 0.00000000
vn -1 0.00000000 0.00000000
vn -0.96592581 -0.00000000 -0.25881904
vn -0.96592581 -0.00000000 -0.25881904
vn -0.86602539 -0.00000000 -0.50000000
vn -0.86602539 -0.00000000 -0.50000000
vn -0.70710677 -0.00000000 -0.70710677
vn -0.70710677 -0.00000000 -0.70710677
vn -0.50000000 -0.00000000 -0.86602539
vn -0.50000000 -0.00000000 -0.86602539
vn -0.25881904 -0.00000000 -0.96592581
vn -0.25881904 -0.00000000 -0.96592581
vn 0 1 0
vn 0 1 0
vn 0 1 0
vn 0 1 0
vn 0 1 0
vn 0 1 0
vn 0 1 0
vn 0 1 0
vn 0 1 0
vn 0 1 0
vn 0 1 0
vn 0 1 0
vn 0 1 0
vn 0 1 0
vn 0 1 0
vn 0 1 0
vn 0 1 0
vn 0 1 0
vn 0 1 0
vn 0 1 0
vn 0 1 0
vn 0 1 0
vn 0 1 0
vn 0 1 0
vn 0 1 0
f 179/483/483 180/484/484 181/485/485
f 181/485/485 182/486/486 179/483/483
f 182/486/486 183/487/487 179/483/483
f 183/487/487 184/488/488 179/483/483
f 184/488/488 185/489/489 179/483/483
f 185/489/489 186/490/490 179/483/483
f 186/490/490 187/491/491 179/483/483
f 187/491/491 188/492/492 179/483/483
f 188/492/492 189/493/493 179/483/483
f 189/493/493 190/494/494 179/483/483
f 190/494/494 191/495/495 179/483/483
f 191/495/495 192/496/496 179/483/483
f 192/496/496 193/497/497 179/483/483
f 193/497/497 194/498/498 179/483/483
f 194/498/498 195/499/499 179/483/483
f 195/499/499 196/500/500 179/483/483
f 196/500/500 197/501/501 179/483/483
f 197/501/501 198/502/502 179/483/483
f 198/502/502 199/503/503 179/483/483
f 199/503/503 200/504/504 179/483/483
f 200/504/504 201/505/505 179/483/483
f 201/505/505 202/506/506 179/483/483
f 202/506/506 203/507/507 179/483/483
f 203/507/507 180/484/484 179/483/483
f 185/508/508 204/509/509 205/510/510
f 186/511/511 205/510/510 206/512/512
f 187/513/513 206/512/512 207/514/514
f 188/515/515 207/514/514 208/516/516
f 189/517/517 208/516/516 209/518/518
f 190/519/519 209/518/518 210/520/520
f 191/521/521 210/520/520 211/522/522
f 192/523/523 211/522/522 212/524/524
f 193/525/525 212/524/524 213/526/526
f 194/527/527 213/526/526 214/528/528
f 195/529/529 214/528/528 215/530/530
f 196/531/531 215/530/530 216/532/532
f 197/533/533 216/532/532 217/534/534
f 198/535/535 217/534/534 218/536/536
f 199/537/537 218/536/536 219/538/538
f 200/539/539 219/538/538 220/540/540
f 201/541/541 220/540/540 221/542/542
f 202/543/543 221/542/542 222/544/544
f 203/545/545 222/544/544 223/546/546
f 180/547/547 223/546/546 224/548/548
f 181/549/549 224/548/548 225/550/550
f 182/551/551 225/550/550 226/552/552
f 183/553/553 226/552/552 227/554/554
f 184/555/555 227/554/554 204/509/509
f 204/509/509 185/508/508 184/555/555
f 227/554/554 184/555/555 183/553/553
f 226/552/552 183/553/553 182/551/551
f 225/550/550 182/551/551 181/549/549
f 224/548/548 181/549/549 180/547/547
f 223/546/546 180/547/547 203/545/545
f 222/544/544 203/545/545 202/543/543
f 221/542/542 202/543/543 201/541/541
f 220/540/540 201/541/541 200/539/539
f 219/538/538 200/539/539 199/537/537
f 218/536/536 199/537/537 198/535/535
f 217/534/534 198/535/535 197/533/533
f 216/532/532 197/533/533 196/531/531
f 215/530/530 196/531/531 195/529/529
f 214/528/528 195/529/529 194/527/527
f 213/526/526 194/527/527 193/525/525
f 212/524/524 193/525/525 192/523/523
f 211/522/522 192/523/523 191/521/521
f 210/520/520 191/521/521 190/519/519
f 209/518/518 190/519/519 189/517/517
f 208/516/516 189/517/517 188/515/515
f 207/514/514 188/515/515 187/513/513
f 206/512/512 187/513/513 186/511/511
f 205/510/510 186/511/511 185/508/508
f 228/556/556 221/557/557 220/558/558
f 220/558/558 219/559/559 228/556/556
f 219/559/559 218/560/560 228/556/556
f 218/560/560 217/561/561 228/556/556
f 217/561/561 216/562/562 228/556/556
f 216/562/562 215/563/563 228/556/556
f 215/563/563 214/564/564 228/556/556
f 214/564/564 213/565/565 228/556/556
f 213/565/565 212/566/566 228/556/556
f 212/566/566 211/567/567 228/556/556
f 211/567/567 210/568/568 228/556/556
f 210/568/568 209/569/569 228/556/556
f 209/569/569 208/570/570 228/556/556
f 208/570/570 207/571/571 228/556/556
f 207/571/571 206/572/572 228/556/556
f 206/572/572 205/573/573 228/556/556
f 205/573/573 204/574/574 228/556/556
f 204/574/574 227/575/575 228/556/556
f 227/575/575 226/576/576 228/556/556
f 226/576/576 225/577/577 228/556/556
f 225/577/577 224/578/578 228/556/556
f 224/578/578 223/579/579 228/556/556
f 223/579/579 222/580/580 228/556/556
f 222/580/580 221/557/557 228/556/556
o stlp.003
usemtl 55ffb0f7_b7db_4630_a0ae_b0f753bde56e
v -145.36514282 -300 145.86805725
v -138.12069702 -300 147.80918884
v -138.86994934 -300 149.61805725
v -140.06184387 -300 151.17135620
v -141.61514282 -300 152.36323547
v -143.42399597 -300 153.11248779
v -145.36514282 -300 153.36804199
v -147.30628967 -300 153.11248779
v -149.11514282 -300 152.36323547
v -150.66844177 -300 151.17135620
v -151.86033630 -300 149.61805725
v -152.60958862 -300 147.80918884
v -152.86514282 -300 145.86805725
v -152.60958862 -300 143.92691040
v -151.86033630 -300 142.11804199
v -150.66844177 -300 140.56475830
v -149.11514282 -300 139.37286377
v -147.30628967 -300 138.62361145
v -145.36514282 -300 138.36804199
v -143.42399597 -300 138.62361145
v -141.61514282 -300 139.37286377
v -140.06184387 -300 140.56475830
v -138.86994934 -300 142.11804199
v -138.12069702 -300 143.92691040
v -137.86514282 -300 145.86805725
v -145.36514282 220 153.36804199
v -147.30628967 220 153.11248779
v -149.11514282 220 152.36323547
v -150.66844177 220 151.17135620
v -151.86033630 220 149.61805725
v -152.60958862 220 147.80918884
v -152.86514282 220 145.86805725
v -152.60958862 220 143.92691040
v -151.86033630 220 142.11804199
v -150.66844177 220 140.56475830
v -149.11514282 220 139.37286377
v -147.30628967 220 138.62361145
v -145.36514282 220 138.36804199
v -143.42399597 220 138.62361145
v -141.61514282 220 139.37286377
v -140.06184387 220 140.56475830
v -138.86994934 220 142.11804199
v -138.12069702 220 143.92691040
v -137.86514282 220 145.86805725
v -138.12069702 220 147.80918884
v -138.86994934 220 149.61805725
v -140.06184387 220 151.17135620
v -141.61514282 220 152.36323547
v -143.42399597 220 153.11248779
v -145.36514282 220 145.86805725
vt 0.50000000 0.50000000
vt 0.02276392 0.62787503
vt 0.07212184 0.74703556
vt 0.15063894 0.84936106
vt 0.25296444 0.92787814
vt 0.37212497 0.97723609
vt 0.50000000 0.99407113
vt 0.62787503 0.97723609
vt 0.74703556 0.92787814
vt 0.84936106 0.84936106
vt 0.92787814 0.74703556
vt 0.97723609 0.62787503
vt 0.99407113 0.50000000
vt 0.97723609 0.37212497
vt 0.92787814 0.25296444
vt 0.84936106 0.15063894
vt 0.74703556 0.07212184
vt 0.62787503 0.02276392
vt 0.50000000 0.00592885
vt 0.37212497 0.02276392
vt 0.25296444 0.07212184
vt 0.15063894 0.15063894
vt 0.07212184 0.25296444
vt 0.02276392 0.37212497
vt 0.00592885 0.50000000
vt 0 1
vt 0 0
vt 0.04166667 0
vt 0.04166667 1
vt 0.08333334 0
vt 0.08333334 1
vt 0.12500000 0
vt 0.12500000 1
vt 0.16666667 0
vt 0.16666667 1
vt 0.20833333 0
vt 0.20833333 1
vt 0.25000000 0
vt 0.25000000 1
vt 0.29166666 0
vt 0.29166666 1
vt 0.33333334 0
vt 0.33333334 1
vt 0.37500000 0
vt 0.37500000 1
vt 0.41666666 0
vt 0.41666666 1
vt 0.45833334 0
vt 0.45833334 1
vt 0.50000000 0
vt 0.50000000 1
vt 0.54166669 0
vt 0.54166669 1
vt 0.58333331 0
vt 0.58333331 1
vt 0.62500000 0
vt 0.62500000 1
vt 0.66666669 0
vt 0.66666669 1
vt 0.70833331 0
vt 0.70833331 1
vt 0.75000000 0
vt 0.75000000 1
vt 0.79166669 0
vt 0.79166669 1
vt 0.83333331 0
vt 0.83333331 1
vt 0.87500000 0
vt 0.87500000 1
vt 0.91666669 0
vt 0.91666669 1
vt 0.95833331 0
vt 0.95833331 1
vt 0.50000000 0.50000000
vt 0.02276392 0.37212497
vt 0.07212184 0.25296444
vt 0.15063894 0.15063894
vt 0.25296444 0.07212184
vt 0.37212497 0.02276392
vt 0.50000000 0.00592885
vt 0.62787503 0.02276392
vt 0.74703556 0.07212184
vt 0.84936106 0.15063894
vt 0.92787814 0.25296444
vt 0.97723609 0.37212497
vt 0.99407113 0.50000000
vt 0.97723609 0.62787503
vt 0.92787814 0.74703556
vt 0.84936106 0.84936106
vt 0.74703556 0.92787814
vt 0.62787503 0.97723609
vt 0.50000000 0.99407113
vt 0.37212497 0.97723609
vt 0.25296444 0.92787814
vt 0.15063894 0.84936106
vt 0.07212184 0.74703556
vt 0.02276392 0.62787503
vt 0.00592885 0.50000000
vn -0.00000000 -1 0.00000000
vn -0.00000000 -1 0.00000000
vn -0.00000000 -1 0.00000000
vn -0.00000000 -1 0.00000000
vn -0.00000000 -1 0.00000000
vn -0.00000000 -1 0.00000000
vn -0.00000000 -1 0.00000000
vn -0.00000000 -1 0.00000000
vn -0.00000000 -1 0.00000000
vn -0.00000000 -1 0.00000000
vn -0.00000000 -1 0.00000000
vn -0.00000000 -1 0.00000000
vn -0.00000000 -1 0.00000000
vn -0.00000000 -1 0.00000000
vn -0.00000000 -1 0.00000000
vn -0.00000000 -1 0.00000000
vn -0.00000000 -1 0.00000000
vn -0.00000000 -1 0.00000000
vn -0.00000000 -1 0.00000000
vn -0.00000000 -1 0.00000000
vn -0.00000000 -1 0.00000000
vn -0.00000000 -1 0.00000000
vn -0.00000000 -1 0.00000000
vn -0.00000000 -1 0.00000000
vn -0.00000000 -1 0.00000000
vn -0.00000000 0.00000000 1
vn -0.00000000 0.00000000 1
vn -0.25881904 0.00000000 0.96592581
vn -0.25881904 0.00000000 0.96592581
vn -0.50000000 0.00000000 0.86602539
vn -0.50000000 0.00000000 0.86602539
vn -0.70710677 0.00000000 0.70710677
vn -0.70710677 0.00000000 0.70710677
vn -0.86602539 0.00000000 0.50000000
vn -0.86602539 0.00000000 0.50000000
vn -0.96592581 0.00000000 0.25881904
vn -0.96592581 0.00000000 0.25881904
vn -1 0.00000000 0.00000000
vn -1 0.00000000 0.00000000
vn -0.96592581 0.00000000 -0.25881904
vn -0.96592581 0.00000000 -0.25881904
vn -0.86602539 0.00000000 -0.50000000
vn -0.86602539 0.00000000 -0.50000000
vn -0.70710677 0.00000000 -0.70710677
vn -0.70710677 0.00000000 -0.70710677
vn -0.50000000 0.00000000 -0.86602539
vn -0.50000000 0.00000000 -0.86602539
vn -0.25881904 0.00000000 -0.96592581
vn -0.25881904 0.00000000 -0.96592581
vn -0.00000000 -0.00000000 -1
vn -0.00000000 -0.00000000 -1
vn 0.25881904 -0.00000000 -0.96592581
vn 0.25881904 -0.00000000 -0.96592581
vn 0.50000000 -0.00000000 -0.86602539
vn 0.50000000 -0.00000000 -0.86602539
vn 0.70710677 -0.00000000 -0.70710677
vn 0.70710677 -0.00000000 -0.70710677
vn 0.86602539 -0.00000000 -0.50000000
vn 0.86602539 -0.00000000 -0.50000000
vn 0.96592581 -0.00000000 -0.25881904
vn 0.96592581 -0.00000000 -0.25881904
vn 1 -0.00000000 -0.00000000
vn 1 -0.00000000 -0.00000000
vn 0.96592581 -0.00000000 0.25881904
vn 0.96592581 -0.00000000 0.25881904
vn 0.86602539 -0.00000000 0.50000000
vn 0.86602539 -0.00000000 0.50000000
vn 0.70710677 -0.00000000 0.70710677
vn 0.70710677 -0.00000000 0.70710677
vn 0.50000000 -0.00000000 0.86602539
vn 0.50000000 -0.00000000 0.86602539
vn 0.25881904 -0.00000000 0.96592581
vn 0.25881904 -0.00000000 0.96592581
vn 0.00000000 1 -0.00000000
vn 0.00000000 1 -0.00000000
vn 0.00000000 1 -0.00000000
vn 0.00000000 1 -0.00000000
vn 0.00000000 1 -0.00000000
vn 0.00000000 1 -0.00000000
vn 0.00000000 1 -0.00000000
vn 0.00000000 1 -0.00000000
vn 0.00000000 1 -0.00000000
vn 0.00000000 1 -0.00000000
vn 0.00000000 1 -0.00000000
vn 0.00000000 1 -0.00000000
vn 0.00000000 1 -0.00000000
vn 0.00000000 1 -0.00000000
vn 0.00000000 1 -0.00000000
vn 0.00000000 1 -0.00000000
vn 0.00000000 1 -0.00000000
vn 0.00000000 1 -0.00000000
vn 0.00000000 1 -0.00000000
vn 0.00000000 1 -0.00000000
vn 0.00000000 1 -0.00000000
vn 0.00000000 1 -0.00000000
vn 0.00000000 1 -0.00000000
vn 0.00000000 1 -0.00000000
vn 0.00000000 1 -0.00000000
f 229/581/581 230/582/582 231/583/583
f 231/583/583 232/584/584 229/581/581
f 232/584/584 233/585/585 229/581/581
f 233/585/585 234/586/586 229/581/581
f 234/586/586 235/587/587 229/581/581
f 235/587/587 236/588/588 229/581/581
f 236/588/588 237/589/589 229/581/581
f 237/589/589 238/590/590 229/581/581
f 238/590/590 239/591/591 229/581/581
f 239/591/591 240/592/592 229/581/581
f 240/592/592 241/593/593 229/581/581
f 241/593/593 242/594/594 229/581/581
f 242/594/594 243/595/595 229/581/581
f 243/595/595 244/596/596 229/581/581
f 244/596/596 245/597/597 229/581/581
f 245/597/597 246/598/598 229/581/581
f 246/598/598 247/599/599 229/581/581
f 247/599/599 248/600/600 229/581/581
f 248/600/600 249/601/601 229/581/581
f 249/601/601 250/602/602 229/581/581
f 250/602/602 251/603/603 229/581/581
f 251/603/603 252/604/604 229/581/581
f 252/604/604 253/605/605 229/581/581
f 253/605/605 230/582/582 229/581/581
f 235/606/606 254/607/607 255/608/608
f 236/609/609 255/608/608 256/610/610
f 237/611/611 256/610/610 257/612/612
f 238/613/613 257/612/612 258/614/614
f 239/615/615 258/614/614 259/616/616
f 240/617/617 259/616/616 260/618/618
f 241/619/619 260/618/618 261/620/620
f 242/621/621 261/620/620 262/622/622
f 243/623/623 262/622/622 263/624/624
f 244/625/625 263/624/624 264/626/626
f 245/627/627 264/626/626 265/628/628
f 246/629/629 265/628/628 266/630/630
f 247/631/631 266/630/630 267/632/632
f 248/633/633 267/632/632 268/634/634
f 249/635/635 268/634/634 269/636/636
f 250/637/637 269/636/636 270/638/638
f 251/639/639 270/638/638 271/640/640
f 252/641/641 271/640/640 272/642/642
f 253/643/643 272/642/642 273/644/644
f 230/645/645 273/644/644 274/646/646
f 231/647/647 274/646/646 275/648/648
f 232/649/649 275/648/648 276/650/650
f 233/651/651 276/650/650 277/652/652
f 234/653/653 277/652/652 254/607/607
f 254/607/607 235/606/606 234/653/653
f 277/652/652 234/653/653 233/651/651
f 276/650/650 233/651/651 232/649/649
f 275/648/648 232/649/649 231/647/647
f 274/646/646 231/647/647 230/645/645
f 273/644/644 230/645/645 253/643/643
f 272/642/642 253/643/643 252/641/641
f 271/640/640 252/641/641 251/639/639
f 270/638/638 251/639/639 250/637/637
f 269/636/636 250/637/637 249/635/635
f 268/634/634 249/635/635 248/633/633
f 267/632/632 248/633/633 247/631/631
f 266/630/630 247/631/631 246/629/629
f 265/628/628 246/629/629 245/627/627
f 264/626/626 245/627/627 244/625/625
f 263/624/624 244/625/625 243/623/623
f 262/622/622 243/623/623 242/621/621
f 261/620/620 242/621/621 241/619/619
f 260/618/618 241/619/619 240/617/617
f 259/616/616 240/617/617 239/615/615
f 258/614/614 239/615/615 238/613/613
f 257/612/612 238/613/613 237/611/611
f 256/610/610 237/611/611 236/609/609
f 255/608/608 236/609/609 235/606/606
f 278/654/654 271/655/655 270/656/656
f 270/656/656 269/657/657 278/654/654
f 269/657/657 268/658/658 278/654/654
f 268/658/658 267/659/659 278/654/654
f 267/659/659 266/660/660 278/654/654
f 266/660/660 265/661/661 278/654/654
f 265/661/661 264/662/662 278/654/654
f 264/662/662 263/663/663 278/654/654
f 263/663/663 262/664/664 278/654/654
f 262/664/664 261/665/665 278/654/654
f 261/665/665 260/666/666 278/654/654
f 260/666/666 259/667/667 278/654/654
f 259/667/667 258/668/668 278/654/654
f 258/668/668 257/669/669 278/654/654
f 257/669/669 256/670/670 278/654/654
f 256/670/670 255/671/671 278/654/654
f 255/671/671 254/672/672 278/654/654
f 254/672/672 277/673/673 278/654/654
f 277/673/673 276/674/674 278/654/654
f 276/674/674 275/675/675 278/654/654
f 275/675/675 274/676/676 278/654/654
f 274/676/676 273/677/677 278/654/654
f 273/677/677 272/678/678 278/654/654
f 272/678/678 271/655/655 278/654/654
o stlp.004
usemtl 55ffb0f7_b7db_4630_a0ae_b0f753bde56e
v -145.36514282 -300 -39.13195038
v -147.30628967 -300 -31.88750839
v -149.11514282 -300 -32.63675690
v -150.66844177 -300 -33.82864761
v -151.86033630 -300 -35.38195038
v -152.60958862 -300 -37.19080734
v -152.86514282 -300 -39.13195038
v -152.60958862 -300 -41.07309341
v -151.86033630 -300 -42.88195038
v -150.66844177 -300 -44.43524933
v -149.11514282 -300 -45.62714005
v -147.30628967 -300 -46.37639618
v -145.36514282 -300 -46.63195038
v -143.42399597 -300 -46.37639618
v -141.61514282 -300 -45.62714005
v -140.06184387 -300 -44.43524933
v -138.86994934 -300 -42.88195038
v -138.12069702 -300 -41.07309341
v -137.86514282 -300 -39.13195038
v -138.12069702 -300 -37.19080734
v -138.86994934 -300 -35.38195038
v -140.06184387 -300 -33.82864761
v -141.61514282 -300 -32.63675690
v -143.42399597 -300 -31.88750839
v -145.36514282 -300 -31.63195038
v -152.86514282 220 -39.13195038
v -152.60958862 220 -41.07309341
v -151.86033630 220 -42.88195038
v -150.66844177 220 -44.43524933
v -149.11514282 220 -45.62714005
v -147.30628967 220 -46.37639618
v -145.36514282 220 -46.63195038
v -143.42399597 220 -46.37639618
v -141.61514282 220 -45.62714005
v -140.06184387 220 -44.43524933
v -138.86994934 220 -42.88195038
v -138.12069702 220 -41.07309341
v -137.86514282 220 -39.13195038
v -138.12069702 220 -37.19080734
v -138.86994934 220 -35.38195038
v -140.06184387 220 -33.82864761
v -141.61514282 220 -32.63675690
v -143.42399597 220 -31.88750839
v -145.36514282 220 -31.63195038
v -147.30628967 220 -31.88750839
v -149.11514282 220 -32.63675690
v -150.66844177 220 -33.82864761
v -151.86033630 220 -35.38195038
v -152.60958862 220 -37.19080734
v -145.36514282 220 -39.13195038
vt 0.50000000 0.50000000
vt 0.02276392 0.62787503
vt 0.07212184 0.74703556
vt 0.15063894 0.84936106
vt 0.25296444 0.92787814
vt 0.37212497 0.97723609
vt 0.50000000 0.99407113
vt 0.62787503 0.97723609
vt 0.74703556 0.92787814
vt 0.84936106 0.84936106
vt 0.92787814 0.74703556
vt 0.97723609 0.62787503
vt 0.99407113 0.50000000
vt 0.97723609 0.37212497
vt 0.92787814 0.25296444
vt 0.84936106 0.15063894
vt 0.74703556 0.07212184
vt 0.62787503 0.02276392
vt 0.50000000 0.00592885
vt 0.37212497 0.02276392
vt 0.25296444 0.07212184
vt 0.15063894 0.15063894
vt 0.07212184 0.25296444
vt 0.02276392 0.37212497
vt 0.00592885 0.50000000
vt 0 1
vt 0 0
vt 0.04166667 0
vt 0.04166667 1
vt 0.08333334 0
vt 0.08333334 1
vt 0.12500000 0
vt 0.12500000 1
vt 0.16666667 0
vt 0.16666667 1
vt 0.20833333 0
vt 0.20833333 1
vt 0.25000000 0
vt 0.25000000 1
vt 0.29166666 0
vt 0.29166666 1
vt 0.33333334 0
vt 0.33333334 1
vt 0.37500000 0
vt 0.37500000 1
vt 0.41666666 0
vt 0.41666666 1
vt 0.45833334 0
vt 0.45833334 1
vt 0.50000000 0
vt 0.50000000 1
vt 0.54166669 0
vt 0.54166669 1
vt 0.58333331 0
vt 0.58333331 1
vt 0.62500000 0
vt 0.62500000 1
vt 0.66666669 0
vt 0.66666669 1
vt 0.70833331 0
vt 0.70833331 1
vt 0.75000000 0
vt 0.75000000 1
vt 0.79166669 0
vt 0.79166669 1
vt 0.83333331 0
vt 0.83333331 1
vt 0.87500000 0
vt 0.87500000 1
vt 0.91666669 0
vt 0.91666669 1
vt 0.95833331 0
vt 0.95833331 1
vt 0.50000000 0.50000000
vt 0.02276392 0.37212497
vt 0.07212184 0.25296444
vt 0.15063894 0.15063894
vt 0.25296444 0.07212184
vt 0.37212497 0.02276392
vt 0.50000000 0.00592885
vt 0.62787503 0.02276392
vt 0.74703556 0.07212184
vt 0.84936106 0.15063894
vt 0.92787814 0.25296444
vt 0.97723609 0.37212497
vt 0.99407113 0.50000000
vt 0.97723609 0.62787503
vt 0.92787814 0.74703556
vt 0.84936106 0.84936106
vt 0.74703556 0.92787814
vt 0.62787503 0.97723609
vt 0.50000000 0.99407113
vt 0.37212497 0.97723609
vt 0.25296444 0.92787814
vt 0.15063894 0.84936106
vt 0.07212184 0.74703556
vt 0.02276392 0.62787503
vt 0.00592885 0.50000000
vn -0.00000000 -1 -0.00000000
vn -0.00000000 -1 -0.00000000
vn -0.00000000 -1 -0.00000000
vn -0.00000000 -1 -0.00000000
vn -0.00000000 -1 -0.00000000
vn -0.00000000 -1 -0.00000000
vn -0.00000000 -1 -0.00000000
vn -0.00000000 -1 -0.00000000
vn -0.00000000 -1 -0.00000000
vn -0.00000000 -1 -0.00000000
vn -0.00000000 -1 -0.00000000
vn -0.00000000 -1 -0.00000000
vn -0.00000000 -1 -0.00000000
vn -0.00000000 -1 -0.00000000
vn -0.00000000 -1 -0.00000000
vn -0.00000000 -1 -0.00000000
vn -0.00000000 -1 -0.00000000
vn -0.00000000 -1 -0.00000000
vn -0.00000000 -1 -0.00000000
vn -0.00000000 -1 -0.00000000
vn -0.00000000 -1 -0.00000000
vn -0.00000000 -1 -0.00000000
vn -0.00000000 -1 -0.00000000
vn -0.00000000 -1 -0.00000000
vn -0.00000000 -1 -0.00000000
vn -1 0.00000000 -0.00000000
vn -1 0.00000000 -0.00000000
vn -0.96592581 0.00000000 -0.25881904
vn -0.96592581 0.00000000 -0.25881904
vn -0.86602539 0.00000000 -0.50000000
vn -0.86602539 0.00000000 -0.50000000
vn -0.70710677 0.00000000 -0.70710677
vn -0.70710677 0.00000000 -0.70710677
vn -0.50000000 0.00000000 -0.86602539
vn -0.50000000 0.00000000 -0.86602539
vn -0.25881904 0.00000000 -0.96592581
vn -0.25881904 0.00000000 -0.96592581
vn 0.00000000 0.00000000 -1
vn 0.00000000 0.00000000 -1
vn 0.25881904 0.00000000 -0.96592581
vn 0.25881904 0.00000000 -0.96592581
vn 0.50000000 0.00000000 -0.86602539
vn 0.50000000 0.00000000 -0.86602539
vn 0.70710677 -0.00000000 -0.70710677
vn 0.70710677 -0.00000000 -0.70710677
vn 0.86602539 -0.00000000 -0.50000000
vn 0.86602539 -0.00000000 -0.50000000
vn 0.96592581 -0.00000000 -0.25881904
vn 0.96592581 -0.00000000 -0.25881904
vn 1 -0.00000000 -0.00000000
vn 1 -0.00000000 -0.00000000
vn 0.96592581 -0.00000000 0.25881904
vn 0.96592581 -0.00000000 0.25881904
vn 0.86602539 -0.00000000 0.50000000
vn 0.86602539 -0.00000000 0.50000000
vn 0.70710677 -0.00000000 0.70710677
vn 0.70710677 -0.00000000 0.70710677
vn 0.50000000 -0.00000000 0.86602539
vn 0.50000000 -0.00000000 0.86602539
vn 0.25881904 -0.00000000 0.96592581
vn 0.25881904 -0.00000000 0.96592581
vn 0.00000000 -0.00000000 1
vn 0.00000000 -0.00000000 1
vn -0.25881904 -0.00000000 0.96592581
vn -0.25881904 -0.00000000 0.96592581
vn -0.50000000 -0.00000000 0.86602539
vn -0.50000000 -0.00000000 0.86602539
vn -0.70710677 0.00000000 0.70710677
vn -0.70710677 0.00000000 0.70710677
vn -0.86602539 0.00000000 0.50000000
vn -0.86602539 0.00000000 0.50000000
vn -0.96592581 0.00000000 0.25881904
vn -0.96592581 0.00000000 0.25881904
vn 0.00000000 1 0.00000000
vn 0.00000000 1 0.00000000
vn 0.00000000 1 0.00000000
vn 0.00000000 1 0.00000000
vn 0.00000000 1 0.00000000
vn 0.00000000 1 0.00000000
vn 0.00000000 1 0.00000000
vn 0.00000000 1 0.00000000
vn 0.00000000 1 0.00000000
vn 0.00000000 1 0.00000000
vn 0.00000000 1 0.00000000
vn 0.00000000 1 0.00000000
vn 0.00000000 1 0.00000000
vn 0.00000000 1 0.00000000
vn 0.00000000 1 0.00000000
vn 0.00000000 1 0.00000000
vn 0.00000000 1 0.00000000
vn 0.00000000 1 0.00000000
vn 0.00000000 1 0.00000000
vn 0.00000000 1 0.00000000
vn 0.00000000 1 0.00000000
vn 0.00000000 1 0.00000000
vn 0.00000000 1 0.00000000
vn 0.00000000 1 0.00000000
vn 0.00000000 1 0.00000000
f 279/679/679 280/680/680 281/681/681
f 281/681/681 282/682/682 279/679/679
f 282/682/682 283/683/683 279/679/679
f 283/683/683 284/684/684 279/679/679
f 284/684/684 285/685/685 279/679/679
f 285/685/685 286/686/686 279/679/679
f 286/686/686 287/687/687 279/679/679
f 287/687/687 288/688/688 279/679/679
f 288/688/688 289/689/689 279/679/679
f 289/689/689 290/690/690 279/679/679
f 290/690/690 291/691/691 279/679/679
f 291/691/691 292/692/692 279/679/679
f 292/692/692 293/693/693 279/679/679
f 293/693/693 294/694/694 279/679/679
f 294/694/694 295/695/695 279/679/679
f 295/695/695 296/696/696 279/679/679
f 296/696/696 297/697/697 279/679/679
f 297/697/697 298/698/698 279/679/679
f 298/698/698 299/699/699 279/679/679
f 299/699/699 300/700/700 279/679/679
f 300/700/700 301/701/701 279/679/679
f 301/701/701 302/702/702 279/679/679
f 302/702/702 303/703/703 279/679/679
f 303/703/703 280/680/680 279/679/679
f 285/704/704 304/705/705 305/706/706
f 286/707/707 305/706/706 306/708/708
f 287/709/709 306/708/708 307/710/710
f 288/711/711 307/710/710 308/712/712
f 289/713/713 308/712/712 309/714/714
f 290/715/715 309/714/714 310/716/716
f 291/717/717 310/716/716 311/718/718
f 292/719/719 311/718/718 312/720/720
f 293/721/721 312/720/720 313/722/722
f 294/723/723 313/722/722 314/724/724
f 295/725/725 314/724/724 315/726/726
f 296/727/727 315/726/726 316/728/728
f 297/729/729 316/728/728 317/730/730
f 298/731/731 317/730/730 318/732/732
f 299/733/733 318/732/732 319/734/734
f 300/735/735 319/734/734 320/736/736
f 301/737/737 320/736/736 321/738/738
f 302/739/739 321/738/738 322/740/740
f 303/741/741 322/740/740 323/742/742
f 280/743/743 323/742/742 324/744/744
f 281/745/745 324/744/744 325/746/746
f 282/747/747 325/746/746 326/748/748
f 283/749/749 326/748/748 327/750/750
f 284/751/751 327/750/750 304/705/705
f 304/705/705 285/704/704 284/751/751
f 327/750/750 284/751/751 283/749/749
f 326/748/748 283/749/749 282/747/747
f 325/746/746 282/747/747 281/745/745
f 324/744/744 281/745/745 280/743/743
f 323/742/742 280/743/743 303/741/741
f 322/740/740 303/741/741 302/739/739
f 321/738/738 302/739/739 301/737/737
f 320/736/736 301/737/737 300/735/735
f 319/734/734 300/735/735 299/733/733
f 318/732/732 299/733/733 298/731/731
f 317/730/730 298/731/731 297/729/729
f 316/728/728 297/729/729 296/727/727
f 315/726/726 296/727/727 295/725/725
f 314/724/724 295/725/725 294/723/723
f 313/722/722 294/723/723 293/721/721
f 312/720/720 293/721/721 292/719/719
f 311/718/718 292/719/719 291/717/717
f 310/716/716 291/717/717 290/715/715
f 309/714/714 290/715/715 289/713/713
f 308/712/712 289/713/713 288/711/711
f 307/710/710 288/711/711 287/709/709
f 306/708/708 287/709/709 286/707/707
f 305/706/706 286/707/707 285/704/704
f 328/752/752 321/753/753 320/754/754
f 320/754/754 319/755/755 328/752/752
f 319/755/755 318/756/756 328/752/752
f 318/756/756 317/757/757 328/752/752
f 317/757/757 316/758/758 328/752/752
f 316/758/758 315/759/759 328/752/752
f 315/759/759 314/760/760 328/752/752
f 314/760/760 313/761/761 328/752/752
f 313/761/761 312/762/762 328/752/752
f 312/762/762 311/763/763 328/752/752
f 311/763/763 310/764/764 328/752/752
f 310/764/764 309/765/765 328/752/752
f 309/765/765 308/766/766 328/752/752
f 308/766/766 307/767/767 328/752/752
f 307/767/767 306/768/768 328/752/752
f 306/768/768 305/769/769 328/752/752
f 305/769/769 304/770/770 328/752/752
f 304/770/770 327/771/771 328/752/752
f 327/771/771 326/772/772 328/752/752
f 326/772/772 325/773/773 328/752/752
f 325/773/773 324/774/774 328/752/752
f 324/774/774 323/775/775 328/752/752
f 323/775/775 322/776/776 328/752/752
f 322/776/776 321/753/753 328/752/752
o Box.001
usemtl 119d7265_196f_4f05_9709_398cd27d1560
v -157.86514282 200 128.36804199
v -157.86514282 200 138.36804199
v -157.86514282 209.99998474 138.36804199
v -157.86514282 209.99998474 128.36804199
v -137.86514282 200 138.36804199
v -137.86514282 209.99998474 138.36804199
v -137.86514282 209.99998474 128.36804199
v -137.86514282 200 128.36804199
vt 1 1
vt 0 1
vt 0 0
vt 1 0
vt 1 0
vt 1 1
vt 0 1
vt 0 0.00000000
vt 0 0.00000000
vt 1 0
vt 1 1
vt 0 1
vt 0 1
vt 0 0
vt 1 0.00000000
vt 1 1
vt 1 1
vt 0.00000000 1
vt 0 0.00000000
vt 1 0
vt 1 1
vt 1 0
vt 0 0.00000000
vt 0 1
vn -1 -0.00000000 0.00000000
vn -1 -0.00000000 0.00000000
vn -1 -0.00000000 0.00000000
vn -1 -0.00000000 0.00000000
vn 0.00000000 0 1
vn 0.00000000 0 1
vn 0.00000000 0 1
vn 0.00000000 0 1
vn -0.00000000 0 -1
vn -0.00000000 0 -1
vn -0.00000000 0 -1
vn -0.00000000 0 -1
vn 0.00000000 -1 -0.00000000
vn 0.00000000 -1 -0.00000000
vn 0.00000000 -1 -0.00000000
vn 0.00000000 -1 -0.00000000
vn -0.00000000 1 0.00000000
vn -0.00000000 1 0.00000000
vn -0.00000000 1 0.00000000
vn -0.00000000 1 0.00000000
vn 1 0 0
vn 1 0 0
vn 1 0 0
vn 1 0 0
f 329/777/777 330/778/778 331/779/779
f 331/779/779 332/780/780 329/777/777
f 331/781/781 330/782/782 333/783/783
f 333/783/783 334/784/784 331/781/781
f 332/785/785 335/786/786 336/787/787
f 336/787/787 329/788/788 332/785/785
f 330/789/789 329/790/790 336/791/791
f 336/791/791 333/792/792 330/789/789
f 331/793/793 334/794/794 335/795/795
f 335/795/795 332/796/796 331/793/793
f 336/797/797 335/798/798 334/799/799
f 334/799/799 333/800/800 336/797/797
o Solid.001
usemtl 119d7265_196f_4f05_9709_398cd27d1560
v -127.86513519 209.99998474 158.36805725
v -137.86514282 209.99998474 158.36805725
v -137.86514282 200 158.36805725
v -127.86513519 200 158.36805725
v -127.86513519 200 138.36804199
v -127.86513519 209.99998474 138.36804199
v -137.86514282 209.99998474 138.36804199
v -137.86514282 200 138.36804199
vt 0 0
vt 1 0
vt 1 1
vt 0 1
vt 1 1
vt 0 1
vt 0 0.00000000
vt 1 0
vt 0 1
vt 0 0
vt 1 0.00000000
vt 1 1
vt 1 0
vt 1 1
vt 0 1
vt 0 0
vt 0 0
vt 1 0
vt 1 1
vt 0 1
vt 0 0.00000000
vt 0.00000000 1
vt 1 1
vt 1 0
vn 0 0.00000000 1
vn 0 0.00000000 1
vn 0 0.00000000 1
vn 0 0.00000000 1
vn 1 0 0
vn 1 0 0
vn 1 0 0
vn 1 0 0
vn -1 0 0
vn -1 0 0
vn -1 0 0
vn -1 0 0
vn 0 -1 0.00000000
vn 0 -1 0.00000000
vn 0 -1 0.00000000
vn 0 -1 0.00000000
vn 0 1 -0.00000000
vn 0 1 -0.00000000
vn 0 1 -0.00000000
vn 0 1 -0.00000000
vn -0.00000000 0 -1
vn -0.00000000 0 -1
vn -0.00000000 0 -1
vn -0.00000000 0 -1
f 337/801/801 338/802/802 339/803/803
f 339/803/803 340/804/804 337/801/801
f 340/805/805 341/806/806 342/807/807
f 342/807/807 337/808/808 340/805/805
f 339/809/809 338/810/810 343/811/811
f 343/811/811 344/812/812 339/809/809
f 340/813/813 339/814/814 344/815/815
f 344/815/815 341/816/816 340/813/813
f 337/817/817 342/818/818 343/819/819
f 343/819/819 338/820/820 337/817/817
f 342/821/821 341/822/822 344/823/823
f 344/823/823 343/824/824 342/821/821
o Solid.002
usemtl 119d7265_196f_4f05_9709_398cd27d1560
v -137.86514282 209.99998474 138.36804199
v -127.86513519 209.99998474 138.36804199
v -127.86513519 209.99998474 128.36804199
v -137.86514282 209.99998474 128.36804199
v -137.86514282 200 128.36804199
v -127.86513519 200 128.36804199
v -127.86513519 200 138.36804199
v -137.86514282 200 138.36804199
vt 1 1
vt 0.00000000 1
vt 0 0.00000000
vt 1 0
vt 0 1
vt 0 0
vt 1 0.00000000
vt 1 1
vt 1 1
vt 0 1
vt 0.00000000 0
vt 1 0.00000000
vt 1 0
vt 1 1
vt 0.00000000 1
vt 0 0.00000000
vt 0 0.00000000
vt 1 0
vt 1 1
vt 0 1
vt 0 1
vt 0 0
vt 1 0.00000000
vt 1 1
vn -0.00000000 1 0.00000000
vn -0.00000000 1 0.00000000
vn -0.00000000 1 0.00000000
vn -0.00000000 1 0.00000000
vn -0.00000000 0 -1
vn -0.00000000 0 -1
vn -0.00000000 0 -1
vn -0.00000000 0 -1
vn 0.00000000 -1 -0.00000000
vn 0.00000000 -1 -0.00000000
vn 0.00000000 -1 -0.00000000
vn 0.00000000 -1 -0.00000000
vn 0.00000000 0 1
vn 0.00000000 0 1
vn 0.00000000 0 1
vn 0.00000000 0 1
vn -1 0 0
vn -1 0 0
vn -1 0 0
vn -1 0 0
vn 1 0 0
vn 1 0 0
vn 1 0 0
vn 1 0 0
f 345/825/825 346/826/826 347/827/827
f 347/827/827 348/828/828 345/825/825
f 349/829/829 348/830/830 347/831/831
f 347/831/831 350/832/832 349/829/829
f 351/833/833 352/834/834 349/835/835
f 349/835/835 350/836/836 351/833/833
f 345/837/837 352/838/838 351/839/839
f 351/839/839 346/840/840 345/837/837
f 345/841/841 348/842/842 349/843/843
f 349/843/843 352/844/844 345/841/841
f 350/845/845 347/846/846 346/847/847
f 346/847/847 351/848/848 350/845/845
o Box.003
usemtl 119d7265_196f_4f05_9709_398cd27d1560
v -157.86514282 209.99998474 -31.63195038
v -157.86514282 200 -31.63195038
v -157.86514282 200 -21.63195038
v -157.86514282 209.99998474 -21.63195038
v -137.86514282 209.99998474 -21.63195038
v -137.86514282 200 -21.63195038
v -137.86514282 209.99998474 -31.63195038
v -137.86514282 200 -31.63195038
vt 0.00000000 0
vt 1 0.00000000
vt 1 1
vt 0 1
vt 1 1
vt 0 1
vt 0 0.00000000
vt 1 0
vt 0.00000000 1
vt 0 0
vt 1 0.00000000
vt 1 1
vt 1 1
vt 0 1
vt 0 0.00000000
vt 1 0
vt 0 0
vt 1 0.00000000
vt 1 1
vt 0 1
vt 1 0
vt 0 0.00000000
vt 0.00000000 1
vt 1 1
vn -1 0.00000000 0.00000000
vn -1 0.00000000 0.00000000
vn -1 0.00000000 0.00000000
vn -1 0.00000000 0.00000000
vn 0.00000000 -0.00000000 1
vn 0.00000000 -0.00000000 1
vn 0.00000000 -0.00000000 1
vn 0.00000000 -0.00000000 1
vn -0.00000000 0.00000000 -1
vn -0.00000000 0.00000000 -1
vn -0.00000000 0.00000000 -1
vn -0.00000000 0.00000000 -1
vn 0.00000000 1 0.00000000
vn 0.00000000 1 0.00000000
vn 0.00000000 1 0.00000000
vn 0.00000000 1 0.00000000
vn -0.00000000 -1 -0.00000000
vn -0.00000000 -1 -0.00000000
vn -0.00000000 -1 -0.00000000
vn -0.00000000 -1 -0.00000000
vn 1 0 0
vn 1 0 0
vn 1 0 0
vn 1 0 0
f 353/849/849 354/850/850 355/851/851
f 355/851/851 356/852/852 353/849/849
f 357/853/853 356/854/854 355/855/855
f 355/855/855 358/856/856 357/853/853
f 359/857/857 360/858/858 354/859/859
f 354/859/859 353/860/860 359/857/857
f 356/861/861 357/862/862 359/863/863
f 359/863/863 353/864/864 356/861/861
f 354/865/865 360/866/866 358/867/867
f 358/867/867 355/868/868 354/865/865
f 359/869/869 357/870/870 358/871/871
f 358/871/871 360/872/872 359/869/869
o Solid.003
usemtl 119d7265_196f_4f05_9709_398cd27d1560
v -137.86514282 200 128.36804199
v -127.86513519 200 128.36804199
v -127.86513519 209.99998474 128.36804199
v -137.86514282 209.99998474 128.36804199
v -127.86513519 200 -21.63195038
v -127.86513519 209.99998474 -21.63195038
v -137.86514282 209.99998474 -21.63195038
v -137.86514282 200 -21.63195038
vt 0 1
vt 1 1
vt 1 0.00000000
vt 0 0
vt 1 1
vt 0 1
vt 0.00000000 0
vt 1 0.00000000
vt 0 1
vt 0 -0.00000000
vt 1 0
vt 1 1
vt 1 0
vt 1 1
vt 0 1
vt 0 0
vt 0 0
vt 1 0
vt 1 1
vt 0 1
vt 0 1
vt 1 1
vt 1 0.00000000
vt 0.00000000 0
vn 0.00000000 0 1
vn 0.00000000 0 1
vn 0.00000000 0 1
vn 0.00000000 0 1
vn 1 0 0
vn 1 0 0
vn 1 0 0
vn 1 0 0
vn -1 0 0
vn -1 0 0
vn -1 0 0
vn -1 0 0
vn 0 -1 0.00000000
vn 0 -1 0.00000000
vn 0 -1 0.00000000
vn 0 -1 0.00000000
vn 0 1 -0.00000000
vn 0 1 -0.00000000
vn 0 1 -0.00000000
vn 0 1 -0.00000000
vn -0.00000000 0.00000000 -1
vn -0.00000000 0.00000000 -1
vn -0.00000000 0.00000000 -1
vn -0.00000000 0.00000000 -1
f 361/873/873 362/874/874 363/875/875
f 363/875/875 364/876/876 361/873/873
f 362/877/877 365/878/878 366/879/879
f 366/879/879 363/880/880 362/877/877
f 361/881/881 364/882/882 367/883/883
f 367/883/883 368/884/884 361/881/881
f 362/885/885 361/886/886 368/887/887
f 368/887/887 365/888/888 362/885/885
f 363/889/889 366/890/890 367/891/891
f 367/891/891 364/892/892 363/889/889
f 367/893/893 366/894/894 365/895/895
f 365/895/895 368/896/896 367/893/893
o Solid.004
usemtl 119d7265_196f_4f05_9709_398cd27d1560
v -127.86513519 209.99998474 -51.63195038
v -137.86514282 209.99998474 -51.63195038
v -137.86514282 209.99998474 -31.63195038
v -127.86513519 209.99998474 -31.63195038
v -127.86513519 200 -31.63195038
v -127.86513519 200 -51.63195038
v -137.86514282 200 -51.63195038
v -137.86514282 200 -31.63195038
vt 1 0
vt 1 1
vt 0 1
vt 0 0
vt 0 0
vt 1 0.00000000
vt 1 1
vt 0 1
vt 1 0
vt 1 1
vt 0.00000000 1
vt 0 0.00000000
vt 0 0
vt 1 0
vt 1 1
vt 0 1
vt 1 1
vt 0 1
vt 0 0
vt 1 0
vt 0.00000000 1
vt 1 1
vt 1 0.00000000
vt 0 0
vn 0 1 -0.00000000
vn 0 1 -0.00000000
vn 0 1 -0.00000000
vn 0 1 -0.00000000
vn 1 0 0
vn 1 0 0
vn 1 0 0
vn 1 0 0
vn -1 0 0
vn -1 0 0
vn -1 0 0
vn -1 0 0
vn 0 -1 0.00000000
vn 0 -1 0.00000000
vn 0 -1 0.00000000
vn 0 -1 0.00000000
vn 0 -0.00000000 -1
vn 0 -0.00000000 -1
vn 0 -0.00000000 -1
vn 0 -0.00000000 -1
vn 0.00000000 -0.00000000 1
vn 0.00000000 -0.00000000 1
vn 0.00000000 -0.00000000 1
vn 0.00000000 -0.00000000 1
f 369/897/897 370/898/898 371/899/899
f 371/899/899 372/900/900 369/897/897
f 369/901/901 372/902/902 373/903/903
f 373/903/903 374/904/904 369/901/901
f 370/905/905 375/906/906 376/907/907
f 376/907/907 371/908/908 370/905/905
f 374/909/909 373/910/910 376/911/911
f 376/911/911 375/912/912 374/909/909
f 374/913/913 375/914/914 370/915/915
f 370/915/915 369/916/916 374/913/913
f 372/917/917 371/918/918 376/919/919
f 376/919/919 373/920/920 372/917/917
o Solid.005
usemtl 119d7265_196f_4f05_9709_398cd27d1560
v -127.86513519 200 -21.63195038
v -137.86514282 200 -21.63195038
v -137.86514282 200 -31.63195038
v -127.86513519 200 -31.63195038
v -137.86514282 209.99998474 -31.63195038
v -127.86513519 209.99998474 -31.63195038
v -137.86514282 209.99998474 -21.63195038
v -127.86513519 209.99998474 -21.63195038
vt 1 1
vt 0 1
vt 0 0
vt 1 0.00000000
vt 1 0
vt 1 1
vt 0.00000000 1
vt 0 0.00000000
vt 0 0.00000000
vt 1 0
vt 1 1
vt 0.00000000 1
vt 1 1
vt 0 1
vt 0.00000000 0.00000000
vt 1 0
vt 1 0
vt 1 1
vt 0.00000000 1
vt 0 0.00000000
vt 0.00000000 0
vt 1 0.00000000
vt 1 1
vt 0 1
vn -0.00000000 -1 -0.00000000
vn -0.00000000 -1 -0.00000000
vn -0.00000000 -1 -0.00000000
vn -0.00000000 -1 -0.00000000
vn -0.00000000 0.00000000 -1
vn -0.00000000 0.00000000 -1
vn -0.00000000 0.00000000 -1
vn -0.00000000 0.00000000 -1
vn 0.00000000 1 0.00000000
vn 0.00000000 1 0.00000000
vn 0.00000000 1 0.00000000
vn 0.00000000 1 0.00000000
vn 0.00000000 -0.00000000 1
vn 0.00000000 -0.00000000 1
vn 0.00000000 -0.00000000 1
vn 0.00000000 -0.00000000 1
vn -1 0 0
vn -1 0 0
vn -1 0 0
vn -1 0 0
vn 1 0 0
vn 1 0 0
vn 1 0 0
vn 1 0 0
f 377/921/921 378/922/922 379/923/923
f 379/923/923 380/924/924 377/921/921
f 379/925/925 381/926/926 382/927/927
f 382/927/927 380/928/928 379/925/925
f 382/929/929 381/930/930 383/931/931
f 383/931/931 384/932/932 382/929/929
f 384/933/933 383/934/934 378/935/935
f 378/935/935 377/936/936 384/933/933
f 381/937/937 379/938/938 378/939/939
f 378/939/939 383/940/940 381/937/937
f 382/941/941 384/942/942 377/943/943
f 377/943/943 380/944/944 382/941/941
o Solid.006
usemtl 119d7265_196f_4f05_9709_398cd27d1560
v -127.86513519 209.99998474 138.36804199
v -127.86513519 209.99998474 128.36804199
v -127.86513519 200 128.36804199
v -127.86513519 200 138.36804199
v 22.13485909 209.99998474 128.36804199
v 22.13485909 200 128.36804199
v 22.13485909 200 138.36804199
v 22.13485909 209.99998474 138.36804199
vt 1 0.00000000
vt 0 0
vt 0 1
vt 1 1
vt 1 0.00000000
vt 1 1
vt 0 1
vt 0.00000000 0
vt 1 1
vt 0 1
vt 0.00000000 0.00000000
vt 1 0
vt 1 1
vt 0 1
vt 0.00000000 0.00000000
vt 1 0
vt 1 0.00000000
vt 1 1
vt 0.00000000 1
vt 0 0
vt 0 1
vt 1 1
vt 1 0.00000000
vt 0.00000000 0
vn -1 0 0
vn -1 0 0
vn -1 0 0
vn -1 0 0
vn -0.00000000 0 -1
vn -0.00000000 0 -1
vn -0.00000000 0 -1
vn -0.00000000 0 -1
vn 0.00000000 0 1
vn 0.00000000 0 1
vn 0.00000000 0 1
vn 0.00000000 0 1
vn 0.00000000 -1 -0.00000000
vn 0.00000000 -1 -0.00000000
vn 0.00000000 -1 -0.00000000
vn 0.00000000 -1 -0.00000000
vn -0.00000000 1 0.00000000
vn -0.00000000 1 0.00000000
vn -0.00000000 1 0.00000000
vn -0.00000000 1 0.00000000
vn 1 0 0
vn 1 0 0
vn 1 0 0
vn 1 0 0
f 385/945/945 386/946/946 387/947/947
f 387/947/947 388/948/948 385/945/945
f 389/949/949 390/950/950 387/951/951
f 387/951/951 386/952/952 389/949/949
f 388/953/953 391/954/954 392/955/955
f 392/955/955 385/956/956 388/953/953
f 391/957/957 388/958/958 387/959/959
f 387/959/959 390/960/960 391/957/957
f 386/961/961 385/962/962 392/963/963
f 392/963/963 389/964/964 386/961/961
f 391/965/965 390/966/966 389/967/967
f 389/967/967 392/968/968 391/965/965
o Solid.007
usemtl 119d7265_196f_4f05_9709_398cd27d1560
v 22.13485909 200 158.36805725
v 32.13486099 200 158.36805725
v 32.13486099 209.99998474 158.36805725
v 22.13485909 209.99998474 158.36805725
v 32.13486099 200 138.36804199
v 32.13486099 209.99998474 138.36804199
v 22.13485909 209.99998474 138.36804199
v 22.13485909 200 138.36804199
vt 1 1
vt 0 1
vt 0 0
vt 1 0
vt 1 1
vt 0.00000000 1
vt 0 0.00000000
vt 1 0
vt 0 0
vt 1 0.00000000
vt 1 1
vt 0 1
vt 1 0.00000000
vt 1 1
vt 0 1
vt 0 0
vt 0 0
vt 1 0
vt 1 1
vt 0 1
vt 0 0.00000000
vt 0 1
vt 1 1
vt 1 0
vn 0 -0.00000000 1
vn 0 -0.00000000 1
vn 0 -0.00000000 1
vn 0 -0.00000000 1
vn 1 0 0
vn 1 0 0
vn 1 0 0
vn 1 0 0
vn -1 0 0
vn -1 0 0
vn -1 0 0
vn -1 0 0
vn 0 1 0.00000000
vn 0 1 0.00000000
vn 0 1 0.00000000
vn 0 1 0.00000000
vn 0 -1 -0.00000000
vn 0 -1 -0.00000000
vn 0 -1 -0.00000000
vn 0 -1 -0.00000000
vn -0.00000000 0 -1
vn -0.00000000 0 -1
vn -0.00000000 0 -1
vn -0.00000000 0 -1
f 393/969/969 394/970/970 395/971/971
f 395/971/971 396/972/972 393/969/969
f 394/973/973 397/974/974 398/975/975
f 398/975/975 395/976/976 394/973/973
f 396/977/977 399/978/978 400/979/979
f 400/979/979 393/980/980 396/977/977
f 396/981/981 395/982/982 398/983/983
f 398/983/983 399/984/984 396/981/981
f 393/985/985 400/986/986 397/987/987
f 397/987/987 394/988/988 393/985/985
f 398/989/989 397/990/990 400/991/991
f 400/991/991 399/992/992 398/989/989
o Solid.008
usemtl 119d7265_196f_4f05_9709_398cd27d1560
v 22.13485909 209.99998474 128.36804199
v 22.13485909 209.99998474 138.36804199
v 32.13486099 209.99998474 138.36804199
v 32.13486099 209.99998474 128.36804199
v 22.13485909 200 128.36804199
v 32.13486099 200 128.36804199
v 22.13485909 200 138.36804199
v 32.13486099 200 138.36804199
vt 1 0
vt 1 1
vt 0.00000000 1
vt 0 0.00000000
vt 0 1
vt 0 0
vt 1 0.00000000
vt 1 1
vt 0 1
vt 0.00000000 0
vt 1 0.00000000
vt 1 1
vt 1 1
vt 0 1
vt 0.00000000 0.00000000
vt 1 0
vt 0.00000000 0
vt 1 0.00000000
vt 1 1
vt 0 1
vt 1 1
vt 0.00000000 1
vt 0 0.00000000
vt 1 0
vn -0.00000000 1 0.00000000
vn -0.00000000 1 0.00000000
vn -0.00000000 1 0.00000000
vn -0.00000000 1 0.00000000
vn -0.00000000 0 -1
vn -0.00000000 0 -1
vn -0.00000000 0 -1
vn -0.00000000 0 -1
vn 0.00000000 -1 -0.00000000
vn 0.00000000 -1 -0.00000000
vn 0.00000000 -1 -0.00000000
vn 0.00000000 -1 -0.00000000
vn 0.00000000 0 1
vn 0.00000000 0 1
vn 0.00000000 0 1
vn 0.00000000 0 1
vn -1 0 0
vn -1 0 0
vn -1 0 0
vn -1 0 0
vn 1 0 0
vn 1 0 0
vn 1 0 0
vn 1 0 0
f 401/993/993 402/994/994 403/995/995
f 403/995/995 404/996/996 401/993/993
f 405/997/997 401/998/998 404/999/999
f 404/999/999 406/1000/1000 405/997/997
f 407/1001/1001 405/1002/1002 406/1003/1003
f 406/1003/1003 408/1004/1004 407/1001/1001
f 407/1005/1005 408/1006/1006 403/1007/1007
f 403/1007/1007 402/1008/1008 407/1005/1005
f 402/1009/1009 401/1010/1010 405/1011/1011
f 405/1011/1011 407/1012/1012 402/1009/1009
f 408/1013/1013 406/1014/1014 404/1015/1015
f 404/1015/1015 403/1016/1016 408/1013/1013
o Solid.009
usemtl 119d7265_196f_4f05_9709_398cd27d1560
v 52.13486099 200 138.36804199
v 32.13486099 200 138.36804199
v 32.13486099 200 128.36804199
v 52.13486099 200 128.36804199
v 32.13486099 209.99998474 128.36804199
v 52.13486099 209.99998474 128.36804199
v 52.13486099 209.99998474 138.36804199
v 32.13486099 209.99998474 138.36804199
vt 1 1
vt 0 1
vt 0.00000000 0
vt 1 0.00000000
vt 1 1
vt 0 1
vt 0 0
vt 1 0.00000000
vt 0 1
vt 0 0.00000000
vt 1 0
vt 1 1
vt 0 0.00000000
vt 1 0
vt 1 1
vt 0 1
vt 0 0
vt 1 0
vt 1 1
vt 0 1
vt 1 0
vt 0 0.00000000
vt 0.00000000 1
vt 1 1
vn 0.00000000 -1 -0.00000000
vn 0.00000000 -1 -0.00000000
vn 0.00000000 -1 -0.00000000
vn 0.00000000 -1 -0.00000000
vn -0.00000000 0 -1
vn -0.00000000 0 -1
vn -0.00000000 0 -1
vn -0.00000000 0 -1
vn 0.00000000 0 1
vn 0.00000000 0 1
vn 0.00000000 0 1
vn 0.00000000 0 1
vn -0.00000000 1 0.00000000
vn -0.00000000 1 0.00000000
vn -0.00000000 1 0.00000000
vn -0.00000000 1 0.00000000
vn 1 0.00000000 -0.00000000
vn 1 0.00000000 -0.00000000
vn 1 0.00000000 -0.00000000
vn 1 0.00000000 -0.00000000
vn -1 0 0
vn -1 0 0
vn -1 0 0
vn -1 0 0
f 409/1017/1017 410/1018/1018 411/1019/1019
f 411/1019/1019 412/1020/1020 409/1017/1017
f 412/1021/1021 411/1022/1022 413/1023/1023
f 413/1023/1023 414/1024/1024 412/1021/1021
f 409/1025/1025 415/1026/1026 416/1027/1027
f 416/1027/1027 410/1028/1028 409/1025/1025
f 414/1029/1029 413/1030/1030 416/1031/1031
f 416/1031/1031 415/1032/1032 414/1029/1029
f 414/1033/1033 415/1034/1034 409/1035/1035
f 409/1035/1035 412/1036/1036 414/1033/1033
f 416/1037/1037 413/1038/1038 411/1039/1039
f 411/1039/1039 410/1040/1040 416/1037/1037
o Solid.010
usemtl 119d7265_196f_4f05_9709_398cd27d1560
v -127.86513519 209.99998474 -31.63195038
v -127.86513519 209.99998474 -21.63195038
v 22.13485909 209.99998474 -21.63195038
v 22.13485909 209.99998474 -31.63195038
v 22.13485909 200 -31.63195038
v -127.86513519 200 -31.63195038
v -127.86513519 200 -21.63195038
v 22.13485909 200 -21.63195038
vt 1 0.00000000
vt 1 1
vt 0 1
vt 0 0
vt 1 1
vt 0 1
vt 0 0.00000000
vt 1 0
vt 0 1
vt 0.00000000 0
vt 1 0.00000000
vt 1 1
vt 0.00000000 0.00000000
vt 1 0
vt 1 1
vt 0 1
vt 1 0.00000000
vt 0.00000000 0
vt 0 1
vt 1 1
vt 1 1
vt 1 0
vt 0 0.00000000
vt 0 1
vn 0.00000000 1 0.00000000
vn 0.00000000 1 0.00000000
vn 0.00000000 1 0.00000000
vn 0.00000000 1 0.00000000
vn -0.00000000 0.00000000 -1
vn -0.00000000 0.00000000 -1
vn -0.00000000 0.00000000 -1
vn -0.00000000 0.00000000 -1
vn 0.00000000 -0.00000000 1
vn 0.00000000 -0.00000000 1
vn 0.00000000 -0.00000000 1
vn 0.00000000 -0.00000000 1
vn -0.00000000 -1 -0.00000000
vn -0.00000000 -1 -0.00000000
vn -0.00000000 -1 -0.00000000
vn -0.00000000 -1 -0.00000000
vn -1 0 0
vn -1 0 0
vn -1 0 0
vn -1 0 0
vn 1 0 0
vn 1 0 0
vn 1 0 0
vn 1 0 0
f 417/1041/1041 418/1042/1042 419/1043/1043
f 419/1043/1043 420/1044/1044 417/1041/1041
f 417/1045/1045 420/1046/1046 421/1047/1047
f 421/1047/1047 422/1048/1048 417/1045/1045
f 418/1049/1049 423/1050/1050 424/1051/1051
f 424/1051/1051 419/1052/1052 418/1049/1049
f 422/1053/1053 421/1054/1054 424/1055/1055
f 424/1055/1055 423/1056/1056 422/1053/1053
f 418/1057/1057 417/1058/1058 422/1059/1059
f 422/1059/1059 423/1060/1060 418/1057/1057
f 421/1061/1061 420/1062/1062 419/1063/1063
f 419/1063/1063 424/1064/1064 421/1061/1061
o Solid.011
usemtl 119d7265_196f_4f05_9709_398cd27d1560
v 32.13486099 209.99998474 -31.63195038
v 22.13485909 209.99998474 -31.63195038
v 22.13485909 209.99998474 -21.63195038
v 32.13486099 209.99998474 -21.63195038
v 32.13486099 200 -31.63195038
v 22.13485909 200 -31.63195038
v 32.13486099 200 -21.63195038
v 22.13485909 200 -21.63195038
vt 0 0.00000000
vt 1 0
vt 1 1
vt 0 1
vt 0 0.00000000
vt 1 0
vt 1 1
vt 0 1
vt 1 0.00000000
vt 1 1
vt 0 1
vt 0 0
vt 0 0
vt 1 0.00000000
vt 1 1
vt 0 1
vt 0 1
vt 0 0
vt 1 0.00000000
vt 1 1
vt 0 0
vt 1 0.00000000
vt 1 1
vt 0 1
vn 0.00000000 1 0.00000000
vn 0.00000000 1 0.00000000
vn 0.00000000 1 0.00000000
vn 0.00000000 1 0.00000000
vn -0.00000000 0.00000000 -1
vn -0.00000000 0.00000000 -1
vn -0.00000000 0.00000000 -1
vn -0.00000000 0.00000000 -1
vn -0.00000000 -1 -0.00000000
vn -0.00000000 -1 -0.00000000
vn -0.00000000 -1 -0.00000000
vn -0.00000000 -1 -0.00000000
vn 0.00000000 -0.00000000 1
vn 0.00000000 -0.00000000 1
vn 0.00000000 -0.00000000 1
vn 0.00000000 -0.00000000 1
vn 1 0 0
vn 1 0 0
vn 1 0 0
vn 1 0 0
vn -1 0 0
vn -1 0 0
vn -1 0 0
vn -1 0 0
f 425/1065/1065 426/1066/1066 427/1067/1067
f 427/1067/1067 428/1068/1068 425/1065/1065
f 429/1069/1069 430/1070/1070 426/1071/1071
f 426/1071/1071 425/1072/1072 429/1069/1069
f 429/1073/1073 431/1074/1074 432/1075/1075
f 432/1075/1075 430/1076/1076 429/1073/1073
f 432/1077/1077 431/1078/1078 428/1079/1079
f 428/1079/1079 427/1080/1080 432/1077/1077
f 429/1081/1081 425/1082/1082 428/1083/1083
f 428/1083/1083 431/1084/1084 429/1081/1081
f 427/1085/1085 426/1086/1086 430/1087/1087
f 430/1087/1087 432/1088/1088 427/1085/1085
o Solid.012
usemtl 119d7265_196f_4f05_9709_398cd27d1560
v 22.13485909 209.99998474 -21.63195038
v 22.13485909 209.99998474 128.36804199
v 32.13486099 209.99998474 128.36804199
v 32.13486099 209.99998474 -21.63195038
v 32.13486099 200 -21.63195038
v 32.13486099 200 128.36804199
v 22.13485909 200 -21.63195038
v 22.13485909 200 128.36804199
vt 0 0
vt 1 0
vt 1 1
vt 0 1
vt 0 1
vt 0 -0.00000000
vt 1 0
vt 1 1
vt 1 1
vt 0 1
vt 0.00000000 0
vt 1 0.00000000
vt 1 0.00000000
vt 1 1
vt 0.00000000 1
vt 0 0
vt 1 0
vt 0 0.00000000
vt 0 1
vt 1 1
vt 1 1
vt 1 0.00000000
vt 0.00000000 0
vt 0 1
vn 0 1 0.00000000
vn 0 1 0.00000000
vn 0 1 0.00000000
vn 0 1 0.00000000
vn 1 0 0
vn 1 0 0
vn 1 0 0
vn 1 0 0
vn -1 0 0
vn -1 0 0
vn -1 0 0
vn -1 0 0
vn 0 -1 -0.00000000
vn 0 -1 -0.00000000
vn 0 -1 -0.00000000
vn 0 -1 -0.00000000
vn -0.00000000 0.00000000 -1
vn -0.00000000 0.00000000 -1
vn -0.00000000 0.00000000 -1
vn -0.00000000 0.00000000 -1
vn 0.00000000 0 1
vn 0.00000000 0 1
vn 0.00000000 0 1
vn 0.00000000 0 1
f 433/1089/1089 434/1090/1090 435/1091/1091
f 435/1091/1091 436/1092/1092 433/1089/1089
f 437/1093/1093 436/1094/1094 435/1095/1095
f 435/1095/1095 438/1096/1096 437/1093/1093
f 439/1097/1097 440/1098/1098 434/1099/1099
f 434/1099/1099 433/1100/1100 439/1097/1097
f 439/1101/1101 437/1102/1102 438/1103/1103
f 438/1103/1103 440/1104/1104 439/1101/1101
f 437/1105/1105 439/1106/1106 433/1107/1107
f 433/1107/1107 436/1108/1108 437/1105/1105
f 438/1109/1109 435/1110/1110 434/1111/1111
f 434/1111/1111 440/1112/1112 438/1109/1109
o Solid.013
usemtl 119d7265_196f_4f05_9709_398cd27d1560
v 22.13485909 209.99998474 -51.63195038
v 22.13485909 209.99998474 -31.63195038
v 32.13486099 209.99998474 -31.63195038
v 32.13486099 209.99998474 -51.63195038
v 22.13485909 200 -51.63195038
v 22.13485909 200 -31.63195038
v 32.13486099 200 -51.63195038
v 32.13486099 200 -31.63195038
vt 0 0
vt 1 0
vt 1 1
vt 0 1
vt 1 1
vt 0 1
vt 0 0.00000000
vt 1 0
vt 0 1
vt 0 0
vt 1 0.00000000
vt 1 1
vt 1 1
vt 0 1
vt 0.00000000 0
vt 1 0
vt 0 0
vt 1 0
vt 1 1
vt 0 1
vt 1 1
vt 1 0
vt 0 0.00000000
vt 0 1
vn 0 1 0.00000000
vn 0 1 0.00000000
vn 0 1 0.00000000
vn 0 1 0.00000000
vn -1 0 0
vn -1 0 0
vn -1 0 0
vn -1 0 0
vn 1 0 0
vn 1 0 0
vn 1 0 0
vn 1 0 0
vn 0 -1 -0.00000000
vn 0 -1 -0.00000000
vn 0 -1 -0.00000000
vn 0 -1 -0.00000000
vn 0 0.00000000 -1
vn 0 0.00000000 -1
vn 0 0.00000000 -1
vn 0 0.00000000 -1
vn 0.00000000 -0.00000000 1
vn 0.00000000 -0.00000000 1
vn 0.00000000 -0.00000000 1
vn 0.00000000 -0.00000000 1
f 441/1113/1113 442/1114/1114 443/1115/1115
f 443/1115/1115 444/1116/1116 441/1113/1113
f 445/1117/1117 446/1118/1118 442/1119/1119
f 442/1119/1119 441/1120/1120 445/1117/1117
f 447/1121/1121 444/1122/1122 443/1123/1123
f 443/1123/1123 448/1124/1124 447/1121/1121
f 447/1125/1125 448/1126/1126 446/1127/1127
f 446/1127/1127 445/1128/1128 447/1125/1125
f 441/1129/1129 444/1130/1130 447/1131/1131
f 447/1131/1131 445/1132/1132 441/1129/1129
f 442/1133/1133 446/1134/1134 448/1135/1135
f 448/1135/1135 443/1136/1136 442/1133/1133
o Solid.014
usemtl 119d7265_196f_4f05_9709_398cd27d1560
v 52.13486099 209.99998474 -31.63195038
v 52.13486099 209.99998474 -21.63195038
v 52.13486099 200 -21.63195038
v 52.13486099 200 -31.63195038
v 32.13486099 200 -31.63195038
v 32.13486099 209.99998474 -31.63195038
v 32.13486099 200 -21.63195038
v 32.13486099 209.99998474 -21.63195038
vt 1 0.00000000
vt 1 1
vt 0.00000000 1
vt 0 0
vt 1 0.00000000
vt 1 1
vt 0 1
vt 0 0
vt 0 0
vt 1 0.00000000
vt 1 1
vt 0 1
vt 1 0.00000000
vt 1 1
vt 0 1
vt 0 0
vt 1 1
vt 0 1
vt 0 0.00000000
vt 1 0
vt 1 0
vt 0 0.00000000
vt 0 1
vt 1 1
vn 1 -0.00000000 -0.00000000
vn 1 -0.00000000 -0.00000000
vn 1 -0.00000000 -0.00000000
vn 1 -0.00000000 -0.00000000
vn -0.00000000 0.00000000 -1
vn -0.00000000 0.00000000 -1
vn -0.00000000 0.00000000 -1
vn -0.00000000 0.00000000 -1
vn 0.00000000 -0.00000000 1
vn 0.00000000 -0.00000000 1
vn 0.00000000 -0.00000000 1
vn 0.00000000 -0.00000000 1
vn -0.00000000 -1 -0.00000000
vn -0.00000000 -1 -0.00000000
vn -0.00000000 -1 -0.00000000
vn -0.00000000 -1 -0.00000000
vn 0.00000000 1 0.00000000
vn 0.00000000 1 0.00000000
vn 0.00000000 1 0.00000000
vn 0.00000000 1 0.00000000
vn -1 0 0
vn -1 0 0
vn -1 0 0
vn -1 0 0
f 449/1137/1137 450/1138/1138 451/1139/1139
f 451/1139/1139 452/1140/1140 449/1137/1137
f 453/1141/1141 454/1142/1142 449/1143/1143
f 449/1143/1143 452/1144/1144 453/1141/1141
f 455/1145/1145 451/1146/1146 450/1147/1147
f 450/1147/1147 456/1148/1148 455/1145/1145
f 452/1149/1149 451/1150/1150 455/1151/1151
f 455/1151/1151 453/1152/1152 452/1149/1149
f 456/1153/1153 450/1154/1154 449/1155/1155
f 449/1155/1155 454/1156/1156 456/1153/1153
f 456/1157/1157 454/1158/1158 453/1159/1159
f 453/1159/1159 455/1160/1160 456/1157/1157
o Solid.015
usemtl 119d7265_196f_4f05_9709_398cd27d1560
v 22.13485909 0.00000000 28.36804962
v -127.86513519 0.00000000 28.36804962
v -127.86513519 -0.00000000 23.36804962
v 22.13485909 0.00000000 23.36804962
v -127.86513519 10 28.36804962
v 22.13485909 10 28.36804962
v 22.13485909 10 23.36804962
v -127.86513519 10 23.36804962
vt 1 1
vt 0 1
vt 0.00000000 0.00000000
vt 1 0
vt -0.00000000 1
vt 0 0
vt 1 0.00000000
vt 1 1
vt 0 1
vt 0 0.00000000
vt 1 0
vt 1 1
vt 0.00000000 0.00000000
vt 0 1
vt 1 1
vt 1 0
vt 1 1
vt 1 -0.00000000
vt 0 0
vt 0 1
vt 1 1
vt 0 1
vt 0 0.00000000
vt 1 0
vn -0.00000000 -1 -0.00000000
vn -0.00000000 -1 -0.00000000
vn -0.00000000 -1 -0.00000000
vn -0.00000000 -1 -0.00000000
vn 0.00000000 -0.00000000 1
vn 0.00000000 -0.00000000 1
vn 0.00000000 -0.00000000 1
vn 0.00000000 -0.00000000 1
vn 0.00000000 1 0.00000000
vn 0.00000000 1 0.00000000
vn 0.00000000 1 0.00000000
vn 0.00000000 1 0.00000000
vn -1 0 0
vn -1 0 0
vn -1 0 0
vn -1 0 0
vn 1 0 0
vn 1 0 0
vn 1 0 0
vn 1 0 0
vn -0.00000000 0.00000000 -1
vn -0.00000000 0.00000000 -1
vn -0.00000000 0.00000000 -1
vn -0.00000000 0.00000000 -1
f 457/1161/1161 458/1162/1162 459/1163/1163
f 459/1163/1163 460/1164/1164 457/1161/1161
f 461/1165/1165 458/1166/1166 457/1167/1167
f 457/1167/1167 462/1168/1168 461/1165/1165
f 462/1169/1169 463/1170/1170 464/1171/1171
f 464/1171/1171 461/1172/1172 462/1169/1169
f 464/1173/1173 459/1174/1174 458/1175/1175
f 458/1175/1175 461/1176/1176 464/1173/1173
f 460/1177/1177 463/1178/1178 462/1179/1179
f 462/1179/1179 457/1180/1180 460/1177/1177
f 464/1181/1181 463/1182/1182 460/1183/1183
f 460/1183/1183 459/1184/1184 464/1181/1181
o Solid.016
usemtl 119d7265_196f_4f05_9709_398cd27d1560
v -127.86513519 10 78.36804962
v -127.86513519 10 83.36804962
v 22.13485909 10 83.36804962
v 22.13485909 10 78.36804962
v -127.86513519 0.00000000 78.36804962
v -127.86513519 0.00000000 83.36804962
v 22.13485909 0.00000000 78.36804962
v 22.13485909 -0.00000000 83.36804962
vt 1 0
vt 1 1
vt 0 1
vt -0.00000000 -0.00000000
vt 1 0
vt 0 0.00000000
vt 0 1
vt 1 1
vt 1 0.00000000
vt 1 1
vt 0 1
vt 0.00000000 0
vt 1 1
vt -0.00000000 1
vt 0 0
vt 1 -0.00000000
vt -0.00000000 1
vt 1 1
vt 1 0.00000000
vt 0 0
vt 1 1
vt -0.00000000 1
vt 0 0.00000000
vt 1 0
vn -0.00000000 1 0.00000000
vn -0.00000000 1 0.00000000
vn -0.00000000 1 0.00000000
vn -0.00000000 1 0.00000000
vn -1 0 0
vn -1 0 0
vn -1 0 0
vn -1 0 0
vn -0.00000000 0 -1
vn -0.00000000 0 -1
vn -0.00000000 0 -1
vn -0.00000000 0 -1
vn 0.00000000 -1 -0.00000000
vn 0.00000000 -1 -0.00000000
vn 0.00000000 -1 -0.00000000
vn 0.00000000 -1 -0.00000000
vn 1 0 0
vn 1 0 0
vn 1 0 0
vn 1 0 0
vn 0.00000000 0 1
vn 0.00000000 0 1
vn 0.00000000 0 1
vn 0.00000000 0 1
f 465/1185/1185 466/1186/1186 467/1187/1187
f 467/1187/1187 468/1188/1188 465/1185/1185
f 466/1189/1189 465/1190/1190 469/1191/1191
f 469/1191/1191 470/1192/1192 466/1189/1189
f 468/1193/1193 471/1194/1194 469/1195/1195
f 469/1195/1195 465/1196/1196 468/1193/1193
f 472/1197/1197 470/1198/1198 469/1199/1199
f 469/1199/1199 471/1200/1200 472/1197/1197
f 472/1201/1201 471/1202/1202 468/1203/1203
f 468/1203/1203 467/1204/1204 472/1201/1201
f 470/1205/1205 472/1206/1206 467/1207/1207
f 467/1207/1207 466/1208/1208 470/1205/1205
o ground
usemtl c8b86088_fb03_4d15_b429_b34792dc131b
v 0 -300 46.02706146
v -669.80334473 -300 565.10552979
v -781.32769775 -300 374.06054688
v -839.60589600 -300 160.66055298
v -840.66638184 -300 -60.55148697
v -784.43676758 -300 -274.50039673
v -674.74920654 -300 -466.60586548
v -519.07849121 -300 -623.77624512
v -328.03347778 -300 -735.30065918
v -114.63349915 -300 -793.57885742
v 106.57855225 -300 -794.63934326
v 320.52746582 -300 -738.40972900
v 512.63293457 -300 -628.72210693
v 669.80334473 -300 -473.05139160
v 781.32769775 -300 -282.00640869
v 839.60589600 -300 -68.60643768
v 840.66638184 -300 152.60562134
v 784.43676758 -300 366.55450439
v 674.74920654 -300 558.65997314
v 519.07849121 -300 715.83038330
v 328.03347778 -300 827.35479736
v 114.63349915 -300 885.63299561
v -106.57855225 -300 886.69348145
v -320.52746582 -300 830.46386719
v -512.63293457 -300 720.77624512
vt 0.50000000 0.50000000
vt 0.89052665 0.19735296
vt 0.95555061 0.30874115
vt 0.98952955 0.43316332
vt 0.99014783 0.56214029
vt 0.95736337 0.68688250
vt 0.89341033 0.79888898
vt 0.80264705 0.89052665
vt 0.69125885 0.95555061
vt 0.56683671 0.98952955
vt 0.43785971 0.99014783
vt 0.31311750 0.95736337
vt 0.20111103 0.89341033
vt 0.10947334 0.80264705
vt 0.04444940 0.69125885
vt 0.01047048 0.56683671
vt 0.00985218 0.43785971
vt 0.04263665 0.31311750
vt 0.10658967 0.20111103
vt 0.19735296 0.10947334
vt 0.30874115 0.04444940
vt 0.43316332 0.01047048
vt 0.56214029 0.00985218
vt 0.68688250 0.04263665
vt 0.79888898 0.10658967
vn 0 -1 0
vn 0 -1 0
vn 0 -1 0
vn 0 -1 0
vn 0 -1 0
vn 0 -1 0
vn 0 -1 0
vn 0 -1 0
vn 0 -1 0
vn 0 -1 0
vn 0 -1 0
vn 0 -1 0
vn 0 -1 0
vn 0 -1 0
vn 0 -1 0
vn 0 -1 0
vn 0 -1 0
vn 0 -1 0
vn 0 -1 0
vn 0 -1 0
vn 0 -1 0
vn 0 -1 0
vn 0 -1 0
vn 0 -1 0
vn 0 -1 0
f 473/1209/1209 474/1210/1210 475/1211/1211
f 475/1211/1211 476/1212/1212 473/1209/1209
f 476/1212/1212 477/1213/1213 473/1209/1209
f 477/1213/1213 478/1214/1214 473/1209/1209
f 478/1214/1214 479/1215/1215 473/1209/1209
f 479/1215/1215 480/1216/1216 473/1209/1209
f 480/1216/1216 481/1217/1217 473/1209/1209
f 481/1217/1217 482/1218/1218 473/1209/1209
f 482/1218/1218 483/1219/1219 473/1209/1209
f 483/1219/1219 484/1220/1220 473/1209/1209
f 484/1220/1220 485/1221/1221 473/1209/1209
f 485/1221/1221 486/1222/1222 473/1209/1209
f 486/1222/1222 487/1223/1223 473/1209/1209
f 487/1223/1223 488/1224/1224 473/1209/1209
f 488/1224/1224 489/1225/1225 473/1209/1209
f 489/1225/1225 490/1226/1226 473/1209/1209
f 490/1226/1226 491/1227/1227 473/1209/1209
f 491/1227/1227 492/1228/1228 473/1209/1209
f 492/1228/1228 493/1229/1229 473/1209/1209
f 493/1229/1229 494/1230/1230 473/1209/1209
f 494/1230/1230 495/1231/1231 473/1209/1209
f 495/1231/1231 496/1232/1232 473/1209/1209
f 496/1232/1232 497/1233/1233 473/1209/1209
f 497/1233/1233 474/1210/1210 473/1209/1209
o Solid.017
usemtl 119d7265_196f_4f05_9709_398cd27d1560
v 15.06379223 209.99998474 -21.63195038
v 15.06379223 200 -21.63195038
v -127.86513519 200 121.29698181
v -127.86513519 209.99998474 121.29698181
v -127.86513519 200 128.36804199
v -127.86513519 209.99998474 128.36804199
v -120.79406738 200 128.36804199
v -120.79406738 209.99998474 128.36804199
v 22.13485909 209.99998474 -14.56088257
v 22.13485909 209.99998474 -21.63195038
v 22.13485909 200 -14.56088257
v 22.13485909 200 -21.63195038
vt 1 0.00000000
vt 1 1
vt 0 1
vt 0.00000000 0
vt 1 1
vt 1 0
vt 0 0.00000000
vt 0 1
vt 0 1
vt 1 1
vt 1 0.00000000
vt 0.00000000 0
vt 0.97642976 0
vt 0.97642976 1
vt 0.02357023 1
vt 0.02357023 0
vt 1 0.50000000
vt 0 0.50000000
vt 0.02357023 0
vt 0.97642976 0
vt 0.97642976 1
vt 0.02357023 1
vt 0 0.50000000
vt 1 0.50000000
vt 1 0
vt 1 1
vt 0 1
vt 0 0.00000000
vt 0 1
vt 1 1
vt 1 0.00000000
vt 0 0
vt 1 0.00000000
vt 0 0
vt 0.00000000 1
vt 1 1
vn -0.70710677 0 -0.70710677
vn -0.70710677 0 -0.70710677
vn -0.70710677 0 -0.70710677
vn -0.70710677 0 -0.70710677
vn -1 0 0
vn -1 0 0
vn -1 0 0
vn -1 0 0
vn 0.00000000 0 1
vn 0.00000000 0 1
vn 0.00000000 0 1
vn 0.00000000 0 1
vn -0.00000000 1 0.00000000
vn -0.00000000 1 0.00000000
vn -0.00000000 1 0.00000000
vn -0.00000000 1 0.00000000
vn -0.00000000 1 0.00000000
vn -0.00000000 1 0.00000000
vn 0.00000000 -1 -0.00000000
vn 0.00000000 -1 -0.00000000
vn 0.00000000 -1 -0.00000000
vn 0.00000000 -1 -0.00000000
vn 0.00000000 -1 -0.00000000
vn 0.00000000 -1 -0.00000000
vn 0.70710677 0 0.70710677
vn 0.70710677 0 0.70710677
vn 0.70710677 0 0.70710677
vn 0.70710677 0 0.70710677
vn -0.00000000 0.00000000 -1
vn -0.00000000 0.00000000 -1
vn -0.00000000 0.00000000 -1
vn -0.00000000 0.00000000 -1
vn 1 0 0
vn 1 0 0
vn 1 0 0
vn 1 0 0
f 498/1234/1234 499/1235/1235 500/1236/1236
f 500/1236/1236 501/1237/1237 498/1234/1234
f 502/1238/1238 503/1239/1239 501/1240/1240
f 501/1240/1240 500/1241/1241 502/1238/1238
f 502/1242/1242 504/1243/1243 505/1244/1244
f 505/1244/1244 503/1245/1245 502/1242/1242
f 501/1246/1246 505/1247/1247 506/1248/1248
f 506/1248/1248 498/1249/1249 501/1246/1246
f 501/1246/1246 503/1250/1250 505/1247/1247
f 506/1248/1248 507/1251/1251 498/1249/1249
f 500/1252/1252 499/1253/1253 508/1254/1254
f 508/1254/1254 504/1255/1255 500/1252/1252
f 504/1255/1255 502/1256/1256 500/1252/1252
f 499/1253/1253 509/1257/1257 508/1254/1254
f 505/1258/1258 504/1259/1259 508/1260/1260
f 508/1260/1260 506/1261/1261 505/1258/1258
f 498/1262/1262 507/1263/1263 509/1264/1264
f 509/1264/1264 499/1265/1265 498/1262/1262
f 507/1266/1266 506/1267/1267 508/1268/1268
f 508/1268/1268 509/1269/1269 507/1266/1266
o Solid.018
usemtl 119d7265_196f_4f05_9709_398cd27d1560
v 15.06379223 209.99998474 -21.63195038
v 15.06379223 200 -21.63195038
v -127.86513519 200 121.29698181
v -127.86513519 209.99998474 121.29698181
v -127.86513519 200 128.36804199
v -127.86513519 209.99998474 128.36804199
v -120.79406738 200 128.36804199
v -120.79406738 209.99998474 128.36804199
v 22.13485909 209.99998474 -14.56088257
v 22.13485909 209.99998474 -21.63195038
v 22.13485909 200 -14.56088257
v 22.13485909 200 -21.63195038
vt 1 0.00000000
vt 1 1
vt 0 1
vt 0.00000000 0
vt 1 1
vt 1 0
vt 0 0.00000000
vt 0 1
vt 0 1
vt 1 1
vt 1 0.00000000
vt 0.00000000 0
vt 0.97642976 0
vt 0.97642976 1
vt 0.02357023 1
vt 0.02357023 0
vt 1 0.50000000
vt 0 0.50000000
vt 0.02357023 0
vt 0.97642976 0
vt 0.97642976 1
vt 0.02357023 1
vt 0 0.50000000
vt 1 0.50000000
vt 1 0
vt 1 1
vt 0 1
vt 0 0.00000000
vt 0 1
vt 1 1
vt 1 0.00000000
vt 0 0
vt 1 0.00000000
vt 0 0
vt 0.00000000 1
vt 1 1
vn -0.70710677 0 -0.70710677
vn -0.70710677 0 -0.70710677
vn -0.70710677 0 -0.70710677
vn -0.70710677 0 -0.70710677
vn -1 0 0
vn -1 0 0
vn -1 0 0
vn -1 0 0
vn 0.00000000 0 1
vn 0.00000000 0 1
vn 0.00000000 0 1
vn 0.00000000 0 1
vn -0.00000000 1 0.00000000
vn -0.00000000 1 0.00000000
vn -0.00000000 1 0.00000000
vn -0.00000000 1 0.00000000
vn -0.00000000 1 0.00000000
vn -0.00000000 1 0.00000000
vn 0.00000000 -1 -0.00000000
vn 0.00000000 -1 -0.00000000
vn 0.00000000 -1 -0.00000000
vn 0.00000000 -1 -0.00000000
vn 0.00000000 -1 -0.00000000
vn 0.00000000 -1 -0.00000000
vn 0.70710677 0 0.70710677
vn 0.70710677 0 0.70710677
vn 0.70710677 0 0.70710677
vn 0.70710677 0 0.70710677
vn -0.00000000 0.00000000 -1
vn -0.00000000 0.00000000 -1
vn -0.00000000 0.00000000 -1
vn -0.00000000 0.00000000 -1
vn 1 0 0
vn 1 0 0
vn 1 0 0
vn 1 0 0
f 510/1270/1270 511/1271/1271 512/1272/1272
f 512/1272/1272 513/1273/1273 510/1270/1270
f 514/1274/1274 515/1275/1275 513/1276/1276
f 513/1276/1276 512/1277/1277 514/1274/1274
f 514/1278/1278 516/1279/1279 517/1280/1280
f 517/1280/1280 515/1281/1281 514/1278/1278
f 513/1282/1282 517/1283/1283 518/1284/1284
f 518/1284/1284 510/1285/1285 513/1282/1282
f 513/1282/1282 515/1286/1286 517/1283/1283
f 518/1284/1284 519/1287/1287 510/1285/1285
f 512/1288/1288 511/1289/1289 520/1290/1290
f 520/1290/1290 516/1291/1291 512/1288/1288
f 516/1291/1291 514/1292/1292 512/1288/1288
f 511/1289/1289 521/1293/1293 520/1290/1290
f 517/1294/1294 516/1295/1295 520/1296/1296
f 520/1296/1296 518/1297/1297 517/1294/1294
f 510/1298/1298 519/1299/1299 521/1300/1300
f 521/1300/1300 511/1301/1301 510/1298/1298
f 519/1302/1302 518/1303/1303 520/1304/1304
f 520/1304/1304 521/1305/1305 519/1302/1302
o Solid.019
usemtl 119d7265_196f_4f05_9709_398cd27d1560
v -127.86513519 209.99998474 -14.56088257
v -127.86513519 200 -14.56088257
v 15.06379223 200 128.36804199
v 15.06379223 209.99998474 128.36804199
v 22.13485909 200 128.36804199
v 22.13485909 209.99998474 128.36804199
v 22.13485909 200 121.29698181
v 22.13485909 209.99998474 121.29698181
v -120.79406738 209.99998474 -21.63195038
v -127.86513519 209.99998474 -21.63195038
v -120.79406738 200 -21.63195038
v -127.86513519 200 -21.63195038
vt 1 0.00000000
vt 1 1
vt 0 1
vt 0.00000000 0
vt 1 1
vt 1 0
vt 0 0.00000000
vt 0 1
vt 0 1
vt 1 1
vt 1 0.00000000
vt 0.00000000 0
vt 0.97642976 0.00000000
vt 0.97642976 1
vt 0.02357023 1
vt 0 0.50000000
vt 0.02357023 0
vt 1 0.50000000
vt 0.02357023 0.00000000
vt 0.97642976 0
vt 0.97642976 1
vt 0.02357023 1
vt 1 0.50000000
vt 0 0.50000000
vt 1 0
vt 1 1
vt 0 1
vt 0 0.00000000
vt 0 1
vt 1 1
vt 1 0.00000000
vt 0 0
vt 1 0.00000000
vt 0 0
vt 0.00000000 1
vt 1 1
vn -0.70710677 0 0.70710677
vn -0.70710677 0 0.70710677
vn -0.70710677 0 0.70710677
vn -0.70710677 0 0.70710677
vn -0.00000000 0 1
vn -0.00000000 0 1
vn -0.00000000 0 1
vn -0.00000000 0 1
vn 1 0 -0.00000000
vn 1 0 -0.00000000
vn 1 0 -0.00000000
vn 1 0 -0.00000000
vn 0.00000000 1 0.00000000
vn 0.00000000 1 0.00000000
vn 0.00000000 1 0.00000000
vn 0.00000000 1 0.00000000
vn 0.00000000 1 0.00000000
vn 0.00000000 1 0.00000000
vn -0.00000000 -1 -0.00000000
vn -0.00000000 -1 -0.00000000
vn -0.00000000 -1 -0.00000000
vn -0.00000000 -1 -0.00000000
vn -0.00000000 -1 -0.00000000
vn -0.00000000 -1 -0.00000000
vn 0.70710677 0 -0.70710677
vn 0.70710677 0 -0.70710677
vn 0.70710677 0 -0.70710677
vn 0.70710677 0 -0.70710677
vn -1 0.00000000 -0.00000000
vn -1 0.00000000 -0.00000000
vn -1 0.00000000 -0.00000000
vn -1 0.00000000 -0.00000000
vn 0.00000000 0 -1
vn 0.00000000 0 -1
vn 0.00000000 0 -1
vn 0.00000000 0 -1
f 522/1306/1306 523/1307/1307 524/1308/1308
f 524/1308/1308 525/1309/1309 522/1306/1306
f 526/1310/1310 527/1311/1311 525/1312/1312
f 525/1312/1312 524/1313/1313 526/1310/1310
f 526/1314/1314 528/1315/1315 529/1316/1316
f 529/1316/1316 527/1317/1317 526/1314/1314
f 525/1318/1318 529/1319/1319 530/1320/1320
f 530/1320/1320 531/1321/1321 522/1322/1322
f 530/1320/1320 522/1322/1322 525/1318/1318
f 525/1318/1318 527/1323/1323 529/1319/1319
f 524/1324/1324 523/1325/1325 532/1326/1326
f 532/1326/1326 528/1327/1327 524/1324/1324
f 523/1325/1325 533/1328/1328 532/1326/1326
f 528/1327/1327 526/1329/1329 524/1324/1324
f 529/1330/1330 528/1331/1331 532/1332/1332
f 532/1332/1332 530/1333/1333 529/1330/1330
f 522/1334/1334 531/1335/1335 533/1336/1336
f 533/1336/1336 523/1337/1337 522/1334/1334
f 531/1338/1338 530/1339/1339 532/1340/1340
f 532/1340/1340 533/1341/1341 531/1338/1338
o Solid.020
usemtl 119d7265_196f_4f05_9709_398cd27d1560
v 22.13485909 160 -21.63195038
v 22.13485909 160 128.36804199
v 22.13485909 165 128.36804199
v 22.13485909 165 -21.63195038
v 32.13486099 160 128.36804199
v 32.13486099 165 128.36804199
v 32.13486099 160 -21.63195038
v 32.13486099 165 -21.63195038
vt 1 1
vt 0 1
vt 0.00000000 0
vt 1 0.00000000
vt 1 1
vt 1 0.00000000
vt 0.00000000 0
vt 0 1
vt 1 1
vt 0 1
vt 0 0.00000000
vt 1 0
vt 1 0.00000000
vt 1 1
vt 0.00000000 1
vt 0 0
vt 1 0
vt 0 0.00000000
vt 0 1
vt 1 1
vt 0 0
vt 1 0
vt 1 1
vt 0 1
vn -1 0 0
vn -1 0 0
vn -1 0 0
vn -1 0 0
vn 0.00000000 0 1
vn 0.00000000 0 1
vn 0.00000000 0 1
vn 0.00000000 0 1
vn 1 0 0
vn 1 0 0
vn 1 0 0
vn 1 0 0
vn 0 -1 -0.00000000
vn 0 -1 -0.00000000
vn 0 -1 -0.00000000
vn 0 -1 -0.00000000
vn -0.00000000 0.00000000 -1
vn -0.00000000 0.00000000 -1
vn -0.00000000 0.00000000 -1
vn -0.00000000 0.00000000 -1
vn 0 1 0.00000000
vn 0 1 0.00000000
vn 0 1 0.00000000
vn 0 1 0.00000000
f 534/1342/1342 535/1343/1343 536/1344/1344
f 536/1344/1344 537/1345/1345 534/1342/1342
f 538/1346/1346 539/1347/1347 536/1348/1348
f 536/1348/1348 535/1349/1349 538/1346/1346
f 538/1350/1350 540/1351/1351 541/1352/1352
f 541/1352/1352 539/1353/1353 538/1350/1350
f 534/1354/1354 540/1355/1355 538/1356/1356
f 538/1356/1356 535/1357/1357 534/1354/1354
f 540/1358/1358 534/1359/1359 537/1360/1360
f 537/1360/1360 541/1361/1361 540/1358/1358
f 537/1362/1362 536/1363/1363 539/1364/1364
f 539/1364/1364 541/1365/1365 537/1362/1362
o Solid.021
usemtl 119d7265_196f_4f05_9709_398cd27d1560
v 22.13485909 104.99999237 -21.63195038
v 22.13485909 104.99999237 128.36804199
v 22.13485909 110 128.36804199
v 22.13485909 110 -21.63195038
v 32.13486099 104.99999237 128.36804199
v 32.13486099 110 128.36804199
v 32.13486099 104.99999237 -21.63195038
v 32.13486099 110 -21.63195038
vt 1 1
vt -0.00000000 1
vt 0 0
vt 1 0.00000000
vt 1 1
vt 1 0.00000000
vt 0 0
vt -0.00000000 1
vt 0 1
vt 0 0.00000000
vt 1 0
vt 1 1
vt 1 0.00000000
vt 1 1
vt 0.00000000 1
vt 0 0
vt 1 0
vt 0 0.00000000
vt 0 1
vt 1 1
vt 0 0
vt 1 0
vt 1 1
vt 0 1
vn -1 0 0
vn -1 0 0
vn -1 0 0
vn -1 0 0
vn 0.00000000 0 1
vn 0.00000000 0 1
vn 0.00000000 0 1
vn 0.00000000 0 1
vn 1 0 0
vn 1 0 0
vn 1 0 0
vn 1 0 0
vn 0 -1 -0.00000000
vn 0 -1 -0.00000000
vn 0 -1 -0.00000000
vn 0 -1 -0.00000000
vn -0.00000000 0.00000000 -1
vn -0.00000000 0.00000000 -1
vn -0.00000000 0.00000000 -1
vn -0.00000000 0.00000000 -1
vn 0 1 0.00000000
vn 0 1 0.00000000
vn 0 1 0.00000000
vn 0 1 0.00000000
f 542/1366/1366 543/1367/1367 544/1368/1368
f 544/1368/1368 545/1369/1369 542/1366/1366
f 546/1370/1370 547/1371/1371 544/1372/1372
f 544/1372/1372 543/1373/1373 546/1370/1370
f 548/1374/1374 549/1375/1375 547/1376/1376
f 547/1376/1376 546/1377/1377 548/1374/1374
f 542/1378/1378 548/1379/1379 546/1380/1380
f 546/1380/1380 543/1381/1381 542/1378/1378
f 548/1382/1382 542/1383/1383 545/1384/1384
f 545/1384/1384 549/1385/1385 548/1382/1382
f 545/1386/1386 544/1387/1387 547/1388/1388
f 547/1388/1388 549/1389/1389 545/1386/1386
o Solid.022
usemtl 119d7265_196f_4f05_9709_398cd27d1560
v -137.86514282 104.99999237 -21.63195038
v -137.86514282 104.99999237 128.36804199
v -137.86514282 110 128.36804199
v -137.86514282 110 -21.63195038
v -127.86513519 104.99999237 128.36804199
v -127.86513519 110 128.36804199
v -127.86513519 104.99999237 -21.63195038
v -127.86513519 110 -21.63195038
vt 1 1
vt 0 1
vt 0.00000000 0
vt 1 0.00000000
vt 1 1
vt 1 0.00000000
vt 0.00000000 0
vt 0 1
vt 1 1
vt -0.00000000 1
vt 0 0.00000000
vt 1 0
vt 1 0.00000000
vt 1 1
vt 0.00000000 1
vt 0 0
vt 1 0
vt 0 0.00000000
vt 0 1
vt 1 1
vt 1 0
vt 1 1
vt 0.00000000 1
vt 0 0
vn -1 0 0
vn -1 0 0
vn -1 0 0
vn -1 0 0
vn 0.00000000 0 1
vn 0.00000000 0 1
vn 0.00000000 0 1
vn 0.00000000 0 1
vn 1 0 0
vn 1 0 0
vn 1 0 0
vn 1 0 0
vn 0 -1 -0.00000000
vn 0 -1 -0.00000000
vn 0 -1 -0.00000000
vn 0 -1 -0.00000000
vn -0.00000000 0.00000000 -1
vn -0.00000000 0.00000000 -1
vn -0.00000000 0.00000000 -1
vn -0.00000000 0.00000000 -1
vn 0 1 0.00000000
vn 0 1 0.00000000
vn 0 1 0.00000000
vn 0 1 0.00000000
f 550/1390/1390 551/1391/1391 552/1392/1392
f 552/1392/1392 553/1393/1393 550/1390/1390
f 554/1394/1394 555/1395/1395 552/1396/1396
f 552/1396/1396 551/1397/1397 554/1394/1394
f 554/1398/1398 556/1399/1399 557/1400/1400
f 557/1400/1400 555/1401/1401 554/1398/1398
f 550/1402/1402 556/1403/1403 554/1404/1404
f 554/1404/1404 551/1405/1405 550/1402/1402
f 556/1406/1406 550/1407/1407 553/1408/1408
f 553/1408/1408 557/1409/1409 556/1406/1406
f 552/1410/1410 555/1411/1411 557/1412/1412
f 557/1412/1412 553/1413/1413 552/1410/1410
o Solid.023
usemtl 119d7265_196f_4f05_9709_398cd27d1560
v -137.86514282 160 -21.63195038
v -137.86514282 160 128.36804199
v -137.86514282 165 128.36804199
v -137.86514282 165 -21.63195038
v -127.86513519 160 128.36804199
v -127.86513519 165 128.36804199
v -127.86513519 160 -21.63195038
v -127.86513519 165 -21.63195038
vt 1 1
vt -0.00000000 1
vt 0 0
vt 1 0.00000000
vt 1 1
vt 1 0.00000000
vt 0.00000000 0
vt 0 1
vt 1 1
vt 0 1
vt 0.00000000 0.00000000
vt 1 0
vt 1 0.00000000
vt 1 1
vt 0.00000000 1
vt 0 0
vt 1 0
vt 0 0.00000000
vt 0 1
vt 1 1
vt 1 0
vt 1 1
vt 0.00000000 1
vt 0 0
vn -1 0 0
vn -1 0 0
vn -1 0 0
vn -1 0 0
vn 0.00000000 0 1
vn 0.00000000 0 1
vn 0.00000000 0 1
vn 0.00000000 0 1
vn 1 0 0
vn 1 0 0
vn 1 0 0
vn 1 0 0
vn 0 -1 -0.00000000
vn 0 -1 -0.00000000
vn 0 -1 -0.00000000
vn 0 -1 -0.00000000
vn -0.00000000 0.00000000 -1
vn -0.00000000 0.00000000 -1
vn -0.00000000 0.00000000 -1
vn -0.00000000 0.00000000 -1
vn 0 1 0.00000000
vn 0 1 0.00000000
vn 0 1 0.00000000
vn 0 1 0.00000000
f 558/1414/1414 559/1415/1415 560/1416/1416
f 560/1416/1416 561/1417/1417 558/1414/1414
f 562/1418/1418 563/1419/1419 560/1420/1420
f 560/1420/1420 559/1421/1421 562/1418/1418
f 562/1422/1422 564/1423/1423 565/1424/1424
f 565/1424/1424 563/1425/1425 562/1422/1422
f 558/1426/1426 564/1427/1427 562/1428/1428
f 562/1428/1428 559/1429/1429 558/1426/1426
f 564/1430/1430 558/1431/1431 561/1432/1432
f 561/1432/1432 565/1433/1433 564/1430/1430
f 560/1434/1434 563/1435/1435 565/1436/1436
f 565/1436/1436 561/1437/1437 560/1434/1434
o Solid.024
usemtl 119d7265_196f_4f05_9709_398cd27d1560
v -127.86513519 160 -21.63195038
v 22.13485909 160 -21.63195038
v 22.13485909 165 -21.63195038
v -127.86513519 165 -21.63195038
v 22.13485909 160 -31.63195038
v 22.13485909 165 -31.63195038
v -127.86513519 160 -31.63195038
v -127.86513519 165 -31.63195038
vt 1 1
vt 0 1
vt 0.00000000 0
vt 1 0.00000000
vt 1 1
vt 1 0.00000000
vt 0.00000000 0
vt 0 1
vt 0 1
vt 0 0.00000000
vt 1 0
vt 1 1
vt 1 0.00000000
vt 1 1
vt 0.00000000 1
vt 0 0
vt 1 0
vt 0 0.00000000
vt 0 1
vt 1 1
vt 0 0
vt 1 0
vt 1 1
vt 0 1
vn -0.00000000 0 1
vn -0.00000000 0 1
vn -0.00000000 0 1
vn -0.00000000 0 1
vn 1 0 0.00000000
vn 1 0 0.00000000
vn 1 0 0.00000000
vn 1 0 0.00000000
vn 0.00000000 0 -1
vn 0.00000000 0 -1
vn 0.00000000 0 -1
vn 0.00000000 0 -1
vn -0.00000000 -1 -0.00000000
vn -0.00000000 -1 -0.00000000
vn -0.00000000 -1 -0.00000000
vn -0.00000000 -1 -0.00000000
vn -1 0.00000000 -0.00000000
vn -1 0.00000000 -0.00000000
vn -1 0.00000000 -0.00000000
vn -1 0.00000000 -0.00000000
vn 0.00000000 1 0.00000000
vn 0.00000000 1 0.00000000
vn 0.00000000 1 0.00000000
vn 0.00000000 1 0.00000000
f 566/1438/1438 567/1439/1439 568/1440/1440
f 568/1440/1440 569/1441/1441 566/1438/1438
f 570/1442/1442 571/1443/1443 568/1444/1444
f 568/1444/1444 567/1445/1445 570/1442/1442
f 572/1446/1446 573/1447/1447 571/1448/1448
f 571/1448/1448 570/1449/1449 572/1446/1446
f 566/1450/1450 572/1451/1451 570/1452/1452
f 570/1452/1452 567/1453/1453 566/1450/1450
f 572/1454/1454 566/1455/1455 569/1456/1456
f 569/1456/1456 573/1457/1457 572/1454/1454
f 569/1458/1458 568/1459/1459 571/1460/1460
f 571/1460/1460 573/1461/1461 569/1458/1458
o Solid.025
usemtl 119d7265_196f_4f05_9709_398cd27d1560
v -127.86513519 104.99999237 -21.63195038
v 22.13485909 104.99999237 -21.63195038
v 22.13485909 110 -21.63195038
v -127.86513519 110 -21.63195038
v 22.13485909 104.99999237 -31.63195038
v 22.13485909 110 -31.63195038
v -127.86513519 104.99999237 -31.63195038
v -127.86513519 110 -31.63195038
vt 1 1
vt -0.00000000 1
vt 0 0
vt 1 0.00000000
vt 1 1
vt 1 0.00000000
vt 0 0
vt -0.00000000 1
vt 0 1
vt 0 0.00000000
vt 1 0
vt 1 1
vt 1 0.00000000
vt 1 1
vt 0.00000000 1
vt 0 0
vt 1 0
vt 0 0.00000000
vt 0 1
vt 1 1
vt 0 0
vt 1 0
vt 1 1
vt 0 1
vn -0.00000000 0 1
vn -0.00000000 0 1
vn -0.00000000 0 1
vn -0.00000000 0 1
vn 1 0 0.00000000
vn 1 0 0.00000000
vn 1 0 0.00000000
vn 1 0 0.00000000
vn 0.00000000 0 -1
vn 0.00000000 0 -1
vn 0.00000000 0 -1
vn 0.00000000 0 -1
vn -0.00000000 -1 -0.00000000
vn -0.00000000 -1 -0.00000000
vn -0.00000000 -1 -0.00000000
vn -0.00000000 -1 -0.00000000
vn -1 0.00000000 -0.00000000
vn -1 0.00000000 -0.00000000
vn -1 0.00000000 -0.00000000
vn -1 0.00000000 -0.00000000
vn 0.00000000 1 0.00000000
vn 0.00000000 1 0.00000000
vn 0.00000000 1 0.00000000
vn 0.00000000 1 0.00000000
f 574/1462/1462 575/1463/1463 576/1464/1464
f 576/1464/1464 577/1465/1465 574/1462/1462
f 578/1466/1466 579/1467/1467 576/1468/1468
f 576/1468/1468 575/1469/1469 578/1466/1466
f 580/1470/1470 581/1471/1471 579/1472/1472
f 579/1472/1472 578/1473/1473 580/1470/1470
f 574/1474/1474 580/1475/1475 578/1476/1476
f 578/1476/1476 575/1477/1477 574/1474/1474
f 580/1478/1478 574/1479/1479 577/1480/1480
f 577/1480/1480 581/1481/1481 580/1478/1478
f 577/1482/1482 576/1483/1483 579/1484/1484
f 579/1484/1484 581/1485/1485 577/1482/1482
o Solid.026
usemtl 119d7265_196f_4f05_9709_398cd27d1560
v 22.13485909 160 128.36804199
v -127.86513519 160 128.36804199
v -127.86513519 165 128.36804199
v 22.13485909 165 128.36804199
v -127.86513519 160 138.36804199
v -127.86513519 165 138.36804199
v 22.13485909 160 138.36804199
v 22.13485909 165 138.36804199
vt 1 1
vt 0 1
vt 0.00000000 0
vt 1 0.00000000
vt 1 1
vt 1 0
vt 0.00000000 0.00000000
vt 0 1
vt 1 1
vt 0 1
vt 0.00000000 0.00000000
vt 1 0
vt 0.00000000 1
vt 0 0
vt 1 0.00000000
vt 1 1
vt 1 0
vt 0 0.00000000
vt 0 1
vt 1 1
vt 0 0.00000000
vt 1 0
vt 1 1
vt 0 1
vn -0.00000000 0.00000000 -1
vn -0.00000000 0.00000000 -1
vn -0.00000000 0.00000000 -1
vn -0.00000000 0.00000000 -1
vn -1 0.00000000 0.00000000
vn -1 0.00000000 0.00000000
vn -1 0.00000000 0.00000000
vn -1 0.00000000 0.00000000
vn 0.00000000 -0.00000000 1
vn 0.00000000 -0.00000000 1
vn 0.00000000 -0.00000000 1
vn 0.00000000 -0.00000000 1
vn 0 -1 -0.00000000
vn 0 -1 -0.00000000
vn 0 -1 -0.00000000
vn 0 -1 -0.00000000
vn 1 0.00000000 -0.00000000
vn 1 0.00000000 -0.00000000
vn 1 0.00000000 -0.00000000
vn 1 0.00000000 -0.00000000
vn 0 1 0.00000000
vn 0 1 0.00000000
vn 0 1 0.00000000
vn 0 1 0.00000000
f 582/1486/1486 583/1487/1487 584/1488/1488
f 584/1488/1488 585/1489/1489 582/1486/1486
f 586/1490/1490 587/1491/1491 584/1492/1492
f 584/1492/1492 583/1493/1493 586/1490/1490
f 586/1494/1494 588/1495/1495 589/1496/1496
f 589/1496/1496 587/1497/1497 586/1494/1494
f 586/1498/1498 583/1499/1499 582/1500/1500
f 582/1500/1500 588/1501/1501 586/1498/1498
f 588/1502/1502 582/1503/1503 585/1504/1504
f 585/1504/1504 589/1505/1505 588/1502/1502
f 585/1506/1506 584/1507/1507 587/1508/1508
f 587/1508/1508 589/1509/1509 585/1506/1506
o Solid.027
usemtl 119d7265_196f_4f05_9709_398cd27d1560
v 22.13485909 104.99999237 128.36804199
v -127.86513519 104.99999237 128.36804199
v -127.86513519 110 128.36804199
v 22.13485909 110 128.36804199
v -127.86513519 104.99999237 138.36804199
v -127.86513519 110 138.36804199
v 22.13485909 110 138.36804199
v 22.13485909 104.99999237 138.36804199
vt 1 1
vt -0.00000000 1
vt 0 0
vt 1 0.00000000
vt 1 1
vt 1 0
vt 0.00000000 0.00000000
vt 0 1
vt 0 0.00000000
vt 1 0
vt 1 1
vt 0 1
vt 1 0.00000000
vt 1 1
vt 0.00000000 1
vt 0 0
vt 1 0
vt 0 0.00000000
vt 0 1
vt 1 1
vt 1 1
vt 0 1
vt 0 0.00000000
vt 1 0
vn -0.00000000 0.00000000 -1
vn -0.00000000 0.00000000 -1
vn -0.00000000 0.00000000 -1
vn -0.00000000 0.00000000 -1
vn -1 0.00000000 0.00000000
vn -1 0.00000000 0.00000000
vn -1 0.00000000 0.00000000
vn -1 0.00000000 0.00000000
vn 0.00000000 -0.00000000 1
vn 0.00000000 -0.00000000 1
vn 0.00000000 -0.00000000 1
vn 0.00000000 -0.00000000 1
vn 0 -1 -0.00000000
vn 0 -1 -0.00000000
vn 0 -1 -0.00000000
vn 0 -1 -0.00000000
vn 1 0.00000000 -0.00000000
vn 1 0.00000000 -0.00000000
vn 1 0.00000000 -0.00000000
vn 1 0.00000000 -0.00000000
vn 0 1 0.00000000
vn 0 1 0.00000000
vn 0 1 0.00000000
vn 0 1 0.00000000
f 590/1510/1510 591/1511/1511 592/1512/1512
f 592/1512/1512 593/1513/1513 590/1510/1510
f 594/1514/1514 595/1515/1515 592/1516/1516
f 592/1516/1516 591/1517/1517 594/1514/1514
f 596/1518/1518 595/1519/1519 594/1520/1520
f 594/1520/1520 597/1521/1521 596/1518/1518
f 590/1522/1522 597/1523/1523 594/1524/1524
f 594/1524/1524 591/1525/1525 590/1522/1522
f 597/1526/1526 590/1527/1527 593/1528/1528
f 593/1528/1528 596/1529/1529 597/1526/1526
f 595/1530/1530 596/1531/1531 593/1532/1532
f 593/1532/1532 592/1533/1533 595/1530/1530
o Solid.029
usemtl 119d7265_196f_4f05_9709_398cd27d1560
v 32.13486099 104.99999237 119.02317047
v 32.13486099 15.91842747 -21.63195038
v 27.13485909 15.91842747 -21.63195038
v 27.13485909 104.99999237 119.02317047
v 27.13485909 104.99999237 128.36804199
v 32.13486099 104.99999237 128.36804199
v 32.13486099 99.08157349 128.36804199
v 27.13485909 99.08157349 128.36804199
v 32.13486099 10 -12.28706551
v 32.13486099 10 -21.63195038
v 27.13485909 10 -12.28706551
v 27.13485909 10 -21.63195038
vt 0 0
vt 1 0.00000000
vt 1 1
vt 0.00000000 1
vt 1 1
vt 1 0
vt 0 0.00000000
vt -0.00000000 1
vt 1 1
vt 1 -0.00000000
vt 0 0
vt -0.00000000 1
vt 0.95553583 0
vt 0.98216492 1
vt 0.04446416 1
vt 0.01783507 0.00000000
vt 1 0.50000000
vt 0 0.50000000
vt 0.04446416 0
vt 0.98216492 0.00000000
vt 0.95553583 1
vt 0.01783507 1
vt 0 0.50000000
vt 1 0.50000000
vt 0 1
vt 0 0.00000000
vt 1 0
vt 1 1
vt 0 0
vt 0.00000000 1
vt 1 1
vt 1 0.00000000
vt 0 1
vt 1 1
vt 1 0.00000000
vt 0 0
vn 0.00000000 0.84481907 -0.53505206
vn 0.00000000 0.84481907 -0.53505206
vn 0.00000000 0.84481907 -0.53505206
vn 0.00000000 0.84481907 -0.53505206
vn 0 1 0.00000000
vn 0 1 0.00000000
vn 0 1 0.00000000
vn 0 1 0.00000000
vn 0.00000000 0 1
vn 0.00000000 0 1
vn 0.00000000 0 1
vn 0.00000000 0 1
vn 1 0.00000000 0.00000000
vn 1 0.00000000 0.00000000
vn 1 0.00000000 0.00000000
vn 1 0.00000000 0.00000000
vn 1 0.00000000 0.00000000
vn 1 0.00000000 0.00000000
vn -1 -0.00000000 -0.00000000
vn -1 -0.00000000 -0.00000000
vn -1 -0.00000000 -0.00000000
vn -1 -0.00000000 -0.00000000
vn -1 -0.00000000 -0.00000000
vn -1 -0.00000000 -0.00000000
vn -0.00000000 -0.84481907 0.53505206
vn -0.00000000 -0.84481907 0.53505206
vn -0.00000000 -0.84481907 0.53505206
vn -0.00000000 -0.84481907 0.53505206
vn -0.00000000 0.00000000 -1
vn -0.00000000 0.00000000 -1
vn -0.00000000 0.00000000 -1
vn -0.00000000 0.00000000 -1
vn 0 -1 -0.00000000
vn 0 -1 -0.00000000
vn 0 -1 -0.00000000
vn 0 -1 -0.00000000
f 598/1534/1534 599/1535/1535 600/1536/1536
f 600/1536/1536 601/1537/1537 598/1534/1534
f 598/1538/1538 601/1539/1539 602/1540/1540
f 602/1540/1540 603/1541/1541 598/1538/1538
f 604/1542/1542 603/1543/1543 602/1544/1544
f 602/1544/1544 605/1545/1545 604/1542/1542
f 598/1546/1546 604/1547/1547 606/1548/1548
f 606/1548/1548 599/1549/1549 598/1546/1546
f 598/1546/1546 603/1550/1550 604/1547/1547
f 606/1548/1548 607/1551/1551 599/1549/1549
f 601/1552/1552 600/1553/1553 608/1554/1554
f 605/1555/1555 602/1556/1556 601/1552/1552
f 600/1553/1553 609/1557/1557 608/1554/1554
f 608/1554/1554 605/1555/1555 601/1552/1552
f 608/1558/1558 606/1559/1559 604/1560/1560
f 604/1560/1560 605/1561/1561 608/1558/1558
f 609/1562/1562 600/1563/1563 599/1564/1564
f 599/1564/1564 607/1565/1565 609/1562/1562
f 607/1566/1566 606/1567/1567 608/1568/1568
f 608/1568/1568 609/1569/1569 607/1566/1566
o Solid.028
usemtl 119d7265_196f_4f05_9709_398cd27d1560
v 22.13485909 10 119.02317047
v 22.13485909 99.08157349 -21.63195038
v 27.13485909 99.08157349 -21.63195038
v 27.13485909 10 119.02317047
v 27.13485909 10 128.36804199
v 22.13485909 10 128.36804199
v 22.13485909 15.91842747 128.36804199
v 27.13485909 15.91842747 128.36804199
v 22.13485909 104.99999237 -12.28706551
v 22.13485909 104.99999237 -21.63195038
v 27.13485909 104.99999237 -12.28706551
v 27.13485909 104.99999237 -21.63195038
vt 0.00000000 0.00000000
vt 1 0.00000000
vt 1 1
vt 0.00000000 1
vt 1 1
vt 1 0.00000000
vt 0.00000000 0.00000000
vt 0.00000000 1
vt 1 1
vt 1 -0.00000000
vt 0 -0.00000000
vt -0.00000000 1
vt 0.95553583 0.00000000
vt 0.98216492 1
vt 0.04446416 1
vt 0.01783507 0.00000000
vt 1 0.50000000
vt -0.00000000 0.50000000
vt 0.04446416 0.00000000
vt 0.98216492 0.00000000
vt 0.95553583 1
vt 0.01783507 1
vt 0.00000000 0.50000000
vt 1 0.50000000
vt -0.00000000 1
vt -0.00000000 0.00000000
vt 1 0.00000000
vt 1 1
vt 0 -0.00000000
vt 0.00000000 1
vt 1 1
vt 1 0.00000000
vt 0 1
vt 1 1
vt 1 0.00000000
vt 0 -0.00000000
vn -0.00000000 -0.84481907 -0.53505206
vn -0.00000000 -0.84481907 -0.53505206
vn -0.00000000 -0.84481907 -0.53505206
vn -0.00000000 -0.84481907 -0.53505206
vn 0.00000000 -1 0.00000000
vn 0.00000000 -1 0.00000000
vn 0.00000000 -1 0.00000000
vn 0.00000000 -1 0.00000000
vn 0.00000000 0.00000000 1
vn 0.00000000 0.00000000 1
vn 0.00000000 0.00000000 1
vn 0.00000000 0.00000000 1
vn -1 -0.00000000 0.00000000
vn -1 -0.00000000 0.00000000
vn -1 -0.00000000 0.00000000
vn -1 -0.00000000 0.00000000
vn -1 -0.00000000 0.00000000
vn -1 -0.00000000 0.00000000
vn 1 0.00000000 -0.00000000
vn 1 0.00000000 -0.00000000
vn 1 0.00000000 -0.00000000
vn 1 0.00000000 -0.00000000
vn 1 0.00000000 -0.00000000
vn 1 0.00000000 -0.00000000
vn 0.00000000 0.84481907 0.53505206
vn 0.00000000 0.84481907 0.53505206
vn 0.00000000 0.84481907 0.53505206
vn 0.00000000 0.84481907 0.53505206
vn -0.00000000 -0.00000000 -1
vn -0.00000000 -0.00000000 -1
vn -0.00000000 -0.00000000 -1
vn -0.00000000 -0.00000000 -1
vn -0.00000000 1 -0.00000000
vn -0.00000000 1 -0.00000000
vn -0.00000000 1 -0.00000000
vn -0.00000000 1 -0.00000000
f 610/1570/1570 611/1571/1571 612/1572/1572
f 612/1572/1572 613/1573/1573 610/1570/1570
f 610/1574/1574 613/1575/1575 614/1576/1576
f 614/1576/1576 615/1577/1577 610/1574/1574
f 616/1578/1578 615/1579/1579 614/1580/1580
f 614/1580/1580 617/1581/1581 616/1578/1578
f 610/1582/1582 616/1583/1583 618/1584/1584
f 618/1584/1584 611/1585/1585 610/1582/1582
f 610/1582/1582 615/1586/1586 616/1583/1583
f 618/1584/1584 619/1587/1587 611/1585/1585
f 613/1588/1588 612/1589/1589 620/1590/1590
f 617/1591/1591 614/1592/1592 613/1588/1588
f 612/1589/1589 621/1593/1593 620/1590/1590
f 620/1590/1590 617/1591/1591 613/1588/1588
f 620/1594/1594 618/1595/1595 616/1596/1596
f 616/1596/1596 617/1597/1597 620/1594/1594
f 621/1598/1598 612/1599/1599 611/1600/1600
f 611/1600/1600 619/1601/1601 621/1598/1598
f 619/1602/1602 618/1603/1603 620/1604/1604
f 620/1604/1604 621/1605/1605 619/1602/1602
o Solid.030
usemtl 119d7265_196f_4f05_9709_398cd27d1560
v 12.78997517 104.99999237 128.36804199
v -127.86513519 15.91842747 128.36804199
v -127.86513519 15.91842747 133.36805725
v 12.78997517 104.99999237 133.36805725
v 22.13485909 104.99999237 133.36805725
v 22.13485909 104.99999237 128.36804199
v 22.13485909 99.08157349 128.36804199
v 22.13485909 99.08157349 133.36805725
v -118.52026367 10 128.36804199
v -127.86513519 10 128.36804199
v -118.52026367 10 133.36805725
v -127.86513519 10 133.36805725
vt -0.00000000 0.00000000
vt 1 0.00000000
vt 1 1
vt 0.00000000 1
vt 1 1
vt 1 -0.00000000
vt -0.00000000 0.00000000
vt -0.00000000 1
vt 1 1
vt 1 -0.00000000
vt 0 -0.00000000
vt -0.00000000 1
vt 0.95553583 -0.00000000
vt 0.98216492 1
vt 0.04446416 1
vt 0.01783507 0.00000000
vt 1 0.50000000
vt 0 0.50000000
vt 0.04446416 -0.00000000
vt 0.98216492 0.00000000
vt 0.95553583 1
vt 0.01783507 1
vt -0.00000000 0.50000000
vt 1 0.50000000
vt 0 1
vt 0 0.00000000
vt 1 0
vt 1 1
vt 0 0
vt 0.00000000 1
vt 1 1
vt 1 0.00000000
vt 0 1
vt 1 1
vt 1 0.00000000
vt 0 -0.00000000
vn -0.53505206 0.84481907 -0.00000000
vn -0.53505206 0.84481907 -0.00000000
vn -0.53505206 0.84481907 -0.00000000
vn -0.53505206 0.84481907 -0.00000000
vn 0.00000000 1 0.00000000
vn 0.00000000 1 0.00000000
vn 0.00000000 1 0.00000000
vn 0.00000000 1 0.00000000
vn 1 0 -0.00000000
vn 1 0 -0.00000000
vn 1 0 -0.00000000
vn 1 0 -0.00000000
vn 0.00000000 0.00000000 -1
vn 0.00000000 0.00000000 -1
vn 0.00000000 0.00000000 -1
vn 0.00000000 0.00000000 -1
vn 0.00000000 0.00000000 -1
vn 0.00000000 0.00000000 -1
vn -0.00000000 -0.00000000 1
vn -0.00000000 -0.00000000 1
vn -0.00000000 -0.00000000 1
vn -0.00000000 -0.00000000 1
vn -0.00000000 -0.00000000 1
vn -0.00000000 -0.00000000 1
vn 0.53505206 -0.84481907 0.00000000
vn 0.53505206 -0.84481907 0.00000000
vn 0.53505206 -0.84481907 0.00000000
vn 0.53505206 -0.84481907 0.00000000
vn -1 0.00000000 -0.00000000
vn -1 0.00000000 -0.00000000
vn -1 0.00000000 -0.00000000
vn -1 0.00000000 -0.00000000
vn -0.00000000 -1 -0.00000000
vn -0.00000000 -1 -0.00000000
vn -0.00000000 -1 -0.00000000
vn -0.00000000 -1 -0.00000000
f 622/1606/1606 623/1607/1607 624/1608/1608
f 624/1608/1608 625/1609/1609 622/1606/1606
f 622/1610/1610 625/1611/1611 626/1612/1612
f 626/1612/1612 627/1613/1613 622/1610/1610
f 628/1614/1614 627/1615/1615 626/1616/1616
f 626/1616/1616 629/1617/1617 628/1614/1614
f 622/1618/1618 628/1619/1619 630/1620/1620
f 630/1620/1620 623/1621/1621 622/1618/1618
f 622/1618/1618 627/1622/1622 628/1619/1619
f 630/1620/1620 631/1623/1623 623/1621/1621
f 625/1624/1624 624/1625/1625 632/1626/1626
f 629/1627/1627 626/1628/1628 625/1624/1624
f 624/1625/1625 633/1629/1629 632/1626/1626
f 632/1626/1626 629/1627/1627 625/1624/1624
f 632/1630/1630 630/1631/1631 628/1632/1632
f 628/1632/1632 629/1633/1633 632/1630/1630
f 633/1634/1634 624/1635/1635 623/1636/1636
f 623/1636/1636 631/1637/1637 633/1634/1634
f 631/1638/1638 630/1639/1639 632/1640/1640
f 632/1640/1640 633/1641/1641 631/1638/1638
o Solid.031
usemtl 119d7265_196f_4f05_9709_398cd27d1560
v 12.78997517 10 138.36804199
v -127.86513519 99.08157349 138.36804199
v -127.86513519 99.08157349 133.36805725
v 12.78997517 10 133.36805725
v 22.13485909 10 133.36805725
v 22.13485909 10 138.36804199
v 22.13485909 15.91842747 138.36804199
v 22.13485909 15.91842747 133.36805725
v -118.52026367 104.99999237 138.36804199
v -127.86513519 104.99999237 138.36804199
v -118.52026367 104.99999237 133.36805725
v -127.86513519 104.99999237 133.36805725
vt 0.00000000 -0.00000000
vt 1 0.00000000
vt 1 1
vt 0.00000000 1
vt 1 1
vt 1 0.00000000
vt 0.00000000 0.00000000
vt 0.00000000 1
vt 1 1
vt 1 -0.00000000
vt 0.00000000 -0.00000000
vt -0.00000000 1
vt 0.95553583 0.00000000
vt 0.98216492 1
vt 0.04446416 1
vt 0.01783507 0.00000000
vt 1 0.50000000
vt -0.00000000 0.50000000
vt 0.04446416 0.00000000
vt 0.98216492 0.00000000
vt 0.95553583 1
vt 0.01783507 1
vt 0.00000000 0.50000000
vt 1 0.50000000
vt -0.00000000 1
vt -0.00000000 0.00000000
vt 1 0.00000000
vt 1 1
vt 0 -0.00000000
vt 0.00000000 1
vt 1 1
vt 1 0.00000000
vt 0 1
vt 1 1
vt 1 0.00000000
vt 0 -0.00000000
vn -0.53505206 -0.84481907 0.00000000
vn -0.53505206 -0.84481907 0.00000000
vn -0.53505206 -0.84481907 0.00000000
vn -0.53505206 -0.84481907 0.00000000
vn 0.00000000 -1 -0.00000000
vn 0.00000000 -1 -0.00000000
vn 0.00000000 -1 -0.00000000
vn 0.00000000 -1 -0.00000000
vn 1 0.00000000 0.00000000
vn 1 0.00000000 0.00000000
vn 1 0.00000000 0.00000000
vn 1 0.00000000 0.00000000
vn 0.00000000 -0.00000000 1
vn 0.00000000 -0.00000000 1
vn 0.00000000 -0.00000000 1
vn 0.00000000 -0.00000000 1
vn 0.00000000 -0.00000000 1
vn 0.00000000 -0.00000000 1
vn -0.00000000 0.00000000 -1
vn -0.00000000 0.00000000 -1
vn -0.00000000 0.00000000 -1
vn -0.00000000 0.00000000 -1
vn -0.00000000 0.00000000 -1
vn -0.00000000 0.00000000 -1
vn 0.53505206 0.84481907 -0.00000000
vn 0.53505206 0.84481907 -0.00000000
vn 0.53505206 0.84481907 -0.00000000
vn 0.53505206 0.84481907 -0.00000000
vn -1 -0.00000000 0.00000000
vn -1 -0.00000000 0.00000000
vn -1 -0.00000000 0.00000000
vn -1 -0.00000000 0.00000000
vn -0.00000000 1 0.00000000
vn -0.00000000 1 0.00000000
vn -0.00000000 1 0.00000000
vn -0.00000000 1 0.00000000
f 634/1642/1642 635/1643/1643 636/1644/1644
f 636/1644/1644 637/1645/1645 634/1642/1642
f 634/1646/1646 637/1647/1647 638/1648/1648
f 638/1648/1648 639/1649/1649 634/1646/1646
f 640/1650/1650 639/1651/1651 638/1652/1652
f 638/1652/1652 641/1653/1653 640/1650/1650
f 634/1654/1654 640/1655/1655 642/1656/1656
f 642/1656/1656 635/1657/1657 634/1654/1654
f 634/1654/1654 639/1658/1658 640/1655/1655
f 642/1656/1656 643/1659/1659 635/1657/1657
f 637/1660/1660 636/1661/1661 644/1662/1662
f 641/1663/1663 638/1664/1664 637/1660/1660
f 636/1661/1661 645/1665/1665 644/1662/1662
f 644/1662/1662 641/1663/1663 637/1660/1660
f 644/1666/1666 642/1667/1667 640/1668/1668
f 640/1668/1668 641/1669/1669 644/1666/1666
f 645/1670/1670 636/1671/1671 635/1672/1672
f 635/1672/1672 643/1673/1673 645/1670/1670
f 643/1674/1674 642/1675/1675 644/1676/1676
f 644/1676/1676 645/1677/1677 643/1674/1674
o Solid.032
usemtl 119d7265_196f_4f05_9709_398cd27d1560
v -127.86513519 10 -12.28706551
v -127.86513519 99.08157349 128.36804199
v -132.86514282 99.08157349 128.36804199
v -132.86514282 10 -12.28706551
v -132.86514282 10 -21.63195038
v -127.86513519 10 -21.63195038
v -127.86513519 15.91842747 -21.63195038
v -132.86514282 15.91842747 -21.63195038
v -127.86513519 104.99999237 119.02317047
v -127.86513519 104.99999237 128.36804199
v -132.86514282 104.99999237 119.02317047
v -132.86514282 104.99999237 128.36804199
vt 0.00000000 -0.00000000
vt 1 0.00000000
vt 1 1
vt 0.00000000 1
vt 1 1
vt 1 0.00000000
vt 0.00000000 0.00000000
vt -0.00000000 1
vt 1 1
vt 1 -0.00000000
vt 0.00000000 -0.00000000
vt -0.00000000 1
vt 0.95553583 0.00000000
vt 0.98216492 1
vt 0.04446416 1
vt 0.01783507 0.00000000
vt 1 0.50000000
vt -0.00000000 0.50000000
vt 0.04446416 0.00000000
vt 0.98216492 0.00000000
vt 0.95553583 1
vt 0.01783507 1
vt 0.00000000 0.50000000
vt 1 0.50000000
vt -0.00000000 1
vt -0.00000000 0.00000000
vt 1 0.00000000
vt 1 1
vt 0.00000000 -0.00000000
vt 0.00000000 1
vt 1 1
vt 1 -0.00000000
vt 0 1
vt 1 1
vt 1 0.00000000
vt 0 -0.00000000
vn 0.00000000 -0.84481907 0.53505206
vn 0.00000000 -0.84481907 0.53505206
vn 0.00000000 -0.84481907 0.53505206
vn 0.00000000 -0.84481907 0.53505206
vn -0.00000000 -1 0.00000000
vn -0.00000000 -1 0.00000000
vn -0.00000000 -1 0.00000000
vn -0.00000000 -1 0.00000000
vn 0.00000000 -0.00000000 -1
vn 0.00000000 -0.00000000 -1
vn 0.00000000 -0.00000000 -1
vn 0.00000000 -0.00000000 -1
vn 1 -0.00000000 -0.00000000
vn 1 -0.00000000 -0.00000000
vn 1 -0.00000000 -0.00000000
vn 1 -0.00000000 -0.00000000
vn 1 -0.00000000 -0.00000000
vn 1 -0.00000000 -0.00000000
vn -1 0.00000000 0.00000000
vn -1 0.00000000 0.00000000
vn -1 0.00000000 0.00000000
vn -1 0.00000000 0.00000000
vn -1 0.00000000 0.00000000
vn -1 0.00000000 0.00000000
vn -0.00000000 0.84481907 -0.53505206
vn -0.00000000 0.84481907 -0.53505206
vn -0.00000000 0.84481907 -0.53505206
vn -0.00000000 0.84481907 -0.53505206
vn -0.00000000 -0.00000000 1
vn -0.00000000 -0.00000000 1
vn -0.00000000 -0.00000000 1
vn -0.00000000 -0.00000000 1
vn 0.00000000 1 -0.00000000
vn 0.00000000 1 -0.00000000
vn 0.00000000 1 -0.00000000
vn 0.00000000 1 -0.00000000
f 646/1678/1678 647/1679/1679 648/1680/1680
f 648/1680/1680 649/1681/1681 646/1678/1678
f 646/1682/1682 649/1683/1683 650/1684/1684
f 650/1684/1684 651/1685/1685 646/1682/1682
f 652/1686/1686 651/1687/1687 650/1688/1688
f 650/1688/1688 653/1689/1689 652/1686/1686
f 646/1690/1690 652/1691/1691 654/1692/1692
f 654/1692/1692 647/1693/1693 646/1690/1690
f 646/1690/1690 651/1694/1694 652/1691/1691
f 654/1692/1692 655/1695/1695 647/1693/1693
f 649/1696/1696 648/1697/1697 656/1698/1698
f 653/1699/1699 650/1700/1700 649/1696/1696
f 648/1697/1697 657/1701/1701 656/1698/1698
f 656/1698/1698 653/1699/1699 649/1696/1696
f 656/1702/1702 654/1703/1703 652/1704/1704
f 652/1704/1704 653/1705/1705 656/1702/1702
f 657/1706/1706 648/1707/1707 647/1708/1708
f 647/1708/1708 655/1709/1709 657/1706/1706
f 655/1710/1710 654/1711/1711 656/1712/1712
f 656/1712/1712 657/1713/1713 655/1710/1710
o Solid.033
usemtl 119d7265_196f_4f05_9709_398cd27d1560
v -137.86514282 104.99999237 -12.28706551
v -137.86514282 15.91842747 128.36804199
v -132.86514282 15.91842747 128.36804199
v -132.86514282 104.99999237 -12.28706551
v -132.86514282 104.99999237 -21.63195038
v -137.86514282 104.99999237 -21.63195038
v -137.86514282 99.08157349 -21.63195038
v -132.86514282 99.08157349 -21.63195038
v -137.86514282 10 119.02317047
v -137.86514282 10 128.36804199
v -132.86514282 10 119.02317047
v -132.86514282 10 128.36804199
vt -0.00000000 -0.00000000
vt 1 0.00000000
vt 1 1
vt 0.00000000 1
vt 1 1
vt 1 -0.00000000
vt 0.00000000 0.00000000
vt -0.00000000 1
vt 1 1
vt 1 -0.00000000
vt 0 0
vt -0.00000000 1
vt 0.95553583 -0.00000000
vt 0.98216492 1
vt 0.04446416 1
vt 0.01783507 0.00000000
vt 1 0.50000000
vt -0.00000000 0.50000000
vt 0.04446416 -0.00000000
vt 0.98216492 -0.00000000
vt 0.95553583 1
vt 0.01783507 1
vt 0 0.50000000
vt 1 0.50000000
vt 0.00000000 1
vt 0 0.00000000
vt 1 0
vt 1 1
vt -0.00000000 0.00000000
vt 0.00000000 1
vt 1 1
vt 1 0.00000000
vt 0 1
vt 1 1
vt 1 0.00000000
vt 0 -0.00000000
vn -0.00000000 0.84481907 0.53505206
vn -0.00000000 0.84481907 0.53505206
vn -0.00000000 0.84481907 0.53505206
vn -0.00000000 0.84481907 0.53505206
vn 0.00000000 1 -0.00000000
vn 0.00000000 1 -0.00000000
vn 0.00000000 1 -0.00000000
vn 0.00000000 1 -0.00000000
vn 0.00000000 -0.00000000 -1
vn 0.00000000 -0.00000000 -1
vn 0.00000000 -0.00000000 -1
vn 0.00000000 -0.00000000 -1
vn -1 0.00000000 -0.00000000
vn -1 0.00000000 -0.00000000
vn -1 0.00000000 -0.00000000
vn -1 0.00000000 -0.00000000
vn -1 0.00000000 -0.00000000
vn -1 0.00000000 -0.00000000
vn 1 -0.00000000 0.00000000
vn 1 -0.00000000 0.00000000
vn 1 -0.00000000 0.00000000
vn 1 -0.00000000 0.00000000
vn 1 -0.00000000 0.00000000
vn 1 -0.00000000 0.00000000
vn 0.00000000 -0.84481907 -0.53505206
vn 0.00000000 -0.84481907 -0.53505206
vn 0.00000000 -0.84481907 -0.53505206
vn 0.00000000 -0.84481907 -0.53505206
vn -0.00000000 0.00000000 1
vn -0.00000000 0.00000000 1
vn -0.00000000 0.00000000 1
vn -0.00000000 0.00000000 1
vn -0.00000000 -1 0.00000000
vn -0.00000000 -1 0.00000000
vn -0.00000000 -1 0.00000000
vn -0.00000000 -1 0.00000000
f 658/1714/1714 659/1715/1715 660/1716/1716
f 660/1716/1716 661/1717/1717 658/1714/1714
f 658/1718/1718 661/1719/1719 662/1720/1720
f 662/1720/1720 663/1721/1721 658/1718/1718
f 664/1722/1722 663/1723/1723 662/1724/1724
f 662/1724/1724 665/1725/1725 664/1722/1722
f 658/1726/1726 664/1727/1727 666/1728/1728
f 666/1728/1728 659/1729/1729 658/1726/1726
f 658/1726/1726 663/1730/1730 664/1727/1727
f 666/1728/1728 667/1731/1731 659/1729/1729
f 661/1732/1732 660/1733/1733 668/1734/1734
f 665/1735/1735 662/1736/1736 661/1732/1732
f 660/1733/1733 669/1737/1737 668/1734/1734
f 668/1734/1734 665/1735/1735 661/1732/1732
f 668/1738/1738 666/1739/1739 664/1740/1740
f 664/1740/1740 665/1741/1741 668/1738/1738
f 669/1742/1742 660/1743/1743 659/1744/1744
f 659/1744/1744 667/1745/1745 669/1742/1742
f 667/1746/1746 666/1747/1747 668/1748/1748
f 668/1748/1748 669/1749/1749 667/1746/1746
o Solid.034
usemtl 119d7265_196f_4f05_9709_398cd27d1560
v -118.52026367 10 -31.63195038
v 22.13485909 99.08157349 -31.63195038
v 22.13485909 99.08157349 -26.63195038
v -118.52026367 10 -26.63195038
v -127.86513519 10 -26.63195038
v -127.86513519 10 -31.63195038
v -127.86513519 15.91842747 -31.63195038
v -127.86513519 15.91842747 -26.63195038
v 12.78997517 104.99999237 -31.63195038
v 22.13485909 104.99999237 -31.63195038
v 12.78997517 104.99999237 -26.63195038
v 22.13485909 104.99999237 -26.63195038
vt 0.00000000 -0.00000000
vt 1 0.00000000
vt 1 1
vt 0.00000000 1
vt 1 1
vt 1 0.00000000
vt 0.00000000 0.00000000
vt -0.00000000 1
vt 1 1
vt 1 -0.00000000
vt 0.00000000 -0.00000000
vt -0.00000000 1
vt 0.95553583 0.00000000
vt 0.98216492 1
vt 0.04446416 1
vt 0.01783507 0.00000000
vt 1 0.50000000
vt -0.00000000 0.50000000
vt 0.04446416 0.00000000
vt 0.98216492 0.00000000
vt 0.95553583 1
vt 0.01783507 1
vt 0.00000000 0.50000000
vt 1 0.50000000
vt -0.00000000 1
vt -0.00000000 0.00000000
vt 1 0.00000000
vt 1 1
vt 0.00000000 -0.00000000
vt 0.00000000 1
vt 1 1
vt 1 -0.00000000
vt 0 1
vt 1 1
vt 1 0.00000000
vt 0 0.00000000
vn 0.53505206 -0.84481907 -0.00000000
vn 0.53505206 -0.84481907 -0.00000000
vn 0.53505206 -0.84481907 -0.00000000
vn 0.53505206 -0.84481907 -0.00000000
vn 0.00000000 -1 0.00000000
vn 0.00000000 -1 0.00000000
vn 0.00000000 -1 0.00000000
vn 0.00000000 -1 0.00000000
vn -1 -0.00000000 -0.00000000
vn -1 -0.00000000 -0.00000000
vn -1 -0.00000000 -0.00000000
vn -1 -0.00000000 -0.00000000
vn -0.00000000 -0.00000000 -1
vn -0.00000000 -0.00000000 -1
vn -0.00000000 -0.00000000 -1
vn -0.00000000 -0.00000000 -1
vn -0.00000000 -0.00000000 -1
vn -0.00000000 -0.00000000 -1
vn 0.00000000 0.00000000 1
vn 0.00000000 0.00000000 1
vn 0.00000000 0.00000000 1
vn 0.00000000 0.00000000 1
vn 0.00000000 0.00000000 1
vn 0.00000000 0.00000000 1
vn -0.53505206 0.84481907 0.00000000
vn -0.53505206 0.84481907 0.00000000
vn -0.53505206 0.84481907 0.00000000
vn -0.53505206 0.84481907 0.00000000
vn 1 -0.00000000 0.00000000
vn 1 -0.00000000 0.00000000
vn 1 -0.00000000 0.00000000
vn 1 -0.00000000 0.00000000
vn -0.00000000 1 -0.00000000
vn -0.00000000 1 -0.00000000
vn -0.00000000 1 -0.00000000
vn -0.00000000 1 -0.00000000
f 670/1750/1750 671/1751/1751 672/1752/1752
f 672/1752/1752 673/1753/1753 670/1750/1750
f 670/1754/1754 673/1755/1755 674/1756/1756
f 674/1756/1756 675/1757/1757 670/1754/1754
f 676/1758/1758 675/1759/1759 674/1760/1760
f 674/1760/1760 677/1761/1761 676/1758/1758
f 670/1762/1762 676/1763/1763 678/1764/1764
f 678/1764/1764 671/1765/1765 670/1762/1762
f 670/1762/1762 675/1766/1766 676/1763/1763
f 678/1764/1764 679/1767/1767 671/1765/1765
f 673/1768/1768 672/1769/1769 680/1770/1770
f 677/1771/1771 674/1772/1772 673/1768/1768
f 672/1769/1769 681/1773/1773 680/1770/1770
f 680/1770/1770 677/1771/1771 673/1768/1768
f 680/1774/1774 678/1775/1775 676/1776/1776
f 676/1776/1776 677/1777/1777 680/1774/1774
f 681/1778/1778 672/1779/1779 671/1780/1780
f 671/1780/1780 679/1781/1781 681/1778/1778
f 679/1782/1782 678/1783/1783 680/1784/1784
f 680/1784/1784 681/1785/1785 679/1782/1782
o Solid.035
usemtl 119d7265_196f_4f05_9709_398cd27d1560
v -118.52026367 104.99999237 -21.63195038
v 22.13485909 15.91842747 -21.63195038
v 22.13485909 15.91842747 -26.63195038
v -118.52026367 104.99999237 -26.63195038
v -127.86513519 104.99999237 -26.63195038
v -127.86513519 104.99999237 -21.63195038
v -127.86513519 99.08157349 -21.63195038
v -127.86513519 99.08157349 -26.63195038
v 12.78997517 10 -21.63195038
v 22.13485909 10 -21.63195038
v 12.78997517 10 -26.63195038
v 22.13485909 10 -26.63195038
vt -0.00000000 -0.00000000
vt 1 0.00000000
vt 1 1
vt 0.00000000 1
vt 1 1
vt 1 -0.00000000
vt -0.00000000 0.00000000
vt -0.00000000 1
vt 1 1
vt 1 -0.00000000
vt 0.00000000 0
vt -0.00000000 1
vt 0.95553583 -0.00000000
vt 0.98216492 1
vt 0.04446416 1
vt 0.01783507 0.00000000
vt 1 0.50000000
vt -0.00000000 0.50000000
vt 0.04446416 -0.00000000
vt 0.98216492 -0.00000000
vt 0.95553583 1
vt 0.01783507 1
vt 0.00000000 0.50000000
vt 1 0.50000000
vt 1 -0.00000000
vt 1 1
vt 0 1
vt -0.00000000 0.00000000
vt 0 0.00000000
vt 0.00000000 1
vt 1 1
vt 1 0.00000000
vt 0 1
vt 1 1
vt 1 -0.00000000
vt 0 -0.00000000
vn 0.53505206 0.84481907 0.00000000
vn 0.53505206 0.84481907 0.00000000
vn 0.53505206 0.84481907 0.00000000
vn 0.53505206 0.84481907 0.00000000
vn -0.00000000 1 -0.00000000
vn -0.00000000 1 -0.00000000
vn -0.00000000 1 -0.00000000
vn -0.00000000 1 -0.00000000
vn -1 -0.00000000 -0.00000000
vn -1 -0.00000000 -0.00000000
vn -1 -0.00000000 -0.00000000
vn -1 -0.00000000 -0.00000000
vn -0.00000000 0.00000000 1
vn -0.00000000 0.00000000 1
vn -0.00000000 0.00000000 1
vn -0.00000000 0.00000000 1
vn -0.00000000 0.00000000 1
vn -0.00000000 0.00000000 1
vn 0.00000000 -0.00000000 -1
vn 0.00000000 -0.00000000 -1
vn 0.00000000 -0.00000000 -1
vn 0.00000000 -0.00000000 -1
vn 0.00000000 -0.00000000 -1
vn 0.00000000 -0.00000000 -1
vn -0.53505206 -0.84481907 -0.00000000
vn -0.53505206 -0.84481907 -0.00000000
vn -0.53505206 -0.84481907 -0.00000000
vn -0.53505206 -0.84481907 -0.00000000
vn 1 0.00000000 0.00000000
vn 1 0.00000000 0.00000000
vn 1 0.00000000 0.00000000
vn 1 0.00000000 0.00000000
vn 0.00000000 -1 0.00000000
vn 0.00000000 -1 0.00000000
vn 0.00000000 -1 0.00000000
vn 0.00000000 -1 0.00000000
f 682/1786/1786 683/1787/1787 684/1788/1788
f 684/1788/1788 685/1789/1789 682/1786/1786
f 682/1790/1790 685/1791/1791 686/1792/1792
f 686/1792/1792 687/1793/1793 682/1790/1790
f 688/1794/1794 687/1795/1795 686/1796/1796
f 686/1796/1796 689/1797/1797 688/1794/1794
f 682/1798/1798 688/1799/1799 690/1800/1800
f 690/1800/1800 683/1801/1801 682/1798/1798
f 682/1798/1798 687/1802/1802 688/1799/1799
f 690/1800/1800 691/1803/1803 683/1801/1801
f 685/1804/1804 684/1805/1805 692/1806/1806
f 689/1807/1807 686/1808/1808 685/1804/1804
f 684/1805/1805 693/1809/1809 692/1806/1806
f 692/1806/1806 689/1807/1807 685/1804/1804
f 688/1810/1810 689/1811/1811 692/1812/1812
f 692/1812/1812 690/1813/1813 688/1810/1810
f 693/1814/1814 684/1815/1815 683/1816/1816
f 683/1816/1816 691/1817/1817 693/1814/1814
f 691/1818/1818 690/1819/1819 692/1820/1820
f 692/1820/1820 693/1821/1821 691/1818/1818
o Extruded.002
usemtl f0f14e33_f81f_480f_8d49_56bbe20ec2c5
v 39.63486099 -300 34.12831879
v 39.97386551 -299.81079102 32.67942810
v 40.28976440 -299.63449097 32.82927704
v 40.56103516 -299.48309326 33.06765747
v 40.76918793 -299.36691284 33.37831879
v 40.90003967 -299.29388428 33.74008942
v 40.94467163 -299.26898193 34.12831879
v 40.90003967 -299.29388428 34.51654434
v 40.76918793 -299.36691284 34.87831497
v 40.56103516 -299.48309326 35.18897629
v 40.28976440 -299.63449097 35.42735672
v 39.97386551 -299.81079102 35.57720566
v 39.63486099 -300 35.62831497
v 39.29585648 -300.18920898 35.57720566
v 38.97995758 -300.36550903 35.42735672
v 38.70868301 -300.51690674 35.18897629
v 38.50053406 -300.63308716 34.87831497
v 38.36968231 -300.70611572 34.51654434
v 38.32505035 -300.73101807 34.12831879
v 38.36968231 -300.70611572 33.74008942
v 38.50053406 -300.63308716 33.37831879
v 38.70868301 -300.51690674 33.06765747
v 38.97995758 -300.36550903 32.82927704
v 39.29585648 -300.18920898 32.67942810
v 39.63486099 -300 32.62831497
v -127.86513519 -2.96080327 34.12831879
v -127.86513519 -2.95421338 34.03021240
v -127.86513519 -2.93447161 33.93252945
v -127.86513519 -2.85592747 33.74008942
v -127.86513519 -2.72651434 33.55429077
v -127.86513519 -2.54844713 33.37831879
v -127.86513519 -2.05931640 33.06765747
v -127.86513519 -1.42186892 32.82927704
v -127.86513519 -0.67954546 32.67942810
v -127.86513519 0.11706561 32.62831497
v -127.86513519 0.91367674 32.67942810
v -127.86513519 1.65600014 32.82927704
v -127.86513519 2.29344749 33.06765747
v -127.86513519 2.78257823 33.37831879
v -127.86513519 2.96064568 33.55429077
v -127.86513519 3.09005857 33.74008942
v -127.86513519 3.16860294 33.93252945
v -127.86513519 3.18834448 34.03021240
v -127.86513519 3.16860294 34.32410812
v -127.86513519 3.09005857 34.51654434
v -127.86513519 3.18834448 34.22642136
v -127.86513519 3.19493461 34.12831879
v -127.86513519 2.96064568 34.70234299
v -127.86513519 2.78257823 34.87831497
v -127.86513519 2.29344749 35.18897629
v -127.86513519 1.65600014 35.42735672
v -127.86513519 0.91367674 35.57720566
v -127.86513519 0.11706561 35.62831497
v -127.86513519 -0.67954546 35.57720566
v -127.86513519 -1.42186892 35.42735672
v -127.86513519 -2.05931640 35.18897629
v -127.86513519 -2.54844713 34.87831497
v -127.86513519 -2.72651434 34.70234299
v -127.86513519 -2.93447161 34.32410812
v -127.86513519 -2.95421338 34.22642136
v -127.86513519 -2.85592747 34.51654434
vt 0.50000000 0.50000000
vt 0.97723609 0.37212497
vt 0.92787814 0.25296444
vt 0.84936106 0.15063894
vt 0.74703556 0.07212184
vt 0.62787503 0.02276392
vt 0.50000000 0.00592885
vt 0.37212497 0.02276392
vt 0.25296444 0.07212184
vt 0.15063894 0.15063894
vt 0.07212184 0.25296444
vt 0.02276392 0.37212497
vt 0.00592885 0.50000000
vt 0.02276392 0.62787503
vt 0.07212184 0.74703556
vt 0.15063894 0.84936106
vt 0.25296444 0.92787814
vt 0.37212497 0.97723609
vt 0.50000000 0.99407113
vt 0.62787503 0.97723609
vt 0.74703556 0.92787814
vt 0.84936106 0.84936106
vt 0.92787814 0.74703556
vt 0.97723609 0.62787503
vt 0.99407113 0.50000000
vt 0.04166667 1
vt 0 1
vt 0 0.02138983
vt 0.01041667 0.02137332
vt 0.02083333 0.02132385
vt 0.08333334 1
vt 0.04166667 0.02112703
vt 0.06250000 0.02080273
vt 0.12500000 1
vt 0.08333334 0.02035651
vt 0.16666667 1
vt 0.12500000 0.01913080
vt 0.20833333 1
vt 0.16666667 0.01753343
vt 0.25000000 1
vt 0.20833333 0.01567325
vt 0.29166666 1
vt 0.25000000 0.01367702
vt 0.33333334 1
vt 0.29166666 0.01168080
vt 0.37500000 1
vt 0.33333334 0.00982062
vt 0.41666666 1
vt 0.37500000 0.00822324
vt 0.45833334 1
vt 0.41666666 0.00699754
vt 0.43750000 0.00655132
vt 0.50000000 1
vt 0.45833334 0.00622702
vt 0.47916666 0.00603020
vt 0.48958334 0.00598073
vt 0.52083331 0.00603020
vt 0.54166669 0.00622702
vt 0.51041669 0.00598073
vt 0.50000000 0.00596421
vt 0.54166669 1
vt 0.56250000 0.00655132
vt 0.58333331 0.00699754
vt 0.58333331 1
vt 0.62500000 0.00822324
vt 0.62500000 1
vt 0.66666669 0.00982062
vt 0.66666669 1
vt 0.70833331 0.01168080
vt 0.70833331 1
vt 0.75000000 0.01367702
vt 0.75000000 1
vt 0.79166669 0.01567325
vt 0.79166669 1
vt 0.83333331 0.01753343
vt 0.83333331 1
vt 0.87500000 0.01913080
vt 0.87500000 1
vt 0.91666669 0.02035651
vt 0.91666669 1
vt 0.93750000 0.02080273
vt 0.95833331 1
vt -0.02083333 0.02132385
vt -0.01041667 0.02137332
vt 0.95833331 0.02112703
vt 0.07212184 0.25296444
vt 0.43551078 0.01015570
vt 0.37212497 0.02276392
vt 0.92787814 0.74703556
vt 0.56448925 0.98984432
vt 0.62787503 0.97723609
vt 0.31092715 0.04353778
vt 0.25296444 0.07212184
vt 0.15063894 0.15063894
vt 0.46768621 0.00698670
vt 0.00592885 0.50000000
vt 0.68907285 0.04353778
vt 0.62787503 0.02276392
vt 0.84936106 0.15063894
vt 0.74703556 0.07212184
vt 0.68907285 0.95646220
vt 0.74703556 0.92787814
vt 0.84936106 0.84936106
vt 0.53231382 0.99301332
vt 0.99407113 0.50000000
vt 0.31092715 0.95646220
vt 0.37212497 0.97723609
vt 0.15063894 0.84936106
vt 0.25296444 0.92787814
vt 0.56448925 0.01015570
vt 0.92787814 0.25296444
vt 0.43551078 0.98984432
vt 0.07212184 0.74703556
vt 0.02276392 0.37212497
vt 0.53231382 0.00698670
vt 0.50000000 0.00592885
vt 0.97723609 0.37212497
vt 0.97723609 0.62787503
vt 0.46768621 0.99301332
vt 0.50000000 0.99407113
vt 0.02276392 0.62787503
vn 0.48735020 -0.87320662 0
vn 0.48735020 -0.87320662 0
vn 0.48735020 -0.87320662 0
vn 0.48735020 -0.87320662 0
vn 0.48735020 -0.87320662 0
vn 0.48735020 -0.87320662 0
vn 0.48735020 -0.87320662 0
vn 0.48735020 -0.87320662 0
vn 0.48735020 -0.87320662 0
vn 0.48735020 -0.87320662 0
vn 0.48735020 -0.87320662 0
vn 0.48735020 -0.87320662 0
vn 0.48735020 -0.87320662 0
vn 0.48735020 -0.87320662 0
vn 0.48735020 -0.87320662 0
vn 0.48735020 -0.87320662 0
vn 0.48735020 -0.87320662 0
vn 0.48735020 -0.87320662 0
vn 0.48735020 -0.87320662 0
vn 0.48735020 -0.87320662 0
vn 0.48735020 -0.87320662 0
vn 0.48735020 -0.87320662 0
vn 0.48735020 -0.87320662 0
vn 0.48735020 -0.87320662 0
vn 0.48735020 -0.87320662 0
vn -0.84345281 -0.47074413 -0.25881904
vn -0.87320662 -0.48735020 -0.00000000
vn -0.87320662 -0.48735020 -0.00000000
vn -0.87133700 -0.48630673 -0.06540313
vn -0.86573619 -0.48318085 -0.13052619
vn -0.75621909 -0.42205763 -0.50000000
vn -0.84345281 -0.47074413 -0.25881904
vn -0.80673772 -0.45025286 -0.38268343
vn -0.61745030 -0.34460863 -0.70710677
vn -0.75621909 -0.42205763 -0.50000000
vn -0.43660331 -0.24367510 -0.86602539
vn -0.61745030 -0.34460863 -0.70710677
vn -0.22600250 -0.12613551 -0.96592581
vn -0.43660331 -0.24367510 -0.86602539
vn 0.00000000 0.00000000 -1
vn -0.22600250 -0.12613551 -0.96592581
vn 0.22600250 0.12613551 -0.96592581
vn 0 0 -1
vn 0.43660331 0.24367510 -0.86602539
vn 0.22600250 0.12613551 -0.96592581
vn 0.61745030 0.34460863 -0.70710677
vn 0.43660331 0.24367510 -0.86602539
vn 0.75621909 0.42205763 -0.50000000
vn 0.61745030 0.34460863 -0.70710677
vn 0.84345281 0.47074413 -0.25881904
vn 0.75621909 0.42205763 -0.50000000
vn 0.80673772 0.45025286 -0.38268343
vn 0.87320662 0.48735020 0.00000000
vn 0.84345281 0.47074413 -0.25881904
vn 0.86573619 0.48318085 -0.13052619
vn 0.87133700 0.48630673 -0.06540313
vn 0.86573619 0.48318085 0.13052619
vn 0.84345281 0.47074413 0.25881904
vn 0.87133700 0.48630673 0.06540313
vn 0.87320662 0.48735020 0.00000000
vn 0.84345281 0.47074413 0.25881904
vn 0.80673772 0.45025286 0.38268343
vn 0.75621909 0.42205763 0.50000000
vn 0.75621909 0.42205763 0.50000000
vn 0.61745030 0.34460863 0.70710677
vn 0.61745030 0.34460863 0.70710677
vn 0.43660331 0.24367510 0.86602539
vn 0.43660331 0.24367510 0.86602539
vn 0.22600250 0.12613551 0.96592581
vn 0.22600250 0.12613551 0.96592581
vn 0 0 1
vn 0 0 1
vn -0.22600250 -0.12613551 0.96592581
vn -0.22600250 -0.12613551 0.96592581
vn -0.43660331 -0.24367510 0.86602539
vn -0.43660331 -0.24367510 0.86602539
vn -0.61745030 -0.34460863 0.70710677
vn -0.61745030 -0.34460863 0.70710677
vn -0.75621909 -0.42205763 0.50000000
vn -0.75621909 -0.42205763 0.50000000
vn -0.80673772 -0.45025286 0.38268343
vn -0.84345281 -0.47074413 0.25881904
vn -0.86573619 -0.48318085 0.13052619
vn -0.87133700 -0.48630673 0.06540313
vn -0.84345281 -0.47074413 0.25881904
vn -1 0 0
vn -1 0 0
vn -1 0 0
vn -1 0 0
vn -1 0 0
vn -1 0 0
vn -1 0 0
vn -1 0 0
vn -1 0 0
vn -1 0 0
vn -1 0 0
vn -1 0 0
vn -1 0 0
vn -1 0 0
vn -1 0 0
vn -1 0 0
vn -1 0 0
vn -1 0 0
vn -1 0 0
vn -1 0 0
vn -1 0 0
vn -1 0 0
vn -1 0 0
vn -1 0 0
vn -1 0 0
vn -1 0 0
vn -1 0 0
vn -1 0 0
vn -1 0 0
vn -1 0 0
vn -1 0 0
vn -1 0 0
vn -1 0 0
vn -1 0 0
vn -1 0 0
vn -1 0 0
f 694/1822/1822 695/1823/1823 696/1824/1824
f 696/1824/1824 697/1825/1825 694/1822/1822
f 697/1825/1825 698/1826/1826 694/1822/1822
f 698/1826/1826 699/1827/1827 694/1822/1822
f 699/1827/1827 700/1828/1828 694/1822/1822
f 700/1828/1828 701/1829/1829 694/1822/1822
f 701/1829/1829 702/1830/1830 694/1822/1822
f 702/1830/1830 703/1831/1831 694/1822/1822
f 703/1831/1831 704/1832/1832 694/1822/1822
f 704/1832/1832 705/1833/1833 694/1822/1822
f 705/1833/1833 706/1834/1834 694/1822/1822
f 706/1834/1834 707/1835/1835 694/1822/1822
f 707/1835/1835 708/1836/1836 694/1822/1822
f 708/1836/1836 709/1837/1837 694/1822/1822
f 709/1837/1837 710/1838/1838 694/1822/1822
f 710/1838/1838 711/1839/1839 694/1822/1822
f 711/1839/1839 712/1840/1840 694/1822/1822
f 712/1840/1840 713/1841/1841 694/1822/1822
f 713/1841/1841 714/1842/1842 694/1822/1822
f 714/1842/1842 715/1843/1843 694/1822/1822
f 715/1843/1843 716/1844/1844 694/1822/1822
f 716/1844/1844 717/1845/1845 694/1822/1822
f 717/1845/1845 718/1846/1846 694/1822/1822
f 718/1846/1846 695/1823/1823 694/1822/1822
f 713/1847/1847 712/1848/1848 719/1849/1849
f 719/1849/1849 720/1850/1850 713/1847/1847
f 720/1850/1850 721/1851/1851 713/1847/1847
f 714/1852/1852 713/1847/1847 722/1853/1853
f 722/1853/1853 723/1854/1854 714/1852/1852
f 715/1855/1855 714/1852/1852 724/1856/1856
f 716/1857/1857 715/1855/1855 725/1858/1858
f 717/1859/1859 716/1857/1857 726/1860/1860
f 718/1861/1861 717/1859/1859 727/1862/1862
f 695/1863/1863 718/1861/1861 728/1864/1864
f 696/1865/1865 695/1863/1863 729/1866/1866
f 697/1867/1867 696/1865/1865 730/1868/1868
f 698/1869/1869 697/1867/1867 731/1870/1870
f 699/1871/1871 698/1869/1869 732/1872/1872
f 732/1872/1872 733/1873/1873 699/1871/1871
f 700/1874/1874 699/1871/1871 734/1875/1875
f 734/1875/1875 735/1876/1876 700/1874/1874
f 735/1876/1876 736/1877/1877 700/1874/1874
f 700/1874/1874 737/1878/1878 738/1879/1879
f 700/1874/1874 739/1880/1880 737/1878/1878
f 700/1874/1874 740/1881/1881 739/1880/1880
f 701/1882/1882 741/1883/1883 742/1884/1884
f 701/1882/1882 738/1879/1879 741/1883/1883
f 702/1885/1885 742/1884/1884 743/1886/1886
f 703/1887/1887 743/1886/1886 744/1888/1888
f 704/1889/1889 744/1888/1888 745/1890/1890
f 705/1891/1891 745/1890/1890 746/1892/1892
f 706/1893/1893 746/1892/1892 747/1894/1894
f 707/1895/1895 747/1894/1894 748/1896/1896
f 708/1897/1897 748/1896/1896 749/1898/1898
f 709/1899/1899 749/1898/1898 750/1900/1900
f 710/1901/1901 750/1900/1900 751/1902/1902
f 751/1902/1902 711/1903/1903 710/1901/1901
f 712/1848/1848 752/1904/1904 753/1905/1905
f 711/1903/1903 754/1906/1906 752/1904/1904
f 752/1904/1904 712/1848/1848 711/1903/1903
f 753/1905/1905 719/1849/1849 712/1848/1848
f 751/1902/1902 754/1906/1906 711/1903/1903
f 750/1900/1900 710/1901/1901 709/1899/1899
f 749/1898/1898 709/1899/1899 708/1897/1897
f 748/1896/1896 708/1897/1897 707/1895/1895
f 747/1894/1894 707/1895/1895 706/1893/1893
f 746/1892/1892 706/1893/1893 705/1891/1891
f 745/1890/1890 705/1891/1891 704/1889/1889
f 744/1888/1888 704/1889/1889 703/1887/1887
f 743/1886/1886 703/1887/1887 702/1885/1885
f 742/1884/1884 702/1885/1885 701/1882/1882
f 738/1879/1879 701/1882/1882 700/1874/1874
f 736/1877/1877 740/1881/1881 700/1874/1874
f 733/1873/1873 734/1875/1875 699/1871/1871
f 731/1870/1870 732/1872/1872 698/1869/1869
f 730/1868/1868 731/1870/1870 697/1867/1867
f 729/1866/1866 730/1868/1868 696/1865/1865
f 728/1864/1864 729/1866/1866 695/1863/1863
f 727/1862/1862 728/1864/1864 718/1861/1861
f 726/1860/1860 727/1862/1862 717/1859/1859
f 725/1858/1858 726/1860/1860 716/1857/1857
f 724/1856/1856 725/1858/1858 715/1855/1855
f 723/1854/1854 724/1856/1856 714/1852/1852
f 721/1851/1851 722/1853/1853 713/1847/1847
f 730/1907/1907 735/1908/1908 734/1909/1909
f 748/1910/1910 752/1911/1911 754/1912/1912
f 733/1913/1913 732/1914/1914 731/1915/1915
f 730/1907/1907 736/1916/1916 735/1908/1908
f 728/1917/1917 741/1918/1918 738/1919/1919
f 728/1917/1917 743/1920/1920 742/1921/1921
f 751/1922/1922 750/1923/1923 749/1924/1924
f 748/1910/1910 753/1925/1925 752/1911/1911
f 746/1926/1926 723/1927/1927 722/1928/1928
f 746/1926/1926 725/1929/1929 724/1930/1930
f 734/1909/1909 733/1913/1913 730/1907/1907
f 738/1919/1919 737/1931/1931 728/1917/1917
f 728/1917/1917 744/1932/1932 743/1920/1920
f 754/1912/1912 751/1922/1922 748/1910/1910
f 722/1928/1928 721/1933/1933 746/1926/1926
f 746/1926/1926 726/1934/1934 725/1929/1929
f 731/1915/1915 730/1907/1907 733/1913/1913
f 742/1921/1921 741/1918/1918 728/1917/1917
f 749/1924/1924 748/1910/1910 751/1922/1922
f 724/1930/1930 723/1927/1927 746/1926/1926
f 730/1907/1907 729/1935/1935 736/1916/1916
f 728/1917/1917 739/1936/1936 740/1937/1937
f 728/1917/1917 745/1938/1938 744/1932/1932
f 748/1910/1910 747/1939/1939 753/1925/1925
f 746/1926/1926 720/1940/1940 719/1941/1941
f 746/1926/1926 727/1942/1942 726/1934/1934
f 740/1937/1937 736/1916/1916 728/1917/1917
f 728/1917/1917 746/1926/1926 745/1938/1938
f 719/1941/1941 753/1925/1925 746/1926/1926
f 746/1926/1926 728/1917/1917 727/1942/1942
f 737/1931/1931 739/1936/1936 728/1917/1917
f 721/1933/1933 720/1940/1940 746/1926/1926
f 747/1939/1939 746/1926/1926 753/1925/1925
f 729/1935/1935 728/1917/1917 736/1916/1916
o Solid_105
usemtl f0f14e33_f81f_480f_8d49_56bbe20ec2c5
v 25.70051003 -272.06024170 34.51654434
v 25.32271194 -271.38284302 34.51570129
v 25.35910988 -271.42172241 34.46401596
v 25.08250237 -271.18215942 34.80801010
v 25.68617821 -272.00750732 34.46353149
v 25.74596786 -272.44915771 34.87831497
v 25.01665115 -271.14035034 34.87659073
v 24.75611687 -271.01669312 35.11155701
v 25.74493027 -272.36746216 34.80648041
v 25.68921471 -272.83657837 35.18897629
v 24.65832901 -270.98507690 35.18681335
v 25.71511650 -272.73074341 35.10918427
v 25.59657478 -273.08026123 35.35658264
v 24.39938354 -270.93518066 35.35658264
v 25.53411674 -273.19613647 35.42735672
v 24.26794434 -270.92749023 35.42735672
v 25.39830208 -273.38778687 35.52851486
v 24.03352928 -270.94247437 35.52851486
v 23.87901306 -270.97293091 35.57720566
v 25.29124641 -273.50329590 35.57720566
v 25.13145828 -273.63821411 35.61711502
v 23.68032455 -271.03811646 35.61711502
v 23.51510048 -271.11752319 35.62831497
v 24.97715187 -273.73715210 35.62831497
v 24.81192780 -273.81652832 35.61711502
v 23.36079407 -271.21646118 35.61711502
v 23.20100594 -271.35134888 35.57720566
v 24.61323929 -273.88171387 35.57720566
v 24.45872498 -273.91220093 35.52851486
v 23.09395218 -271.46688843 35.52851486
v 24.22430801 -273.92715454 35.42735672
v 24.09286880 -273.91949463 35.35658264
v 22.89567947 -271.77444458 35.35658264
v 22.95813560 -271.65850830 35.42735672
v 22.80303764 -272.01806641 35.18897629
v 23.83392525 -273.86959839 35.18681335
v 23.73613548 -273.83798218 35.11155701
v 22.77713776 -272.12390137 35.10918427
v 22.74628639 -272.40551758 34.87831497
v 23.47560310 -273.71429443 34.87659073
v 23.40975189 -273.67251587 34.80801010
v 22.74732208 -272.48721313 34.80648041
v 22.79174423 -272.79443359 34.51654434
v 23.16954231 -273.47183228 34.51570129
v 23.13314438 -273.43295288 34.46401596
v 22.80607605 -272.84713745 34.46353149
v 22.93631744 -273.15835571 34.12831879
v 25.55593491 -271.69631958 34.12831879
v 25.68570709 -272.00588989 73.79473877
v 25.70029259 -272.05935669 73.74094391
v 25.55593491 -271.69631958 74.12831879
v 25.74482346 -272.36483765 73.45249939
v 25.74599648 -272.44711304 73.38008881
v 25.71579742 -272.72744751 73.15001678
v 25.69006920 -272.83358765 73.06987762
v 25.60033798 -273.07241821 72.90505981
v 25.53411674 -273.19613647 72.82927704
v 25.40523338 -273.37942505 72.73205566
v 25.29124641 -273.50329590 72.67942810
v 25.14196014 -273.63046265 72.64116669
v 24.97715187 -273.73715210 72.62831879
v 24.82599831 -273.81072998 72.63773346
v 24.47593498 -273.90960693 72.72197723
v 24.61323929 -273.88171387 72.67942810
v 24.11235428 -273.92135620 72.88892365
v 24.22430801 -273.92715454 72.82927704
v 23.83686447 -273.87042236 73.06765747
v 23.75408173 -273.84432983 73.13078308
v 23.42861366 -273.68496704 73.42855072
v 23.47731018 -273.71533203 73.37831879
v 23.15061188 -273.45193481 73.76750946
v 23.17015076 -273.47244263 73.74008942
v 22.79885864 -272.82156372 73.76723480
v 22.79186630 -272.79495239 73.74057007
v 22.93631744 -273.15835571 74.12831879
v 22.74651909 -272.46157837 73.42738342
v 22.74626350 -272.40704346 73.37963104
v 22.78237152 -272.09957886 73.12876129
v 22.80233002 -272.02056885 73.06950378
v 22.90431404 -271.75686646 72.88892365
v 22.95813560 -271.65850830 72.82927704
v 23.10517120 -271.45358276 72.72197723
v 23.20100594 -271.35134888 72.67942810
v 23.37313080 -271.20755005 72.63773346
v 23.51510048 -271.11752319 72.62831879
v 23.69243240 -271.03326416 72.64116669
v 23.87901306 -270.97293091 72.67942810
v 24.04430008 -270.94097900 72.73205566
v 24.26794434 -270.92749023 72.82927704
v 24.40803528 -270.93609619 72.90505981
v 24.65538979 -270.98425293 73.06765747
v 24.76529121 -271.02001953 73.15247345
v 25.01494217 -271.13934326 73.37831879
v 25.08758354 -271.18557739 73.45409393
v 25.32210350 -271.38220215 73.74008942
v 25.36091232 -271.42370605 73.79524231
vt 0.08827405 0.62787503
vt 0.08809100 0.37240273
vt 0.07692308 0.38942701
vt 0.15384616 0.27612203
vt 0.07681850 0.61041290
vt 0.17061923 0.74703556
vt 0.17020179 0.25353250
vt 0.23076923 0.17614061
vt 0.15348616 0.72337371
vt 0.25296444 0.84936106
vt 0.25232339 0.15135169
vt 0.23011211 0.82307917
vt 0.30769232 0.90456712
vt 0.30769232 0.09543286
vt 0.33530962 0.92787814
vt 0.33530962 0.07212184
vt 0.38461539 0.96119809
vt 0.38461539 0.03880192
vt 0.41765481 0.02276392
vt 0.41765481 0.97723609
vt 0.46153846 0.99038196
vt 0.46153846 0.00961806
vt 0.50000000 0.00592885
vt 0.50000000 0.99407113
vt 0.53846157 0.99038196
vt 0.53846157 0.00961806
vt 0.58234519 0.02276392
vt 0.58234519 0.97723609
vt 0.61538464 0.96119809
vt 0.61538464 0.03880192
vt 0.66469038 0.92787814
vt 0.69230771 0.90456712
vt 0.69230771 0.09543286
vt 0.66469038 0.07212184
vt 0.74703556 0.15063894
vt 0.74767661 0.84864831
vt 0.76923078 0.82385939
vt 0.76988786 0.17692083
vt 0.82938075 0.25296444
vt 0.82979822 0.74646747
vt 0.84615386 0.72387797
vt 0.84651381 0.27662626
vt 0.91172594 0.37212497
vt 0.91190898 0.62759727
vt 0.92307693 0.61057299
vt 0.92318147 0.38958710
vt 0.99407113 0.50000000
vt 0.00592885 0.50000000
vt 0.71412987 0.01420982
vt 0.71430767 0.98583055
vt 0.70842797 0.98450178
vt 0.75000000 0.99407113
vt 0.70833331 0.01551948
vt 0.67533600 0.02268188
vt 0.67561537 0.97737616
vt 0.66688377 0.97558725
vt 0.66666669 0.02445652
vt 0.63656324 0.03015979
vt 0.63692307 0.96990365
vt 0.62533307 0.96792394
vt 0.62500000 0.03213093
vt 0.59730768 0.03627139
vt 0.59823078 0.96385247
vt 0.58333331 0.96198028
vt 0.58333331 0.03801972
vt 0.55838460 0.04051871
vt 0.55953848 0.95957857
vt 0.54166669 0.95827842
vt 0.54166669 0.04172156
vt 0.51946151 0.04270750
vt 0.52084613 0.95733321
vt 0.50000000 0.95701581
vt 0.50000000 0.04298419
vt 0.48215383 0.95724851
vt 0.48053846 0.04270750
vt 0.45833334 0.04172156
vt 0.44346154 0.95932943
vt 0.44161537 0.04051871
vt 0.41666666 0.03801972
vt 0.45833334 0.95827842
vt 0.40476924 0.96345365
vt 0.40269232 0.03627139
vt 0.41666666 0.96198028
vt 0.37500000 0.96786904
vt 0.37467563 0.03207748
vt 0.36578947 0.96942842
vt 0.36376923 0.03021831
vt 0.33312210 0.02441392
vt 0.32724491 0.97678435
vt 0.32484615 0.02271970
vt 0.29157406 0.01549865
vt 0.33333334 0.97554350
vt 0.28866166 0.98515797
vt 0.28592306 0.01422183
vt 0.25000000 0.00592885
vt 0.29166666 0.98448050
vt 0.21130769 0.98515105
vt 0.20838657 0.98449248
vt 0.20833333 0.01551948
vt 0.21412984 0.01420982
vt 0.25000000 0.99407113
vt 0.17261538 0.97675562
vt 0.16682759 0.97557592
vt 0.16666667 0.02445652
vt 0.17533600 0.02268188
vt 0.13392308 0.96937847
vt 0.12527664 0.96791464
vt 0.12500000 0.03213093
vt 0.13656327 0.03015979
vt 0.09523077 0.96345365
vt 0.08333334 0.96198028
vt 0.08333334 0.03801972
vt 0.09730769 0.03627139
vt 0.05653846 0.95932943
vt 0.04166667 0.95827842
vt 0.04166667 0.04172156
vt 0.05838462 0.04051871
vt 0.01784615 0.95724851
vt 0.00000000 0.95701581
vt 0.00000000 0.04298419
vt 0.01946154 0.04270750
vt 0.98053849 0.04270750
vt -0.02084615 0.95733321
vt 0.95833331 0.95827842
vt 0.95833331 0.04172156
vt 0.94161540 0.04051871
vt 0.94046152 0.95957857
vt 0.91666669 0.96198028
vt 0.91666669 0.03801972
vt 0.90269232 0.03627139
vt 0.90176922 0.96385247
vt 0.87500000 0.96786904
vt 0.87467563 0.03207748
vt 0.86376923 0.03021831
vt 0.86273313 0.96996439
vt 0.83312213 0.02441392
vt 0.82484615 0.02271970
vt 0.83333331 0.97554350
vt 0.82419580 0.97741544
vt 0.79157406 0.01549865
vt 0.78592306 0.01422183
vt 0.79166669 0.98448050
vt 0.78563780 0.98584294
vt 0.75000000 0.00592885
vt 0.91119945 0.37212497
vt 0.91138756 0.62759131
vt 0.92307693 0.60987467
vt 0.84615386 0.72259980
vt 0.92318529 0.39029035
vt 0.82836318 0.25296444
vt 0.82879478 0.74645168
vt 0.76923078 0.82223332
vt 0.84652925 0.27792370
vt 0.74552685 0.15063894
vt 0.74618894 0.84862924
vt 0.76991427 0.17857651
vt 0.69230771 0.09708452
vt 0.69230771 0.90291548
vt 0.66269052 0.07212184
vt 0.66269052 0.92787814
vt 0.61538464 0.95990121
vt 0.57985419 0.97723609
vt 0.61538464 0.04009876
vt 0.57985419 0.02276392
vt 0.53846157 0.01016090
vt 0.53846157 0.98983908
vt 0.49701789 0.99407113
vt 0.49701789 0.00592885
vt 0.46153846 0.00903165
vt 0.46153846 0.99096835
vt 0.41418159 0.02276392
vt 0.38461539 0.03677743
vt 0.38461539 0.96322256
vt 0.41418159 0.97723609
vt 0.33134526 0.07212184
vt 0.30769232 0.09176645
vt 0.30769232 0.90823352
vt 0.33134526 0.92787814
vt 0.24850895 0.84936106
vt 0.24795897 0.15124673
vt 0.23076923 0.17076467
vt 0.23019773 0.82856941
vt 0.16567263 0.74703556
vt 0.16535272 0.25339717
vt 0.15384616 0.26912600
vt 0.15356842 0.73049051
vt 0.08283632 0.62787503
vt 0.08273048 0.37228462
vt 0.07692308 0.38106558
vt 0.07686215 0.61884207
vt 0 0.50000000
vt 0.99403578 0.50000000
vn -0.84345281 -0.47074413 -0.25881904
vn -0.84358418 -0.47081745 -0.25825688
vn -0.85105789 -0.47498864 -0.22379972
vn -0.77841562 -0.43444586 -0.45312899
vn -0.85112280 -0.47502485 -0.22347568
vn -0.75621909 -0.42205763 -0.50000000
vn -0.75679791 -0.42238066 -0.49885020
vn -0.65944791 -0.36804813 -0.65549141
vn -0.77886796 -0.43469831 -0.45210844
vn -0.61745030 -0.34460863 -0.70710677
vn -0.61870742 -0.34531024 -0.70566416
vn -0.66064227 -0.36871472 -0.65391225
vn -0.50123477 -0.27974692 -0.81884390
vn -0.50123477 -0.27974692 -0.81884390
vn -0.43660331 -0.24367510 -0.86602539
vn -0.43660331 -0.24367510 -0.86602539
vn -0.31319192 -0.17479728 -0.93346488
vn -0.31319192 -0.17479728 -0.93346488
vn -0.22600250 -0.12613551 -0.96592581
vn -0.22600250 -0.12613551 -0.96592581
vn -0.10651021 -0.05944500 -0.99253303
vn -0.10651021 -0.05944500 -0.99253303
vn 0.00000000 0.00000000 -1
vn 0.00000000 0.00000000 -1
vn 0.10651021 0.05944500 -0.99253303
vn 0.10651021 0.05944500 -0.99253303
vn 0.22600250 0.12613551 -0.96592581
vn 0.22600250 0.12613551 -0.96592581
vn 0.31319192 0.17479728 -0.93346488
vn 0.31319192 0.17479728 -0.93346488
vn 0.43660331 0.24367510 -0.86602539
vn 0.50123477 0.27974692 -0.81884390
vn 0.50123477 0.27974692 -0.81884390
vn 0.43660331 0.24367510 -0.86602539
vn 0.61745030 0.34460863 -0.70710677
vn 0.61870742 0.34531024 -0.70566416
vn 0.65944791 0.36804813 -0.65549141
vn 0.66064227 0.36871472 -0.65391225
vn 0.75621909 0.42205763 -0.50000000
vn 0.75679791 0.42238066 -0.49885020
vn 0.77841562 0.43444586 -0.45312899
vn 0.77886796 0.43469831 -0.45210844
vn 0.84345281 0.47074413 -0.25881904
vn 0.84358418 0.47081745 -0.25825688
vn 0.85105789 0.47498864 -0.22379972
vn 0.85112280 0.47502485 -0.22347568
vn 0.87320662 0.48735020 0.00000000
vn -0.87320662 -0.48735020 -0.00000000
vn 0.96003371 0.27988443 0.00000000
vn 0.95972031 0.28095707 0.00000000
vn 0.96944267 0.24531800 0.00000000
vn 0.87320662 0.48735020 0.00000000
vn 0.96958834 0.24474163 0.00000000
vn 0.99920309 0.03991425 0.00000000
vn 0.99913150 0.04166821 0.00000000
vn 0.99991310 -0.01318168 0.00000000
vn 0.99989420 -0.01454567 0.00000000
vn 0.97932655 -0.20228578 0.00000000
vn 0.97978133 -0.20007128 0.00000000
vn 0.96262777 -0.27082792 0.00000000
vn 0.96205896 -0.27284169 0.00000000
vn 0.90029854 -0.43527299 0.00000000
vn 0.90280789 -0.43004408 0.00000000
vn 0.85866094 -0.51254404 0.00000000
vn 0.85866094 -0.51254404 0.00000000
vn 0.76811624 -0.64031047 0.00000000
vn 0.77273816 -0.63472497 0.00000000
vn 0.69674665 -0.71731728 0.00000000
vn 0.69674665 -0.71731728 0.00000000
vn 0.59022141 -0.80724144 0.00000000
vn 0.59722179 -0.80207616 0.00000000
vn 0.48735020 -0.87320662 0.00000000
vn 0.48735020 -0.87320662 0.00000000
vn 0.38658139 -0.92225528 0.00000000
vn 0.37720096 -0.92613143 0.00000000
vn 0.24474163 -0.96958834 0.00000000
vn 0.15320522 -0.98819441 0.00000000
vn 0.14173238 -0.98990500 0.00000000
vn -0.01454567 -0.99989420 0.00000000
vn 0.24474163 -0.96958834 0.00000000
vn -0.08918133 -0.99601543 0.00000000
vn -0.10217106 -0.99476683 0.00000000
vn -0.01454567 -0.99989420 0.00000000
vn -0.27284169 -0.96205896 0.00000000
vn -0.27480188 -0.96150088 0.00000000
vn -0.32802969 -0.94466740 0.00000000
vn -0.33999404 -0.94042760 0.00000000
vn -0.51368314 -0.85797995 0.00000000
vn -0.54500878 -0.83843035 0.00000000
vn -0.55758315 -0.83012110 0.00000000
vn -0.71772265 -0.69632906 0.00000000
vn -0.51254404 -0.85866094 0.00000000
vn -0.73034394 -0.68307960 0.00000000
vn -0.74198902 -0.67041200 0.00000000
vn -0.87320662 -0.48735020 0.00000000
vn -0.71731728 -0.69674665 0.00000000
vn -0.96484542 -0.26281795 0.00000000
vn -0.96950644 -0.24506593 0.00000000
vn -0.96958834 -0.24474163 0
vn -0.96003371 -0.27988443 0
vn -0.87320662 -0.48735020 0.00000000
vn -0.99973941 -0.02282874 0.00000000
vn -0.99990839 0.01353468 0.00000000
vn -0.99989420 0.01454567 -0.00000000
vn -0.99920309 -0.03991425 -0.00000000
vn -0.97583628 0.21850309 0.00000000
vn -0.96253175 0.27116907 0.00000000
vn -0.96205896 0.27284169 -0.00000000
vn -0.97932655 0.20228578 -0.00000000
vn -0.89454186 0.44698420 0
vn -0.85866094 0.51254404 0
vn -0.85866094 0.51254404 0
vn -0.90029854 0.43527299 -0.00000000
vn -0.76063728 0.64917713 0
vn -0.69674665 0.71731728 0
vn -0.69674665 0.71731728 0
vn -0.76811624 0.64031047 -0.00000000
vn -0.58199781 0.81319034 0
vn -0.48735020 0.87320662 0
vn -0.48735020 0.87320662 0
vn -0.59022141 0.80724144 -0.00000000
vn -0.37720096 0.92613143 -0.00000000
vn -0.36912963 0.92937791 0
vn -0.24474163 0.96958834 0
vn -0.24474163 0.96958834 0
vn -0.14173238 0.98990500 -0.00000000
vn -0.13455208 0.99090654 0
vn 0.01454567 0.99989420 0
vn 0.01454567 0.99989420 0
vn 0.10217106 0.99476683 -0.00000000
vn 0.10793883 0.99415755 0
vn 0.27284169 0.96205896 0
vn 0.27480188 0.96150088 -0.00000000
vn 0.33999404 0.94042760 -0.00000000
vn 0.34610906 0.93819427 0
vn 0.51368314 0.85797995 -0.00000000
vn 0.55758315 0.83012110 -0.00000000
vn 0.51254404 0.85866094 0.00000000
vn 0.56097066 0.82783568 0.00000000
vn 0.71772265 0.69632906 0
vn 0.74198902 0.67041200 0
vn 0.71731728 0.69674665 0.00000000
vn 0.74318951 0.66908097 0.00000000
vn 0.87320662 0.48735020 0.00000000
vn -0.84345281 -0.47074413 0.25881904
vn -0.84358704 -0.47081903 0.25824475
vn -0.85134035 -0.47514626 0.22238630
vn -0.77955979 -0.43508443 0.45054197
vn -0.85140681 -0.47518337 0.22205235
vn -0.75621909 -0.42205763 0.50000000
vn -0.75681400 -0.42238966 0.49881819
vn -0.66193146 -0.36943424 0.65220016
vn -0.78002602 -0.43534464 0.44948244
vn -0.61745030 -0.34460863 0.70710677
vn -0.61874104 -0.34532899 0.70562553
vn -0.66316015 -0.37011999 0.65056115
vn -0.50537336 -0.28205672 0.81550092
vn -0.50537336 -0.28205672 0.81550092
vn -0.43660331 -0.24367510 0.86602539
vn -0.43660331 -0.24367510 0.86602539
vn -0.31909302 -0.17809078 0.93084013
vn -0.22600250 -0.12613551 0.96592581
vn -0.31909302 -0.17809078 0.93084013
vn -0.22600250 -0.12613551 0.96592581
vn -0.11404607 -0.06365088 0.99143434
vn -0.11404607 -0.06365088 0.99143434
vn -0.00000000 0 1
vn -0.00000000 0 1
vn 0.09770821 0.05453247 0.99371994
vn 0.09770821 0.05453247 0.99371994
vn 0.22600250 0.12613551 0.96592581
vn 0.30371603 0.16950864 0.93756247
vn 0.30371603 0.16950864 0.93756247
vn 0.22600250 0.12613551 0.96592581
vn 0.43660331 0.24367510 0.86602539
vn 0.49186158 0.27451560 0.82626468
vn 0.49186158 0.27451560 0.82626468
vn 0.43660331 0.24367510 0.86602539
vn 0.61745030 0.34460863 0.70710677
vn 0.61852264 0.34520710 0.70587665
vn 0.65107960 0.36337763 0.66637230
vn 0.65212953 0.36396360 0.66502452
vn 0.75621909 0.42205763 0.50000000
vn 0.75666016 0.42230380 0.49912411
vn 0.77200603 0.43086857 0.46728897
vn 0.77236390 0.43106830 0.46651277
vn 0.84345281 0.47074413 0.25881904
vn 0.84352839 0.47078630 0.25849596
vn 0.84752893 0.47301906 0.24072324
vn 0.84756941 0.47304165 0.24053635
vn 0.87320662 0.48735020 0.00000000
vn -0.87320662 -0.48735020 -0.00000000
f 755/1943/1943 756/1944/1944 757/1945/1945
f 755/1943/1943 758/1946/1946 756/1944/1944
f 757/1945/1945 759/1947/1947 755/1943/1943
f 760/1948/1948 761/1949/1949 758/1946/1946
f 760/1948/1948 762/1950/1950 761/1949/1949
f 758/1946/1946 763/1951/1951 760/1948/1948
f 764/1952/1952 765/1953/1953 762/1950/1950
f 762/1950/1950 766/1954/1954 764/1952/1952
f 767/1955/1955 768/1956/1956 765/1953/1953
f 769/1957/1957 770/1958/1958 768/1956/1956
f 768/1956/1956 767/1955/1955 769/1957/1957
f 771/1959/1959 772/1960/1960 770/1958/1958
f 773/1961/1961 772/1960/1960 771/1959/1959
f 771/1959/1959 774/1962/1962 773/1961/1961
f 775/1963/1963 776/1964/1964 773/1961/1961
f 777/1965/1965 776/1964/1964 775/1963/1963
f 777/1965/1965 778/1966/1966 779/1967/1967
f 779/1967/1967 780/1968/1968 777/1965/1965
f 781/1969/1969 782/1970/1970 783/1971/1971
f 781/1969/1969 779/1967/1967 782/1970/1970
f 783/1971/1971 784/1972/1972 781/1969/1969
f 785/1973/1973 786/1974/1974 787/1975/1975
f 787/1975/1975 788/1976/1976 785/1973/1973
f 784/1972/1972 783/1971/1971 785/1973/1973
f 789/1977/1977 790/1978/1978 791/1979/1979
f 791/1979/1979 792/1980/1980 789/1977/1977
f 787/1975/1975 786/1974/1974 790/1978/1978
f 793/1981/1981 794/1982/1982 795/1983/1983
f 793/1981/1981 791/1979/1979 794/1982/1982
f 795/1983/1983 796/1984/1984 793/1981/1981
f 797/1985/1985 798/1986/1986 799/1987/1987
f 797/1985/1985 795/1983/1983 798/1986/1986
f 799/1987/1987 800/1988/1988 797/1985/1985
f 801/1989/1989 800/1988/1988 799/1987/1987
f 797/1985/1985 796/1984/1984 795/1983/1983
f 793/1981/1981 792/1980/1980 791/1979/1979
f 789/1977/1977 787/1975/1975 790/1978/1978
f 788/1976/1976 784/1972/1972 785/1973/1973
f 781/1969/1969 780/1968/1968 779/1967/1967
f 775/1963/1963 778/1966/1966 777/1965/1965
f 774/1962/1962 775/1963/1963 773/1961/1961
f 769/1957/1957 771/1959/1959 770/1958/1958
f 764/1952/1952 767/1955/1955 765/1953/1953
f 760/1948/1948 766/1954/1954 762/1950/1950
f 755/1943/1943 763/1951/1951 758/1946/1946
f 759/1947/1947 757/1945/1945 802/1990/1990
f 759/1991/1991 803/1992/1992 804/1993/1993
f 759/1991/1991 805/1994/1994 803/1992/1992
f 804/1993/1993 755/1995/1995 759/1991/1991
f 763/1996/1996 806/1997/1997 807/1998/1998
f 763/1996/1996 804/1993/1993 806/1997/1997
f 807/1998/1998 760/1999/1999 763/1996/1996
f 766/2000/2000 808/2001/2001 809/2002/2002
f 766/2000/2000 807/1998/1998 808/2001/2001
f 809/2002/2002 764/2003/2003 766/2000/2000
f 767/2004/2004 810/2005/2005 811/2006/2006
f 811/2006/2006 769/2007/2007 767/2004/2004
f 764/2003/2003 809/2002/2002 810/2005/2005
f 771/2008/2008 812/2009/2009 813/2010/2010
f 771/2008/2008 811/2006/2006 812/2009/2009
f 813/2010/2010 774/2011/2011 771/2008/2008
f 775/2012/2012 814/2013/2013 815/2014/2014
f 775/2012/2012 813/2010/2010 814/2013/2013
f 815/2014/2014 778/2015/2015 775/2012/2012
f 816/2016/2016 779/2017/2017 778/2015/2015
f 816/2016/2016 782/2018/2018 779/2017/2017
f 778/2015/2015 815/2014/2014 816/2016/2016
f 817/2019/2019 783/2020/2020 782/2018/2018
f 817/2019/2019 785/2021/2021 783/2020/2020
f 782/2018/2018 818/2022/2022 817/2019/2019
f 819/2023/2023 786/2024/2024 785/2021/2021
f 785/2021/2021 820/2025/2025 819/2023/2023
f 821/2026/2026 790/2027/2027 786/2024/2024
f 822/2028/2028 791/2029/2029 790/2027/2027
f 822/2028/2028 794/2030/2030 791/2029/2029
f 790/2027/2027 821/2026/2026 822/2028/2028
f 823/2031/2031 795/2032/2032 794/2030/2030
f 823/2031/2031 798/2033/2033 795/2032/2032
f 794/2030/2030 824/2034/2034 823/2031/2031
f 825/2035/2035 799/2036/2036 798/2033/2033
f 825/2035/2035 801/2037/2037 799/2036/2036
f 798/2033/2033 826/2038/2038 825/2035/2035
f 827/2039/2039 828/2040/2040 797/2041/2041
f 797/2041/2041 800/2042/2042 827/2039/2039
f 801/2037/2037 829/2043/2043 827/2039/2039
f 830/2044/2044 831/2045/2045 793/2046/2046
f 793/2046/2046 796/2047/2047 830/2044/2044
f 797/2041/2041 828/2040/2040 830/2044/2044
f 832/2048/2048 833/2049/2049 789/2050/2050
f 789/2050/2050 792/2051/2051 832/2048/2048
f 793/2046/2046 831/2045/2045 832/2048/2048
f 834/2052/2052 835/2053/2053 788/2054/2054
f 788/2054/2054 787/2055/2055 834/2052/2052
f 789/2050/2050 833/2049/2049 834/2052/2052
f 836/2056/2056 837/2057/2057 781/2058/2058
f 781/2058/2058 784/2059/2059 836/2056/2056
f 788/2054/2054 835/2053/2053 836/2056/2056
f 838/2060/2060 839/2061/2061 777/2062/2062
f 777/2062/2062 780/2063/2063 838/2060/2060
f 781/2058/2058 837/2057/2057 838/2060/2060
f 776/2064/2064 777/2062/2062 839/2061/2061
f 839/2061/2061 840/2065/2065 776/2064/2064
f 841/2066/2066 773/2067/2067 776/2064/2064
f 772/2068/2068 773/2067/2067 841/2066/2066
f 841/2066/2066 842/2069/2069 772/2068/2068
f 843/2070/2070 770/2071/2071 772/2068/2068
f 768/2072/2072 770/2071/2071 843/2070/2070
f 843/2070/2070 844/2073/2073 768/2072/2072
f 845/2074/2074 765/2075/2075 768/2072/2072
f 762/2076/2076 765/2075/2075 845/2074/2074
f 846/2077/2077 761/2078/2078 762/2076/2076
f 845/2074/2074 846/2077/2077 762/2076/2076
f 758/2079/2079 761/2078/2078 847/2080/2080
f 848/2081/2081 756/2082/2082 758/2079/2079
f 847/2080/2080 848/2081/2081 758/2079/2079
f 757/2083/2083 756/2082/2082 849/2084/2084
f 850/2085/2085 802/2086/2086 757/2083/2083
f 849/2084/2084 850/2085/2085 757/2083/2083
f 850/2085/2085 805/1994/1994 802/2086/2086
f 848/2081/2081 849/2084/2084 756/2082/2082
f 846/2077/2077 847/2080/2080 761/2078/2078
f 844/2073/2073 845/2074/2074 768/2072/2072
f 842/2069/2069 843/2070/2070 772/2068/2068
f 840/2065/2065 841/2066/2066 776/2064/2064
f 780/2063/2063 781/2058/2058 838/2060/2060
f 784/2059/2059 788/2054/2054 836/2056/2056
f 787/2055/2055 789/2050/2050 834/2052/2052
f 792/2051/2051 793/2046/2046 832/2048/2048
f 796/2047/2047 797/2041/2041 830/2044/2044
f 800/2042/2042 801/2037/2037 827/2039/2039
f 825/2035/2035 829/2043/2043 801/2037/2037
f 823/2031/2031 826/2038/2038 798/2033/2033
f 822/2028/2028 824/2034/2034 794/2030/2030
f 819/2023/2023 821/2026/2026 786/2024/2024
f 817/2019/2019 820/2025/2025 785/2021/2021
f 816/2016/2016 818/2022/2022 782/2018/2018
f 775/2012/2012 774/2011/2011 813/2010/2010
f 771/2008/2008 769/2007/2007 811/2006/2006
f 767/2004/2004 764/2003/2003 810/2005/2005
f 766/2000/2000 760/1999/1999 807/1998/1998
f 763/1996/1996 755/1995/1995 804/1993/1993
f 759/1991/1991 802/2086/2086 805/1994/1994
f 849/2087/2087 804/2088/2088 803/2089/2089
f 849/2087/2087 806/2090/2090 804/2088/2088
f 803/2089/2089 850/2091/2091 849/2087/2087
f 847/2092/2092 807/2093/2093 806/2090/2090
f 847/2092/2092 808/2094/2094 807/2093/2093
f 806/2090/2090 848/2095/2095 847/2092/2092
f 845/2096/2096 809/2097/2097 808/2094/2094
f 808/2094/2094 846/2098/2098 845/2096/2096
f 844/2099/2099 810/2100/2100 809/2097/2097
f 843/2101/2101 811/2102/2102 810/2100/2100
f 843/2101/2101 812/2103/2103 811/2102/2102
f 810/2100/2100 844/2099/2099 843/2101/2101
f 813/2104/2104 812/2103/2103 842/2105/2105
f 842/2105/2105 841/2106/2106 813/2104/2104
f 840/2107/2107 814/2108/2108 813/2104/2104
f 815/2109/2109 814/2108/2108 840/2107/2107
f 815/2109/2109 839/2110/2110 838/2111/2111
f 838/2111/2111 816/2112/2112 815/2109/2109
f 837/2113/2113 836/2114/2114 817/2115/2115
f 817/2115/2115 818/2116/2116 837/2113/2113
f 816/2112/2112 838/2111/2111 837/2113/2113
f 835/2117/2117 834/2118/2118 819/2119/2119
f 819/2119/2119 820/2120/2120 835/2117/2117
f 817/2115/2115 836/2114/2114 835/2117/2117
f 821/2121/2121 833/2122/2122 832/2123/2123
f 832/2123/2123 822/2124/2124 821/2121/2121
f 819/2119/2119 834/2118/2118 833/2122/2122
f 824/2125/2125 831/2126/2126 830/2127/2127
f 824/2125/2125 832/2123/2123 831/2126/2126
f 830/2127/2127 823/2128/2128 824/2125/2125
f 826/2129/2129 828/2130/2130 827/2131/2131
f 826/2129/2129 830/2127/2127 828/2130/2130
f 827/2131/2131 825/2132/2132 826/2129/2129
f 829/2133/2133 825/2132/2132 827/2131/2131
f 826/2129/2129 823/2128/2128 830/2127/2127
f 824/2125/2125 822/2124/2124 832/2123/2123
f 821/2121/2121 819/2119/2119 833/2122/2122
f 820/2120/2120 817/2115/2115 835/2117/2117
f 818/2116/2116 816/2112/2112 837/2113/2113
f 840/2107/2107 839/2110/2110 815/2109/2109
f 841/2106/2106 840/2107/2107 813/2104/2104
f 843/2101/2101 842/2105/2105 812/2103/2103
f 845/2096/2096 844/2099/2099 809/2097/2097
f 847/2092/2092 846/2098/2098 808/2094/2094
f 849/2087/2087 848/2095/2095 806/2090/2090
f 850/2091/2091 803/2089/2089 805/2134/2134
o Solid.036
usemtl f0f14e33_f81f_480f_8d49_56bbe20ec2c5
v 11.08000374 -245.86402893 34.51654434
v 10.70220470 -245.18664551 34.51570129
v 10.73860455 -245.22552490 34.46401596
v 10.46199608 -244.98596191 34.80801010
v 11.06567192 -245.81132507 34.46353149
v 11.12546253 -246.25294495 34.87831497
v 10.39614582 -244.94416809 34.87659073
v 10.13561153 -244.82049561 35.11155701
v 11.12442493 -246.17126465 34.80648041
v 11.06870937 -246.64039612 35.18897629
v 10.03782368 -244.78887939 35.18681335
v 11.09461117 -246.53456116 35.10918427
v 10.97606850 -246.88403320 35.35658264
v 9.77887726 -244.73898315 35.35658264
v 10.91361237 -246.99995422 35.42735672
v 9.64743900 -244.73127747 35.42735672
v 9.41302299 -244.74627686 35.52851486
v 9.25850868 -244.77674866 35.57720566
v 10.77779579 -247.19158936 35.52851486
v 10.67074108 -247.30711365 35.57720566
v 10.51095295 -247.44200134 35.61711502
v 9.05981922 -244.84193420 35.61711502
v 8.89459515 -244.92132568 35.62831497
v 10.35664558 -247.54095459 35.62831497
v 10.19142246 -247.62034607 35.61711502
v 8.74028873 -245.02026367 35.61711502
v 8.58050156 -245.15516663 35.57720566
v 9.99273396 -247.68553162 35.57720566
v 9.83821964 -247.71600342 35.52851486
v 8.47344685 -245.27067566 35.52851486
v 9.60380268 -247.73097229 35.42735672
v 9.47236443 -247.72329712 35.35658264
v 8.27517319 -245.57821655 35.35658264
v 8.33762932 -245.46232605 35.42735672
v 8.18253231 -245.82188416 35.18897629
v 9.21341896 -247.67338562 35.18681335
v 9.11562920 -247.64178467 35.11155701
v 8.15663147 -245.92771912 35.10918427
v 8.12578011 -246.20930481 34.87831497
v 8.85509586 -247.51811218 34.87659073
v 8.78924656 -247.47631836 34.80801010
v 8.12681580 -246.29101563 34.80648041
v 8.17123890 -246.59823608 34.51654434
v 8.54903698 -247.27563477 34.51570129
v 8.51263809 -247.23675537 34.46401596
v 8.18557072 -246.65095520 34.46353149
v 8.31581116 -246.96215820 34.12831879
v 10.93543053 -245.50010681 34.12831879
v 11.06520176 -245.80969238 73.79473877
v 11.07978535 -245.86315918 73.74094391
v 10.93543053 -245.50010681 74.12831879
v 11.12431812 -246.16864014 73.45249939
v 11.12549114 -246.25091553 73.38008881
v 11.09529305 -246.53125000 73.15001678
v 11.06956291 -246.63737488 73.06987762
v 10.97983265 -246.87619019 72.90505981
v 10.91361237 -246.99995422 72.82927704
v 10.78472805 -247.18322754 72.73205566
v 10.67074108 -247.30711365 72.67942810
v 10.52145386 -247.43426514 72.64116669
v 10.35664558 -247.54095459 72.62831879
v 10.20549297 -247.61453247 72.63773346
v 9.85542870 -247.71342468 72.72197723
v 9.99273396 -247.68553162 72.67942810
v 9.49184895 -247.72515869 72.88892365
v 9.60380268 -247.73097229 72.82927704
v 9.21635818 -247.67422485 73.06765747
v 9.13357639 -247.64814758 73.13078308
v 8.80810738 -247.48878479 73.42855072
v 8.85680580 -247.51913452 73.37831879
v 8.53010464 -247.25575256 73.76750946
v 8.54964447 -247.27626038 73.74008942
v 8.17835236 -246.62535095 73.76723480
v 8.17136192 -246.59873962 73.74057007
v 8.31581116 -246.96215820 74.12831879
v 8.12601185 -246.26538086 73.42738342
v 8.12575817 -246.21083069 73.37963104
v 8.16186714 -245.90336609 73.12876129
v 8.18182373 -245.82438660 73.06950378
v 8.28380775 -245.56066895 72.88892365
v 8.33762932 -245.46232605 72.82927704
v 8.48466492 -245.25738525 72.72197723
v 8.58050156 -245.15516663 72.67942810
v 8.75262451 -245.01135254 72.63773346
v 8.89459515 -244.92132568 72.62831879
v 9.07192707 -244.83706665 72.64116669
v 9.25850868 -244.77674866 72.67942810
v 9.42379284 -244.74478149 72.73205566
v 9.64743900 -244.73127747 72.82927704
v 9.78752899 -244.73988342 72.90505981
v 10.03488350 -244.78805542 73.06765747
v 10.14478397 -244.82383728 73.15247345
v 10.39443684 -244.94314575 73.37831879
v 10.46707726 -244.98936462 73.45409393
v 10.70159721 -245.18601990 73.74008942
v 10.74040508 -245.22750854 73.79524231
vt 0.08827405 0.62787503
vt 0.08809100 0.37240273
vt 0.07692308 0.38942701
vt 0.15384616 0.27612203
vt 0.07681850 0.61041290
vt 0.17061923 0.74703556
vt 0.17020179 0.25353250
vt 0.23076923 0.17614061
vt 0.15348616 0.72337371
vt 0.25296444 0.84936106
vt 0.25232339 0.15135169
vt 0.23011211 0.82307917
vt 0.30769232 0.90456712
vt 0.30769232 0.09543286
vt 0.33530962 0.92787814
vt 0.33530962 0.07212184
vt 0.38461539 0.03880192
vt 0.41765481 0.02276392
vt 0.38461539 0.96119809
vt 0.41765481 0.97723609
vt 0.46153846 0.99038196
vt 0.46153846 0.00961806
vt 0.50000000 0.00592885
vt 0.50000000 0.99407113
vt 0.53846157 0.99038196
vt 0.53846157 0.00961806
vt 0.58234519 0.02276392
vt 0.58234519 0.97723609
vt 0.61538464 0.96119809
vt 0.61538464 0.03880192
vt 0.66469038 0.92787814
vt 0.69230771 0.90456712
vt 0.69230771 0.09543286
vt 0.66469038 0.07212184
vt 0.74703556 0.15063894
vt 0.74767661 0.84864831
vt 0.76923078 0.82385939
vt 0.76988786 0.17692083
vt 0.82938075 0.25296444
vt 0.82979822 0.74646747
vt 0.84615386 0.72387797
vt 0.84651381 0.27662626
vt 0.91172594 0.37212497
vt 0.91190898 0.62759727
vt 0.92307693 0.61057299
vt 0.92318147 0.38958710
vt 0.99407113 0.50000000
vt 0.00592885 0.50000000
vt 0.71412987 0.01420982
vt 0.71430767 0.98583055
vt 0.70842797 0.98450178
vt 0.75000000 0.99407113
vt 0.70833331 0.01551948
vt 0.67533600 0.02268188
vt 0.67561537 0.97737616
vt 0.66688377 0.97558725
vt 0.66666669 0.02445652
vt 0.63656324 0.03015979
vt 0.63692307 0.96990365
vt 0.62533307 0.96792394
vt 0.62500000 0.03213093
vt 0.59730768 0.03627139
vt 0.59823078 0.96385247
vt 0.58333331 0.96198028
vt 0.58333331 0.03801972
vt 0.55838460 0.04051871
vt 0.55953848 0.95957857
vt 0.54166669 0.95827842
vt 0.54166669 0.04172156
vt 0.51946151 0.04270750
vt 0.52084613 0.95733321
vt 0.50000000 0.95701581
vt 0.50000000 0.04298419
vt 0.48215383 0.95724851
vt 0.48053846 0.04270750
vt 0.45833334 0.04172156
vt 0.44346154 0.95932943
vt 0.44161537 0.04051871
vt 0.41666666 0.03801972
vt 0.45833334 0.95827842
vt 0.40476924 0.96345365
vt 0.40269232 0.03627139
vt 0.41666666 0.96198028
vt 0.37500000 0.96786904
vt 0.37467563 0.03207748
vt 0.36578947 0.96942842
vt 0.36376923 0.03021831
vt 0.33312210 0.02441392
vt 0.32724491 0.97678435
vt 0.32484615 0.02271970
vt 0.29157406 0.01549865
vt 0.33333334 0.97554350
vt 0.28866166 0.98515797
vt 0.28592306 0.01422183
vt 0.25000000 0.00592885
vt 0.29166666 0.98448050
vt 0.21130769 0.98515105
vt 0.20838657 0.98449248
vt 0.20833333 0.01551948
vt 0.21412984 0.01420982
vt 0.25000000 0.99407113
vt 0.17261538 0.97675562
vt 0.16682759 0.97557592
vt 0.16666667 0.02445652
vt 0.17533600 0.02268188
vt 0.13392308 0.96937847
vt 0.12527664 0.96791464
vt 0.12500000 0.03213093
vt 0.13656327 0.03015979
vt 0.09523077 0.96345365
vt 0.08333334 0.96198028
vt 0.08333334 0.03801972
vt 0.09730769 0.03627139
vt 0.05653846 0.95932943
vt 0.04166667 0.95827842
vt 0.04166667 0.04172156
vt 0.05838462 0.04051871
vt 0.01784615 0.95724851
vt 0.00000000 0.95701581
vt 0.00000000 0.04298419
vt 0.01946154 0.04270750
vt 0.98053849 0.04270750
vt -0.02084615 0.95733321
vt 0.95833331 0.95827842
vt 0.95833331 0.04172156
vt 0.94161540 0.04051871
vt 0.94046152 0.95957857
vt 0.91666669 0.96198028
vt 0.91666669 0.03801972
vt 0.90269232 0.03627139
vt 0.90176922 0.96385247
vt 0.87500000 0.96786904
vt 0.87467563 0.03207748
vt 0.86376923 0.03021831
vt 0.86273313 0.96996439
vt 0.83312213 0.02441392
vt 0.82484615 0.02271970
vt 0.83333331 0.97554350
vt 0.82419580 0.97741544
vt 0.79157406 0.01549865
vt 0.78592306 0.01422183
vt 0.79166669 0.98448050
vt 0.78563780 0.98584294
vt 0.75000000 0.00592885
vt 0.91119945 0.37212497
vt 0.91138756 0.62759131
vt 0.92307693 0.60987467
vt 0.84615386 0.72259980
vt 0.92318529 0.39029035
vt 0.82836318 0.25296444
vt 0.82879478 0.74645168
vt 0.76923078 0.82223332
vt 0.84652925 0.27792370
vt 0.74552685 0.15063894
vt 0.74618894 0.84862924
vt 0.76991427 0.17857651
vt 0.69230771 0.09708452
vt 0.69230771 0.90291548
vt 0.66269052 0.07212184
vt 0.66269052 0.92787814
vt 0.61538464 0.95990121
vt 0.57985419 0.97723609
vt 0.61538464 0.04009876
vt 0.57985419 0.02276392
vt 0.53846157 0.98983908
vt 0.49701789 0.99407113
vt 0.53846157 0.01016090
vt 0.49701789 0.00592885
vt 0.46153846 0.00903165
vt 0.46153846 0.99096835
vt 0.41418159 0.97723609
vt 0.41418159 0.02276392
vt 0.38461539 0.03677743
vt 0.38461539 0.96322256
vt 0.33134526 0.07212184
vt 0.30769232 0.09176645
vt 0.30769232 0.90823352
vt 0.33134526 0.92787814
vt 0.24850895 0.84936106
vt 0.24795897 0.15124673
vt 0.23076923 0.17076467
vt 0.23019773 0.82856941
vt 0.16567263 0.74703556
vt 0.16535272 0.25339717
vt 0.15384616 0.26912600
vt 0.15356842 0.73049051
vt 0.08283632 0.62787503
vt 0.08273048 0.37228462
vt 0.07692308 0.38106558
vt 0.07686215 0.61884207
vt 0 0.50000000
vt 0.99403578 0.50000000
vn -0.84345281 -0.47074413 -0.25881904
vn -0.84358418 -0.47081745 -0.25825688
vn -0.85105789 -0.47498864 -0.22379972
vn -0.77841562 -0.43444586 -0.45312899
vn -0.85112280 -0.47502485 -0.22347568
vn -0.75621909 -0.42205763 -0.50000000
vn -0.75679791 -0.42238066 -0.49885020
vn -0.65944791 -0.36804813 -0.65549141
vn -0.77886796 -0.43469831 -0.45210844
vn -0.61745030 -0.34460863 -0.70710677
vn -0.61870742 -0.34531024 -0.70566416
vn -0.66064227 -0.36871472 -0.65391225
vn -0.50123477 -0.27974692 -0.81884390
vn -0.50123477 -0.27974692 -0.81884390
vn -0.43660331 -0.24367510 -0.86602539
vn -0.43660331 -0.24367510 -0.86602539
vn -0.31319192 -0.17479728 -0.93346488
vn -0.22600250 -0.12613551 -0.96592581
vn -0.31319192 -0.17479728 -0.93346488
vn -0.22600250 -0.12613551 -0.96592581
vn -0.10651021 -0.05944500 -0.99253303
vn -0.10651021 -0.05944500 -0.99253303
vn 0.00000000 0.00000000 -1
vn 0.00000000 0.00000000 -1
vn 0.10651021 0.05944500 -0.99253303
vn 0.10651021 0.05944500 -0.99253303
vn 0.22600250 0.12613551 -0.96592581
vn 0.22600250 0.12613551 -0.96592581
vn 0.31319192 0.17479728 -0.93346488
vn 0.31319192 0.17479728 -0.93346488
vn 0.43660331 0.24367510 -0.86602539
vn 0.50123477 0.27974692 -0.81884390
vn 0.50123477 0.27974692 -0.81884390
vn 0.43660331 0.24367510 -0.86602539
vn 0.61745030 0.34460863 -0.70710677
vn 0.61870742 0.34531024 -0.70566416
vn 0.65944791 0.36804813 -0.65549141
vn 0.66064227 0.36871472 -0.65391225
vn 0.75621909 0.42205763 -0.50000000
vn 0.75679791 0.42238066 -0.49885020
vn 0.77841562 0.43444586 -0.45312899
vn 0.77886796 0.43469831 -0.45210844
vn 0.84345281 0.47074413 -0.25881904
vn 0.84358418 0.47081745 -0.25825688
vn 0.85105789 0.47498864 -0.22379972
vn 0.85112280 0.47502485 -0.22347568
vn 0.87320662 0.48735020 0.00000000
vn -0.87320662 -0.48735020 0.00000000
vn 0.96003371 0.27988443 0.00000000
vn 0.95972031 0.28095707 0.00000000
vn 0.96944267 0.24531800 0.00000000
vn 0.87320662 0.48735020 0.00000000
vn 0.96958834 0.24474163 0.00000000
vn 0.99920309 0.03991425 0.00000000
vn 0.99913150 0.04166821 0.00000000
vn 0.99991310 -0.01318168 0.00000000
vn 0.99989420 -0.01454567 0.00000000
vn 0.97932655 -0.20228578 0.00000000
vn 0.97978133 -0.20007128 0.00000000
vn 0.96262777 -0.27082792 0.00000000
vn 0.96205896 -0.27284169 0.00000000
vn 0.90029854 -0.43527299 0.00000000
vn 0.90280789 -0.43004408 0.00000000
vn 0.85866094 -0.51254404 0.00000000
vn 0.85866094 -0.51254404 0.00000000
vn 0.76811624 -0.64031047 0.00000000
vn 0.77273816 -0.63472497 0.00000000
vn 0.69674665 -0.71731728 0.00000000
vn 0.69674665 -0.71731728 0.00000000
vn 0.59022141 -0.80724144 0.00000000
vn 0.59722179 -0.80207616 0.00000000
vn 0.48735020 -0.87320662 0.00000000
vn 0.48735020 -0.87320662 0.00000000
vn 0.38658139 -0.92225528 0.00000000
vn 0.37720096 -0.92613143 0.00000000
vn 0.24474163 -0.96958834 0.00000000
vn 0.15320522 -0.98819441 0.00000000
vn 0.14173238 -0.98990500 0.00000000
vn -0.01454567 -0.99989420 0.00000000
vn 0.24474163 -0.96958834 0.00000000
vn -0.08918133 -0.99601543 0.00000000
vn -0.10217106 -0.99476683 0.00000000
vn -0.01454567 -0.99989420 0.00000000
vn -0.27284169 -0.96205896 0.00000000
vn -0.27480188 -0.96150088 0.00000000
vn -0.32802969 -0.94466740 0.00000000
vn -0.33999404 -0.94042760 0.00000000
vn -0.51368314 -0.85797995 0.00000000
vn -0.54500878 -0.83843035 0.00000000
vn -0.55758315 -0.83012110 0.00000000
vn -0.71772265 -0.69632906 0.00000000
vn -0.51254404 -0.85866094 0.00000000
vn -0.73034394 -0.68307960 0.00000000
vn -0.74198902 -0.67041200 0.00000000
vn -0.87320662 -0.48735020 0.00000000
vn -0.71731728 -0.69674665 0.00000000
vn -0.96484542 -0.26281795 0.00000000
vn -0.96950644 -0.24506593 0.00000000
vn -0.96958834 -0.24474163 0
vn -0.96003371 -0.27988443 0
vn -0.87320662 -0.48735020 0.00000000
vn -0.99973941 -0.02282874 0.00000000
vn -0.99990839 0.01353468 0.00000000
vn -0.99989420 0.01454567 -0.00000000
vn -0.99920309 -0.03991425 -0.00000000
vn -0.97583628 0.21850309 0.00000000
vn -0.96253175 0.27116907 0.00000000
vn -0.96205896 0.27284169 -0.00000000
vn -0.97932655 0.20228578 -0.00000000
vn -0.89454186 0.44698420 0
vn -0.85866094 0.51254404 0
vn -0.85866094 0.51254404 0
vn -0.90029854 0.43527299 -0.00000000
vn -0.76063728 0.64917713 0
vn -0.69674665 0.71731728 0
vn -0.69674665 0.71731728 0
vn -0.76811624 0.64031047 -0.00000000
vn -0.58199781 0.81319034 0
vn -0.48735020 0.87320662 0
vn -0.48735020 0.87320662 0
vn -0.59022141 0.80724144 -0.00000000
vn -0.37720096 0.92613143 -0.00000000
vn -0.36912963 0.92937791 0
vn -0.24474163 0.96958834 0
vn -0.24474163 0.96958834 0
vn -0.14173238 0.98990500 -0.00000000
vn -0.13455208 0.99090654 0
vn 0.01454567 0.99989420 0
vn 0.01454567 0.99989420 0
vn 0.10217106 0.99476683 -0.00000000
vn 0.10793883 0.99415755 0
vn 0.27284169 0.96205896 0
vn 0.27480188 0.96150088 -0.00000000
vn 0.33999404 0.94042760 -0.00000000
vn 0.34610906 0.93819427 0
vn 0.51368314 0.85797995 -0.00000000
vn 0.55758315 0.83012110 -0.00000000
vn 0.51254404 0.85866094 0.00000000
vn 0.56097066 0.82783568 0.00000000
vn 0.71772265 0.69632906 0
vn 0.74198902 0.67041200 0
vn 0.71731728 0.69674665 0.00000000
vn 0.74318951 0.66908097 0.00000000
vn 0.87320662 0.48735020 0.00000000
vn -0.84345281 -0.47074413 0.25881904
vn -0.84358704 -0.47081903 0.25824475
vn -0.85134035 -0.47514626 0.22238630
vn -0.77955979 -0.43508443 0.45054197
vn -0.85140681 -0.47518337 0.22205235
vn -0.75621909 -0.42205763 0.50000000
vn -0.75681400 -0.42238966 0.49881819
vn -0.66193146 -0.36943424 0.65220016
vn -0.78002602 -0.43534464 0.44948244
vn -0.61745030 -0.34460863 0.70710677
vn -0.61874104 -0.34532899 0.70562553
vn -0.66316015 -0.37011999 0.65056115
vn -0.50537336 -0.28205672 0.81550092
vn -0.50537336 -0.28205672 0.81550092
vn -0.43660331 -0.24367510 0.86602539
vn -0.43660331 -0.24367510 0.86602539
vn -0.31909302 -0.17809078 0.93084013
vn -0.22600250 -0.12613551 0.96592581
vn -0.31909302 -0.17809078 0.93084013
vn -0.22600250 -0.12613551 0.96592581
vn -0.11404607 -0.06365088 0.99143434
vn 0.00000000 0 1
vn -0.11404607 -0.06365088 0.99143434
vn 0.00000000 0 1
vn 0.09770821 0.05453247 0.99371994
vn 0.09770821 0.05453247 0.99371994
vn 0.22600250 0.12613551 0.96592581
vn 0.22600250 0.12613551 0.96592581
vn 0.30371603 0.16950864 0.93756247
vn 0.30371603 0.16950864 0.93756247
vn 0.43660331 0.24367510 0.86602539
vn 0.49186158 0.27451560 0.82626468
vn 0.49186158 0.27451560 0.82626468
vn 0.43660331 0.24367510 0.86602539
vn 0.61745030 0.34460863 0.70710677
vn 0.61852264 0.34520710 0.70587665
vn 0.65107960 0.36337763 0.66637230
vn 0.65212953 0.36396360 0.66502452
vn 0.75621909 0.42205763 0.50000000
vn 0.75666016 0.42230380 0.49912411
vn 0.77200603 0.43086857 0.46728897
vn 0.77236390 0.43106830 0.46651277
vn 0.84345281 0.47074413 0.25881904
vn 0.84352839 0.47078630 0.25849596
vn 0.84752893 0.47301906 0.24072324
vn 0.84756941 0.47304165 0.24053635
vn 0.87320662 0.48735020 0.00000000
vn -0.87320662 -0.48735020 -0.00000000
f 851/2135/2135 852/2136/2136 853/2137/2137
f 851/2135/2135 854/2138/2138 852/2136/2136
f 853/2137/2137 855/2139/2139 851/2135/2135
f 856/2140/2140 857/2141/2141 854/2138/2138
f 856/2140/2140 858/2142/2142 857/2141/2141
f 854/2138/2138 859/2143/2143 856/2140/2140
f 860/2144/2144 861/2145/2145 858/2142/2142
f 858/2142/2142 862/2146/2146 860/2144/2144
f 863/2147/2147 864/2148/2148 861/2145/2145
f 865/2149/2149 866/2150/2150 864/2148/2148
f 865/2149/2149 867/2151/2151 866/2150/2150
f 864/2148/2148 863/2147/2147 865/2149/2149
f 868/2152/2152 867/2151/2151 869/2153/2153
f 869/2153/2153 870/2154/2154 868/2152/2152
f 871/2155/2155 872/2156/2156 868/2152/2152
f 873/2157/2157 872/2156/2156 871/2155/2155
f 873/2157/2157 874/2158/2158 875/2159/2159
f 875/2159/2159 876/2160/2160 873/2157/2157
f 877/2161/2161 878/2162/2162 879/2163/2163
f 877/2161/2161 875/2159/2159 878/2162/2162
f 879/2163/2163 880/2164/2164 877/2161/2161
f 881/2165/2165 882/2166/2166 883/2167/2167
f 883/2167/2167 884/2168/2168 881/2165/2165
f 880/2164/2164 879/2163/2163 881/2165/2165
f 885/2169/2169 886/2170/2170 887/2171/2171
f 887/2171/2171 888/2172/2172 885/2169/2169
f 883/2167/2167 882/2166/2166 886/2170/2170
f 889/2173/2173 890/2174/2174 891/2175/2175
f 889/2173/2173 887/2171/2171 890/2174/2174
f 891/2175/2175 892/2176/2176 889/2173/2173
f 893/2177/2177 894/2178/2178 895/2179/2179
f 893/2177/2177 891/2175/2175 894/2178/2178
f 895/2179/2179 896/2180/2180 893/2177/2177
f 897/2181/2181 896/2180/2180 895/2179/2179
f 893/2177/2177 892/2176/2176 891/2175/2175
f 889/2173/2173 888/2172/2172 887/2171/2171
f 885/2169/2169 883/2167/2167 886/2170/2170
f 884/2168/2168 880/2164/2164 881/2165/2165
f 877/2161/2161 876/2160/2160 875/2159/2159
f 871/2155/2155 874/2158/2158 873/2157/2157
f 870/2154/2154 871/2155/2155 868/2152/2152
f 865/2149/2149 869/2153/2153 867/2151/2151
f 860/2144/2144 863/2147/2147 861/2145/2145
f 856/2140/2140 862/2146/2146 858/2142/2142
f 851/2135/2135 859/2143/2143 854/2138/2138
f 855/2139/2139 853/2137/2137 898/2182/2182
f 855/2183/2183 899/2184/2184 900/2185/2185
f 855/2183/2183 901/2186/2186 899/2184/2184
f 900/2185/2185 851/2187/2187 855/2183/2183
f 859/2188/2188 902/2189/2189 903/2190/2190
f 859/2188/2188 900/2185/2185 902/2189/2189
f 903/2190/2190 856/2191/2191 859/2188/2188
f 862/2192/2192 904/2193/2193 905/2194/2194
f 862/2192/2192 903/2190/2190 904/2193/2193
f 905/2194/2194 860/2195/2195 862/2192/2192
f 863/2196/2196 906/2197/2197 907/2198/2198
f 907/2198/2198 865/2199/2199 863/2196/2196
f 860/2195/2195 905/2194/2194 906/2197/2197
f 869/2200/2200 908/2201/2201 909/2202/2202
f 869/2200/2200 907/2198/2198 908/2201/2201
f 909/2202/2202 870/2203/2203 869/2200/2200
f 871/2204/2204 910/2205/2205 911/2206/2206
f 871/2204/2204 909/2202/2202 910/2205/2205
f 911/2206/2206 874/2207/2207 871/2204/2204
f 912/2208/2208 875/2209/2209 874/2207/2207
f 912/2208/2208 878/2210/2210 875/2209/2209
f 874/2207/2207 911/2206/2206 912/2208/2208
f 913/2211/2211 879/2212/2212 878/2210/2210
f 913/2211/2211 881/2213/2213 879/2212/2212
f 878/2210/2210 914/2214/2214 913/2211/2211
f 915/2215/2215 882/2216/2216 881/2213/2213
f 881/2213/2213 916/2217/2217 915/2215/2215
f 917/2218/2218 886/2219/2219 882/2216/2216
f 918/2220/2220 887/2221/2221 886/2219/2219
f 918/2220/2220 890/2222/2222 887/2221/2221
f 886/2219/2219 917/2218/2218 918/2220/2220
f 919/2223/2223 891/2224/2224 890/2222/2222
f 919/2223/2223 894/2225/2225 891/2224/2224
f 890/2222/2222 920/2226/2226 919/2223/2223
f 921/2227/2227 895/2228/2228 894/2225/2225
f 921/2227/2227 897/2229/2229 895/2228/2228
f 894/2225/2225 922/2230/2230 921/2227/2227
f 923/2231/2231 924/2232/2232 893/2233/2233
f 893/2233/2233 896/2234/2234 923/2231/2231
f 897/2229/2229 925/2235/2235 923/2231/2231
f 926/2236/2236 927/2237/2237 889/2238/2238
f 889/2238/2238 892/2239/2239 926/2236/2236
f 893/2233/2233 924/2232/2232 926/2236/2236
f 928/2240/2240 929/2241/2241 885/2242/2242
f 885/2242/2242 888/2243/2243 928/2240/2240
f 889/2238/2238 927/2237/2237 928/2240/2240
f 930/2244/2244 931/2245/2245 884/2246/2246
f 884/2246/2246 883/2247/2247 930/2244/2244
f 885/2242/2242 929/2241/2241 930/2244/2244
f 932/2248/2248 933/2249/2249 877/2250/2250
f 877/2250/2250 880/2251/2251 932/2248/2248
f 884/2246/2246 931/2245/2245 932/2248/2248
f 934/2252/2252 935/2253/2253 873/2254/2254
f 873/2254/2254 876/2255/2255 934/2252/2252
f 877/2250/2250 933/2249/2249 934/2252/2252
f 872/2256/2256 873/2254/2254 935/2253/2253
f 935/2253/2253 936/2257/2257 872/2256/2256
f 937/2258/2258 868/2259/2259 872/2256/2256
f 867/2260/2260 868/2259/2259 937/2258/2258
f 937/2258/2258 938/2261/2261 867/2260/2260
f 939/2262/2262 866/2263/2263 867/2260/2260
f 864/2264/2264 866/2263/2263 939/2262/2262
f 939/2262/2262 940/2265/2265 864/2264/2264
f 941/2266/2266 861/2267/2267 864/2264/2264
f 858/2268/2268 861/2267/2267 941/2266/2266
f 942/2269/2269 857/2270/2270 858/2268/2268
f 941/2266/2266 942/2269/2269 858/2268/2268
f 854/2271/2271 857/2270/2270 943/2272/2272
f 944/2273/2273 852/2274/2274 854/2271/2271
f 943/2272/2272 944/2273/2273 854/2271/2271
f 853/2275/2275 852/2274/2274 945/2276/2276
f 946/2277/2277 898/2278/2278 853/2275/2275
f 945/2276/2276 946/2277/2277 853/2275/2275
f 946/2277/2277 901/2186/2186 898/2278/2278
f 944/2273/2273 945/2276/2276 852/2274/2274
f 942/2269/2269 943/2272/2272 857/2270/2270
f 940/2265/2265 941/2266/2266 864/2264/2264
f 938/2261/2261 939/2262/2262 867/2260/2260
f 936/2257/2257 937/2258/2258 872/2256/2256
f 876/2255/2255 877/2250/2250 934/2252/2252
f 880/2251/2251 884/2246/2246 932/2248/2248
f 883/2247/2247 885/2242/2242 930/2244/2244
f 888/2243/2243 889/2238/2238 928/2240/2240
f 892/2239/2239 893/2233/2233 926/2236/2236
f 896/2234/2234 897/2229/2229 923/2231/2231
f 921/2227/2227 925/2235/2235 897/2229/2229
f 919/2223/2223 922/2230/2230 894/2225/2225
f 918/2220/2220 920/2226/2226 890/2222/2222
f 915/2215/2215 917/2218/2218 882/2216/2216
f 913/2211/2211 916/2217/2217 881/2213/2213
f 912/2208/2208 914/2214/2214 878/2210/2210
f 871/2204/2204 870/2203/2203 909/2202/2202
f 869/2200/2200 865/2199/2199 907/2198/2198
f 863/2196/2196 860/2195/2195 906/2197/2197
f 862/2192/2192 856/2191/2191 903/2190/2190
f 859/2188/2188 851/2187/2187 900/2185/2185
f 855/2183/2183 898/2278/2278 901/2186/2186
f 945/2279/2279 900/2280/2280 899/2281/2281
f 945/2279/2279 902/2282/2282 900/2280/2280
f 899/2281/2281 946/2283/2283 945/2279/2279
f 943/2284/2284 903/2285/2285 902/2282/2282
f 943/2284/2284 904/2286/2286 903/2285/2285
f 902/2282/2282 944/2287/2287 943/2284/2284
f 941/2288/2288 905/2289/2289 904/2286/2286
f 904/2286/2286 942/2290/2290 941/2288/2288
f 940/2291/2291 906/2292/2292 905/2289/2289
f 939/2293/2293 907/2294/2294 906/2292/2292
f 939/2293/2293 908/2295/2295 907/2294/2294
f 906/2292/2292 940/2291/2291 939/2293/2293
f 909/2296/2296 908/2295/2295 938/2297/2297
f 937/2298/2298 910/2299/2299 909/2296/2296
f 938/2297/2297 937/2298/2298 909/2296/2296
f 911/2300/2300 910/2299/2299 936/2301/2301
f 911/2300/2300 935/2302/2302 934/2303/2303
f 934/2303/2303 912/2304/2304 911/2300/2300
f 914/2305/2305 933/2306/2306 932/2307/2307
f 914/2305/2305 934/2303/2303 933/2306/2306
f 932/2307/2307 913/2308/2308 914/2305/2305
f 931/2309/2309 930/2310/2310 915/2311/2311
f 916/2312/2312 932/2307/2307 931/2309/2309
f 915/2311/2311 916/2312/2312 931/2309/2309
f 917/2313/2313 929/2314/2314 928/2315/2315
f 928/2315/2315 918/2316/2316 917/2313/2313
f 915/2311/2311 930/2310/2310 929/2314/2314
f 920/2317/2317 927/2318/2318 926/2319/2319
f 920/2317/2317 928/2315/2315 927/2318/2318
f 926/2319/2319 919/2320/2320 920/2317/2317
f 922/2321/2321 924/2322/2322 923/2323/2323
f 922/2321/2321 926/2319/2319 924/2322/2322
f 923/2323/2323 921/2324/2324 922/2321/2321
f 925/2325/2325 921/2324/2324 923/2323/2323
f 922/2321/2321 919/2320/2320 926/2319/2319
f 920/2317/2317 918/2316/2316 928/2315/2315
f 917/2313/2313 915/2311/2311 929/2314/2314
f 916/2312/2312 913/2308/2308 932/2307/2307
f 914/2305/2305 912/2304/2304 934/2303/2303
f 936/2301/2301 935/2302/2302 911/2300/2300
f 937/2298/2298 936/2301/2301 910/2299/2299
f 939/2293/2293 938/2297/2297 908/2295/2295
f 941/2288/2288 940/2291/2291 905/2289/2289
f 943/2284/2284 942/2290/2290 904/2286/2286
f 945/2279/2279 944/2287/2287 902/2282/2282
f 946/2283/2283 899/2281/2281 901/2326/2326
o Solid.037
usemtl f0f14e33_f81f_480f_8d49_56bbe20ec2c5
v -3.54050207 -219.66781616 34.51654434
v -3.91830063 -218.99044800 34.51570129
v -3.88190103 -219.02931213 34.46401596
v -4.15850973 -218.78974915 34.80801010
v -3.55483413 -219.61509705 34.46353149
v -3.49504304 -220.05674744 34.87831497
v -4.22435999 -218.74797058 34.87659073
v -4.48489332 -218.62429810 35.11155701
v -3.49607992 -219.97506714 34.80648041
v -3.55179596 -220.44419861 35.18897629
v -4.58268166 -218.59269714 35.18681335
v -3.52589488 -220.33836365 35.10918427
v -3.64443660 -220.68783569 35.35658264
v -4.84162807 -218.54278564 35.35658264
v -4.97306633 -218.53509521 35.42735672
v -3.70689297 -220.80375671 35.42735672
v -3.84271026 -220.99540710 35.52851486
v -5.20748329 -218.55007935 35.52851486
v -5.36199713 -218.58055115 35.57720566
v -3.94976473 -221.11091614 35.57720566
v -4.10955238 -221.24578857 35.61711502
v -5.56068611 -218.64573669 35.61711502
v -5.72590971 -218.72512817 35.62831497
v -4.26385927 -221.34475708 35.62831497
v -4.42908287 -221.42413330 35.61711502
v -5.88021660 -218.82408142 35.61711502
v -6.04000473 -218.95895386 35.57720566
v -4.62777185 -221.48930359 35.57720566
v -4.78228569 -221.51980591 35.52851486
v -6.14705896 -219.07446289 35.52851486
v -5.01670313 -221.53477478 35.42735672
v -5.14814091 -221.52706909 35.35658264
v -6.34533262 -219.38201904 35.35658264
v -6.28287554 -219.26612854 35.42735672
v -6.43797302 -219.62567139 35.18897629
v -5.40708733 -221.47720337 35.18681335
v -5.50487566 -221.44558716 35.11155701
v -6.46387434 -219.73149109 35.10918427
v -6.49472570 -220.01312256 34.87831497
v -5.76540947 -221.32191467 34.87659073
v -5.83125925 -221.28012085 34.80801010
v -6.49368906 -220.09480286 34.80648041
v -6.44926739 -220.40205383 34.51654434
v -6.07146835 -221.07942200 34.51570129
v -6.10786819 -221.04055786 34.46401596
v -6.43493557 -220.45475769 34.46353149
v -6.30469465 -220.76597595 34.12831879
v -3.68507457 -219.30392456 34.12831879
v -3.55530429 -219.61351013 73.79473877
v -3.54072046 -219.66696167 73.74094391
v -3.68507457 -219.30392456 74.12831879
v -3.49618721 -219.97244263 73.45249939
v -3.49501491 -220.05470276 73.38008881
v -3.52521229 -220.33505249 73.15001678
v -3.55094290 -220.44117737 73.06987762
v -3.64067268 -220.67999268 72.90505981
v -3.70689297 -220.80375671 72.82927704
v -3.83577728 -220.98703003 72.73205566
v -3.94976473 -221.11091614 72.67942810
v -4.09905195 -221.23803711 72.64116669
v -4.26385927 -221.34475708 72.62831879
v -4.41501236 -221.41830444 72.63773346
v -4.76507664 -221.51722717 72.72197723
v -4.62777185 -221.48930359 72.67942810
v -5.12865686 -221.52896118 72.88892365
v -5.01670313 -221.53477478 72.82927704
v -5.40414715 -221.47802734 73.06765747
v -5.48692894 -221.45191956 73.13078308
v -5.81239748 -221.29258728 73.42855072
v -5.76370049 -221.32292175 73.37831879
v -6.09040022 -221.05955505 73.76750946
v -6.07086039 -221.08006287 73.74008942
v -6.44215250 -220.42915344 73.76723480
v -6.44914436 -220.40252686 73.74057007
v -6.30469465 -220.76597595 74.12831879
v -6.49449396 -220.06916809 73.42738342
v -6.49474716 -220.01464844 73.37963104
v -6.45863867 -219.70718384 73.12876129
v -6.43868208 -219.62818909 73.06950378
v -6.33669710 -219.36445618 72.88892365
v -6.28287554 -219.26612854 72.82927704
v -6.13584042 -219.06115723 72.72197723
v -6.04000473 -218.95895386 72.67942810
v -5.86788130 -218.81515503 72.63773346
v -5.72590971 -218.72512817 72.62831879
v -5.54857874 -218.64086914 72.64116669
v -5.36199713 -218.58055115 72.67942810
v -5.19671249 -218.54858398 72.73205566
v -4.97306633 -218.53509521 72.82927704
v -4.83297634 -218.54370117 72.90505981
v -4.58562183 -218.59185791 73.06765747
v -4.47572088 -218.62763977 73.15247345
v -4.22606850 -218.74694824 73.37831879
v -4.15342855 -218.79318237 73.45409393
v -3.91890860 -218.98982239 73.74008942
v -3.88010025 -219.03131104 73.79524231
vt 0.08827405 0.62787503
vt 0.08809100 0.37240273
vt 0.07692308 0.38942701
vt 0.15384616 0.27612203
vt 0.07681850 0.61041290
vt 0.17061923 0.74703556
vt 0.17020179 0.25353250
vt 0.23076923 0.17614061
vt 0.15348616 0.72337371
vt 0.25296444 0.84936106
vt 0.25232339 0.15135169
vt 0.23011211 0.82307917
vt 0.30769232 0.90456712
vt 0.30769232 0.09543286
vt 0.33530962 0.07212184
vt 0.33530962 0.92787814
vt 0.38461539 0.96119809
vt 0.38461539 0.03880192
vt 0.41765481 0.02276392
vt 0.41765481 0.97723609
vt 0.46153846 0.99038196
vt 0.46153846 0.00961806
vt 0.50000000 0.00592885
vt 0.50000000 0.99407113
vt 0.53846157 0.99038196
vt 0.53846157 0.00961806
vt 0.58234519 0.02276392
vt 0.58234519 0.97723609
vt 0.61538464 0.96119809
vt 0.61538464 0.03880192
vt 0.66469038 0.92787814
vt 0.69230771 0.90456712
vt 0.69230771 0.09543286
vt 0.66469038 0.07212184
vt 0.74703556 0.15063894
vt 0.74767661 0.84864831
vt 0.76923078 0.82385939
vt 0.76988786 0.17692083
vt 0.82938075 0.25296444
vt 0.82979822 0.74646747
vt 0.84615386 0.72387797
vt 0.84651381 0.27662626
vt 0.91172594 0.37212497
vt 0.91190898 0.62759727
vt 0.92307693 0.61057299
vt 0.92318147 0.38958710
vt 0.99407113 0.50000000
vt 0.00592885 0.50000000
vt 0.71412987 0.01420982
vt 0.71430767 0.98583055
vt 0.70842797 0.98450178
vt 0.75000000 0.99407113
vt 0.70833331 0.01551948
vt 0.67533600 0.02268188
vt 0.67561537 0.97737616
vt 0.66688377 0.97558725
vt 0.66666669 0.02445652
vt 0.63656324 0.03015979
vt 0.63692307 0.96990365
vt 0.62533307 0.96792394
vt 0.62500000 0.03213093
vt 0.59730768 0.03627139
vt 0.59823078 0.96385247
vt 0.58333331 0.96198028
vt 0.58333331 0.03801972
vt 0.55838460 0.04051871
vt 0.55953848 0.95957857
vt 0.54166669 0.95827842
vt 0.54166669 0.04172156
vt 0.51946151 0.04270750
vt 0.52084613 0.95733321
vt 0.50000000 0.95701581
vt 0.50000000 0.04298419
vt 0.48215383 0.95724851
vt 0.48053846 0.04270750
vt 0.45833334 0.04172156
vt 0.44346154 0.95932943
vt 0.44161537 0.04051871
vt 0.41666666 0.03801972
vt 0.45833334 0.95827842
vt 0.40476924 0.96345365
vt 0.40269232 0.03627139
vt 0.41666666 0.96198028
vt 0.37500000 0.96786904
vt 0.37467563 0.03207748
vt 0.36578947 0.96942842
vt 0.36376923 0.03021831
vt 0.33312210 0.02441392
vt 0.32724491 0.97678435
vt 0.32484615 0.02271970
vt 0.29157406 0.01549865
vt 0.33333334 0.97554350
vt 0.28866166 0.98515797
vt 0.28592306 0.01422183
vt 0.25000000 0.00592885
vt 0.29166666 0.98448050
vt 0.21130769 0.98515105
vt 0.20838657 0.98449248
vt 0.20833333 0.01551948
vt 0.21412984 0.01420982
vt 0.25000000 0.99407113
vt 0.17261538 0.97675562
vt 0.16682759 0.97557592
vt 0.16666667 0.02445652
vt 0.17533600 0.02268188
vt 0.13392308 0.96937847
vt 0.12527664 0.96791464
vt 0.12500000 0.03213093
vt 0.13656327 0.03015979
vt 0.09523077 0.96345365
vt 0.08333334 0.96198028
vt 0.08333334 0.03801972
vt 0.09730769 0.03627139
vt 0.05653846 0.95932943
vt 0.04166667 0.95827842
vt 0.04166667 0.04172156
vt 0.05838462 0.04051871
vt 0.01784615 0.95724851
vt 0.00000000 0.95701581
vt 0.00000000 0.04298419
vt 0.01946154 0.04270750
vt 0.98053849 0.04270750
vt -0.02084615 0.95733321
vt 0.95833331 0.95827842
vt 0.95833331 0.04172156
vt 0.94161540 0.04051871
vt 0.94046152 0.95957857
vt 0.91666669 0.96198028
vt 0.91666669 0.03801972
vt 0.90269232 0.03627139
vt 0.90176922 0.96385247
vt 0.87500000 0.96786904
vt 0.87467563 0.03207748
vt 0.86376923 0.03021831
vt 0.86273313 0.96996439
vt 0.83312213 0.02441392
vt 0.82484615 0.02271970
vt 0.83333331 0.97554350
vt 0.82419580 0.97741544
vt 0.79157406 0.01549865
vt 0.78592306 0.01422183
vt 0.79166669 0.98448050
vt 0.78563780 0.98584294
vt 0.75000000 0.00592885
vt 0.91119945 0.37212497
vt 0.91138756 0.62759131
vt 0.92307693 0.60987467
vt 0.84615386 0.72259980
vt 0.92318529 0.39029035
vt 0.82836318 0.25296444
vt 0.82879478 0.74645168
vt 0.76923078 0.82223332
vt 0.84652925 0.27792370
vt 0.74552685 0.15063894
vt 0.74618894 0.84862924
vt 0.76991427 0.17857651
vt 0.69230771 0.09708452
vt 0.69230771 0.90291548
vt 0.66269052 0.92787814
vt 0.66269052 0.07212184
vt 0.61538464 0.04009876
vt 0.61538464 0.95990121
vt 0.57985419 0.02276392
vt 0.57985419 0.97723609
vt 0.53846157 0.98983908
vt 0.49701789 0.99407113
vt 0.53846157 0.01016090
vt 0.49701789 0.00592885
vt 0.46153846 0.00903165
vt 0.46153846 0.99096835
vt 0.41418159 0.97723609
vt 0.41418159 0.02276392
vt 0.38461539 0.03677743
vt 0.38461539 0.96322256
vt 0.33134526 0.07212184
vt 0.30769232 0.09176645
vt 0.30769232 0.90823352
vt 0.33134526 0.92787814
vt 0.24850895 0.84936106
vt 0.24795897 0.15124673
vt 0.23076923 0.17076467
vt 0.23019773 0.82856941
vt 0.16567263 0.74703556
vt 0.16535272 0.25339717
vt 0.15384616 0.26912600
vt 0.15356842 0.73049051
vt 0.08283632 0.62787503
vt 0.08273048 0.37228462
vt 0.07692308 0.38106558
vt 0.07686215 0.61884207
vt 0 0.50000000
vt 0.99403578 0.50000000
vn -0.84345281 -0.47074413 -0.25881904
vn -0.84358418 -0.47081745 -0.25825688
vn -0.85105789 -0.47498864 -0.22379972
vn -0.77841562 -0.43444586 -0.45312899
vn -0.85112280 -0.47502485 -0.22347568
vn -0.75621909 -0.42205763 -0.50000000
vn -0.75679791 -0.42238066 -0.49885020
vn -0.65944791 -0.36804813 -0.65549141
vn -0.77886796 -0.43469831 -0.45210844
vn -0.61745030 -0.34460863 -0.70710677
vn -0.61870742 -0.34531024 -0.70566416
vn -0.66064227 -0.36871472 -0.65391225
vn -0.50123477 -0.27974692 -0.81884390
vn -0.50123477 -0.27974692 -0.81884390
vn -0.43660331 -0.24367510 -0.86602539
vn -0.43660331 -0.24367510 -0.86602539
vn -0.31319192 -0.17479728 -0.93346488
vn -0.31319192 -0.17479728 -0.93346488
vn -0.22600250 -0.12613551 -0.96592581
vn -0.22600250 -0.12613551 -0.96592581
vn -0.10651021 -0.05944500 -0.99253303
vn -0.10651021 -0.05944500 -0.99253303
vn 0.00000000 0.00000000 -1
vn 0.00000000 0.00000000 -1
vn 0.10651021 0.05944500 -0.99253303
vn 0.10651021 0.05944500 -0.99253303
vn 0.22600250 0.12613551 -0.96592581
vn 0.22600250 0.12613551 -0.96592581
vn 0.31319192 0.17479728 -0.93346488
vn 0.31319192 0.17479728 -0.93346488
vn 0.43660331 0.24367510 -0.86602539
vn 0.50123477 0.27974692 -0.81884390
vn 0.50123477 0.27974692 -0.81884390
vn 0.43660331 0.24367510 -0.86602539
vn 0.61745030 0.34460863 -0.70710677
vn 0.61870742 0.34531024 -0.70566416
vn 0.65944791 0.36804813 -0.65549141
vn 0.66064227 0.36871472 -0.65391225
vn 0.75621909 0.42205763 -0.50000000
vn 0.75679791 0.42238066 -0.49885020
vn 0.77841562 0.43444586 -0.45312899
vn 0.77886796 0.43469831 -0.45210844
vn 0.84345281 0.47074413 -0.25881904
vn 0.84358418 0.47081745 -0.25825688
vn 0.85105789 0.47498864 -0.22379972
vn 0.85112280 0.47502485 -0.22347568
vn 0.87320662 0.48735020 0.00000000
vn -0.87320662 -0.48735020 0.00000000
vn 0.96003371 0.27988443 0.00000000
vn 0.95972031 0.28095707 0.00000000
vn 0.96944267 0.24531800 0.00000000
vn 0.87320662 0.48735020 0.00000000
vn 0.96958834 0.24474163 0.00000000
vn 0.99920309 0.03991425 0.00000000
vn 0.99913150 0.04166821 0.00000000
vn 0.99991310 -0.01318168 0.00000000
vn 0.99989420 -0.01454567 0.00000000
vn 0.97932655 -0.20228578 0.00000000
vn 0.97978133 -0.20007128 0.00000000
vn 0.96262777 -0.27082792 0.00000000
vn 0.96205896 -0.27284169 0.00000000
vn 0.90029854 -0.43527299 0.00000000
vn 0.90280789 -0.43004408 0.00000000
vn 0.85866094 -0.51254404 0.00000000
vn 0.85866094 -0.51254404 0.00000000
vn 0.76811624 -0.64031047 0.00000000
vn 0.77273816 -0.63472497 0.00000000
vn 0.69674665 -0.71731728 0.00000000
vn 0.69674665 -0.71731728 0.00000000
vn 0.59022141 -0.80724144 0.00000000
vn 0.59722179 -0.80207616 0.00000000
vn 0.48735020 -0.87320662 0.00000000
vn 0.48735020 -0.87320662 0.00000000
vn 0.38658139 -0.92225528 0.00000000
vn 0.37720096 -0.92613143 0.00000000
vn 0.24474163 -0.96958834 0.00000000
vn 0.15320522 -0.98819441 0.00000000
vn 0.14173238 -0.98990500 0.00000000
vn -0.01454567 -0.99989420 0.00000000
vn 0.24474163 -0.96958834 0.00000000
vn -0.08918133 -0.99601543 0.00000000
vn -0.10217106 -0.99476683 0.00000000
vn -0.01454567 -0.99989420 0.00000000
vn -0.27284169 -0.96205896 0.00000000
vn -0.27480188 -0.96150088 0.00000000
vn -0.32802969 -0.94466740 0.00000000
vn -0.33999404 -0.94042760 0.00000000
vn -0.51368314 -0.85797995 0.00000000
vn -0.54500878 -0.83843035 0.00000000
vn -0.55758315 -0.83012110 0.00000000
vn -0.71772265 -0.69632906 0.00000000
vn -0.51254404 -0.85866094 0.00000000
vn -0.73034394 -0.68307960 0.00000000
vn -0.74198902 -0.67041200 0.00000000
vn -0.87320662 -0.48735020 0.00000000
vn -0.71731728 -0.69674665 0.00000000
vn -0.96484542 -0.26281795 0.00000000
vn -0.96950644 -0.24506593 0.00000000
vn -0.96958834 -0.24474163 0
vn -0.96003371 -0.27988443 0
vn -0.87320662 -0.48735020 0.00000000
vn -0.99973941 -0.02282874 0.00000000
vn -0.99990839 0.01353468 0.00000000
vn -0.99989420 0.01454567 -0.00000000
vn -0.99920309 -0.03991425 -0.00000000
vn -0.97583628 0.21850309 0.00000000
vn -0.96253175 0.27116907 0.00000000
vn -0.96205896 0.27284169 -0.00000000
vn -0.97932655 0.20228578 -0.00000000
vn -0.89454186 0.44698420 0
vn -0.85866094 0.51254404 0
vn -0.85866094 0.51254404 0
vn -0.90029854 0.43527299 -0.00000000
vn -0.76063728 0.64917713 0
vn -0.69674665 0.71731728 0
vn -0.69674665 0.71731728 0
vn -0.76811624 0.64031047 -0.00000000
vn -0.58199781 0.81319034 0
vn -0.48735020 0.87320662 0
vn -0.48735020 0.87320662 0
vn -0.59022141 0.80724144 -0.00000000
vn -0.37720096 0.92613143 -0.00000000
vn -0.36912963 0.92937791 0
vn -0.24474163 0.96958834 0
vn -0.24474163 0.96958834 0
vn -0.14173238 0.98990500 -0.00000000
vn -0.13455208 0.99090654 0
vn 0.01454567 0.99989420 0
vn 0.01454567 0.99989420 0
vn 0.10217106 0.99476683 -0.00000000
vn 0.10793883 0.99415755 0
vn 0.27284169 0.96205896 0
vn 0.27480188 0.96150088 -0.00000000
vn 0.33999404 0.94042760 -0.00000000
vn 0.34610906 0.93819427 0
vn 0.51368314 0.85797995 -0.00000000
vn 0.55758315 0.83012110 -0.00000000
vn 0.51254404 0.85866094 0.00000000
vn 0.56097066 0.82783568 0.00000000
vn 0.71772265 0.69632906 0
vn 0.74198902 0.67041200 0
vn 0.71731728 0.69674665 0.00000000
vn 0.74318951 0.66908097 0.00000000
vn 0.87320662 0.48735020 0.00000000
vn -0.84345281 -0.47074413 0.25881904
vn -0.84358704 -0.47081903 0.25824475
vn -0.85134035 -0.47514626 0.22238630
vn -0.77955979 -0.43508443 0.45054197
vn -0.85140681 -0.47518337 0.22205235
vn -0.75621909 -0.42205763 0.50000000
vn -0.75681400 -0.42238966 0.49881819
vn -0.66193146 -0.36943424 0.65220016
vn -0.78002602 -0.43534464 0.44948244
vn -0.61745030 -0.34460863 0.70710677
vn -0.61874104 -0.34532899 0.70562553
vn -0.66316015 -0.37011999 0.65056115
vn -0.50537336 -0.28205672 0.81550092
vn -0.50537336 -0.28205672 0.81550092
vn -0.43660331 -0.24367510 0.86602539
vn -0.43660331 -0.24367510 0.86602539
vn -0.31909302 -0.17809078 0.93084013
vn -0.31909302 -0.17809078 0.93084013
vn -0.22600250 -0.12613551 0.96592581
vn -0.22600250 -0.12613551 0.96592581
vn -0.11404607 -0.06365088 0.99143434
vn 0 0 1
vn -0.11404607 -0.06365088 0.99143434
vn 0 0 1
vn 0.09770821 0.05453247 0.99371994
vn 0.09770821 0.05453247 0.99371994
vn 0.22600250 0.12613551 0.96592581
vn 0.22600250 0.12613551 0.96592581
vn 0.30371603 0.16950864 0.93756247
vn 0.30371603 0.16950864 0.93756247
vn 0.43660331 0.24367510 0.86602539
vn 0.49186158 0.27451560 0.82626468
vn 0.49186158 0.27451560 0.82626468
vn 0.43660331 0.24367510 0.86602539
vn 0.61745030 0.34460863 0.70710677
vn 0.61852264 0.34520710 0.70587665
vn 0.65107960 0.36337763 0.66637230
vn 0.65212953 0.36396360 0.66502452
vn 0.75621909 0.42205763 0.50000000
vn 0.75666016 0.42230380 0.49912411
vn 0.77200603 0.43086857 0.46728897
vn 0.77236390 0.43106830 0.46651277
vn 0.84345281 0.47074413 0.25881904
vn 0.84352839 0.47078630 0.25849596
vn 0.84752893 0.47301906 0.24072324
vn 0.84756941 0.47304165 0.24053635
vn 0.87320662 0.48735020 0.00000000
vn -0.87320662 -0.48735020 0.00000000
f 947/2327/2327 948/2328/2328 949/2329/2329
f 947/2327/2327 950/2330/2330 948/2328/2328
f 949/2329/2329 951/2331/2331 947/2327/2327
f 952/2332/2332 953/2333/2333 950/2330/2330
f 952/2332/2332 954/2334/2334 953/2333/2333
f 950/2330/2330 955/2335/2335 952/2332/2332
f 956/2336/2336 957/2337/2337 954/2334/2334
f 954/2334/2334 958/2338/2338 956/2336/2336
f 959/2339/2339 960/2340/2340 957/2337/2337
f 961/2341/2341 960/2340/2340 959/2339/2339
f 959/2339/2339 962/2342/2342 961/2341/2341
f 963/2343/2343 964/2344/2344 961/2341/2341
f 965/2345/2345 964/2344/2344 963/2343/2343
f 963/2343/2343 966/2346/2346 965/2345/2345
f 967/2347/2347 968/2348/2348 965/2345/2345
f 969/2349/2349 968/2348/2348 967/2347/2347
f 969/2349/2349 970/2350/2350 971/2351/2351
f 971/2351/2351 972/2352/2352 969/2349/2349
f 973/2353/2353 974/2354/2354 975/2355/2355
f 973/2353/2353 971/2351/2351 974/2354/2354
f 975/2355/2355 976/2356/2356 973/2353/2353
f 977/2357/2357 978/2358/2358 979/2359/2359
f 979/2359/2359 980/2360/2360 977/2357/2357
f 976/2356/2356 975/2355/2355 977/2357/2357
f 981/2361/2361 982/2362/2362 983/2363/2363
f 983/2363/2363 984/2364/2364 981/2361/2361
f 979/2359/2359 978/2358/2358 982/2362/2362
f 985/2365/2365 986/2366/2366 987/2367/2367
f 985/2365/2365 983/2363/2363 986/2366/2366
f 987/2367/2367 988/2368/2368 985/2365/2365
f 989/2369/2369 990/2370/2370 991/2371/2371
f 989/2369/2369 987/2367/2367 990/2370/2370
f 991/2371/2371 992/2372/2372 989/2369/2369
f 993/2373/2373 992/2372/2372 991/2371/2371
f 989/2369/2369 988/2368/2368 987/2367/2367
f 985/2365/2365 984/2364/2364 983/2363/2363
f 981/2361/2361 979/2359/2359 982/2362/2362
f 980/2360/2360 976/2356/2356 977/2357/2357
f 973/2353/2353 972/2352/2352 971/2351/2351
f 967/2347/2347 970/2350/2350 969/2349/2349
f 966/2346/2346 967/2347/2347 965/2345/2345
f 962/2342/2342 963/2343/2343 961/2341/2341
f 956/2336/2336 959/2339/2339 957/2337/2337
f 952/2332/2332 958/2338/2338 954/2334/2334
f 947/2327/2327 955/2335/2335 950/2330/2330
f 951/2331/2331 949/2329/2329 994/2374/2374
f 951/2375/2375 995/2376/2376 996/2377/2377
f 951/2375/2375 997/2378/2378 995/2376/2376
f 996/2377/2377 947/2379/2379 951/2375/2375
f 955/2380/2380 998/2381/2381 999/2382/2382
f 955/2380/2380 996/2377/2377 998/2381/2381
f 999/2382/2382 952/2383/2383 955/2380/2380
f 958/2384/2384 1000/2385/2385 1001/2386/2386
f 958/2384/2384 999/2382/2382 1000/2385/2385
f 1001/2386/2386 956/2387/2387 958/2384/2384
f 959/2388/2388 1002/2389/2389 1003/2390/2390
f 1003/2390/2390 962/2391/2391 959/2388/2388
f 956/2387/2387 1001/2386/2386 1002/2389/2389
f 963/2392/2392 1004/2393/2393 1005/2394/2394
f 963/2392/2392 1003/2390/2390 1004/2393/2393
f 1005/2394/2394 966/2395/2395 963/2392/2392
f 967/2396/2396 1006/2397/2397 1007/2398/2398
f 967/2396/2396 1005/2394/2394 1006/2397/2397
f 1007/2398/2398 970/2399/2399 967/2396/2396
f 1008/2400/2400 971/2401/2401 970/2399/2399
f 1008/2400/2400 974/2402/2402 971/2401/2401
f 970/2399/2399 1007/2398/2398 1008/2400/2400
f 1009/2403/2403 975/2404/2404 974/2402/2402
f 1009/2403/2403 977/2405/2405 975/2404/2404
f 974/2402/2402 1010/2406/2406 1009/2403/2403
f 1011/2407/2407 978/2408/2408 977/2405/2405
f 977/2405/2405 1012/2409/2409 1011/2407/2407
f 1013/2410/2410 982/2411/2411 978/2408/2408
f 1014/2412/2412 983/2413/2413 982/2411/2411
f 1014/2412/2412 986/2414/2414 983/2413/2413
f 982/2411/2411 1013/2410/2410 1014/2412/2412
f 1015/2415/2415 987/2416/2416 986/2414/2414
f 1015/2415/2415 990/2417/2417 987/2416/2416
f 986/2414/2414 1016/2418/2418 1015/2415/2415
f 1017/2419/2419 991/2420/2420 990/2417/2417
f 1017/2419/2419 993/2421/2421 991/2420/2420
f 990/2417/2417 1018/2422/2422 1017/2419/2419
f 1019/2423/2423 1020/2424/2424 989/2425/2425
f 989/2425/2425 992/2426/2426 1019/2423/2423
f 993/2421/2421 1021/2427/2427 1019/2423/2423
f 1022/2428/2428 1023/2429/2429 985/2430/2430
f 985/2430/2430 988/2431/2431 1022/2428/2428
f 989/2425/2425 1020/2424/2424 1022/2428/2428
f 1024/2432/2432 1025/2433/2433 981/2434/2434
f 981/2434/2434 984/2435/2435 1024/2432/2432
f 985/2430/2430 1023/2429/2429 1024/2432/2432
f 1026/2436/2436 1027/2437/2437 980/2438/2438
f 980/2438/2438 979/2439/2439 1026/2436/2436
f 981/2434/2434 1025/2433/2433 1026/2436/2436
f 1028/2440/2440 1029/2441/2441 973/2442/2442
f 973/2442/2442 976/2443/2443 1028/2440/2440
f 980/2438/2438 1027/2437/2437 1028/2440/2440
f 1030/2444/2444 1031/2445/2445 969/2446/2446
f 969/2446/2446 972/2447/2447 1030/2444/2444
f 973/2442/2442 1029/2441/2441 1030/2444/2444
f 968/2448/2448 969/2446/2446 1031/2445/2445
f 1031/2445/2445 1032/2449/2449 968/2448/2448
f 1033/2450/2450 965/2451/2451 968/2448/2448
f 964/2452/2452 965/2451/2451 1033/2450/2450
f 1033/2450/2450 1034/2453/2453 964/2452/2452
f 1035/2454/2454 961/2455/2455 964/2452/2452
f 960/2456/2456 961/2455/2455 1035/2454/2454
f 1035/2454/2454 1036/2457/2457 960/2456/2456
f 1037/2458/2458 957/2459/2459 960/2456/2456
f 954/2460/2460 957/2459/2459 1037/2458/2458
f 1038/2461/2461 953/2462/2462 954/2460/2460
f 1037/2458/2458 1038/2461/2461 954/2460/2460
f 950/2463/2463 953/2462/2462 1039/2464/2464
f 1040/2465/2465 948/2466/2466 950/2463/2463
f 1039/2464/2464 1040/2465/2465 950/2463/2463
f 949/2467/2467 948/2466/2466 1041/2468/2468
f 1042/2469/2469 994/2470/2470 949/2467/2467
f 1041/2468/2468 1042/2469/2469 949/2467/2467
f 1042/2469/2469 997/2378/2378 994/2470/2470
f 1040/2465/2465 1041/2468/2468 948/2466/2466
f 1038/2461/2461 1039/2464/2464 953/2462/2462
f 1036/2457/2457 1037/2458/2458 960/2456/2456
f 1034/2453/2453 1035/2454/2454 964/2452/2452
f 1032/2449/2449 1033/2450/2450 968/2448/2448
f 972/2447/2447 973/2442/2442 1030/2444/2444
f 976/2443/2443 980/2438/2438 1028/2440/2440
f 979/2439/2439 981/2434/2434 1026/2436/2436
f 984/2435/2435 985/2430/2430 1024/2432/2432
f 988/2431/2431 989/2425/2425 1022/2428/2428
f 992/2426/2426 993/2421/2421 1019/2423/2423
f 1017/2419/2419 1021/2427/2427 993/2421/2421
f 1015/2415/2415 1018/2422/2422 990/2417/2417
f 1014/2412/2412 1016/2418/2418 986/2414/2414
f 1011/2407/2407 1013/2410/2410 978/2408/2408
f 1009/2403/2403 1012/2409/2409 977/2405/2405
f 1008/2400/2400 1010/2406/2406 974/2402/2402
f 967/2396/2396 966/2395/2395 1005/2394/2394
f 963/2392/2392 962/2391/2391 1003/2390/2390
f 959/2388/2388 956/2387/2387 1002/2389/2389
f 958/2384/2384 952/2383/2383 999/2382/2382
f 955/2380/2380 947/2379/2379 996/2377/2377
f 951/2375/2375 994/2470/2470 997/2378/2378
f 1041/2471/2471 996/2472/2472 995/2473/2473
f 1041/2471/2471 998/2474/2474 996/2472/2472
f 995/2473/2473 1042/2475/2475 1041/2471/2471
f 1039/2476/2476 999/2477/2477 998/2474/2474
f 1039/2476/2476 1000/2478/2478 999/2477/2477
f 998/2474/2474 1040/2479/2479 1039/2476/2476
f 1037/2480/2480 1001/2481/2481 1000/2478/2478
f 1000/2478/2478 1038/2482/2482 1037/2480/2480
f 1036/2483/2483 1002/2484/2484 1001/2481/2481
f 1003/2485/2485 1002/2484/2484 1036/2483/2483
f 1036/2483/2483 1035/2486/2486 1003/2485/2485
f 1034/2487/2487 1004/2488/2488 1003/2485/2485
f 1033/2489/2489 1005/2490/2490 1004/2488/2488
f 1033/2489/2489 1006/2491/2491 1005/2490/2490
f 1004/2488/2488 1034/2487/2487 1033/2489/2489
f 1007/2492/2492 1006/2491/2491 1032/2493/2493
f 1007/2492/2492 1031/2494/2494 1030/2495/2495
f 1030/2495/2495 1008/2496/2496 1007/2492/2492
f 1010/2497/2497 1029/2498/2498 1028/2499/2499
f 1028/2499/2499 1009/2500/2500 1010/2497/2497
f 1008/2496/2496 1030/2495/2495 1029/2498/2498
f 1027/2501/2501 1026/2502/2502 1011/2503/2503
f 1012/2504/2504 1028/2499/2499 1027/2501/2501
f 1011/2503/2503 1012/2504/2504 1027/2501/2501
f 1013/2505/2505 1025/2506/2506 1024/2507/2507
f 1024/2507/2507 1014/2508/2508 1013/2505/2505
f 1011/2503/2503 1026/2502/2502 1025/2506/2506
f 1016/2509/2509 1023/2510/2510 1022/2511/2511
f 1016/2509/2509 1024/2507/2507 1023/2510/2510
f 1022/2511/2511 1015/2512/2512 1016/2509/2509
f 1018/2513/2513 1020/2514/2514 1019/2515/2515
f 1018/2513/2513 1022/2511/2511 1020/2514/2514
f 1019/2515/2515 1017/2516/2516 1018/2513/2513
f 1021/2517/2517 1017/2516/2516 1019/2515/2515
f 1018/2513/2513 1015/2512/2512 1022/2511/2511
f 1016/2509/2509 1014/2508/2508 1024/2507/2507
f 1013/2505/2505 1011/2503/2503 1025/2506/2506
f 1012/2504/2504 1009/2500/2500 1028/2499/2499
f 1010/2497/2497 1008/2496/2496 1029/2498/2498
f 1032/2493/2493 1031/2494/2494 1007/2492/2492
f 1033/2489/2489 1032/2493/2493 1006/2491/2491
f 1035/2486/2486 1034/2487/2487 1003/2485/2485
f 1037/2480/2480 1036/2483/2483 1001/2481/2481
f 1039/2476/2476 1038/2482/2482 1000/2478/2478
f 1041/2471/2471 1040/2479/2479 998/2474/2474
f 1042/2475/2475 995/2473/2473 997/2518/2518
o Solid.038
usemtl f0f14e33_f81f_480f_8d49_56bbe20ec2c5
v -18.16100693 -193.47161865 34.51654434
v -18.53880501 -192.79423523 34.51570129
v -18.50240707 -192.83312988 34.46401596
v -18.77901459 -192.59355164 34.80801010
v -18.17533875 -193.41891479 34.46353149
v -18.11554909 -193.86054993 34.87831497
v -18.84486580 -192.55177307 34.87659073
v -19.10539818 -192.42810059 35.11155701
v -18.11658669 -193.77886963 34.80648041
v -18.17230225 -194.24800110 35.18897629
v -19.20318794 -192.39648438 35.18681335
v -18.14640045 -194.14216614 35.10918427
v -18.26494217 -194.49165344 35.35658264
v -19.46213341 -192.34658813 35.35658264
v -18.32739830 -194.60755920 35.42735672
v -19.59357071 -192.33889771 35.42735672
v -19.82798958 -192.35388184 35.52851486
v -19.98250389 -192.38435364 35.57720566
v -18.46321487 -194.79920959 35.52851486
v -18.57027054 -194.91470337 35.57720566
v -18.73005867 -195.04959106 35.61711502
v -20.18119049 -192.44953918 35.61711502
v -20.34641457 -192.52893066 35.62831497
v -18.88436508 -195.14854431 35.62831497
v -19.04958916 -195.22793579 35.61711502
v -20.50072289 -192.62786865 35.61711502
v -19.24827766 -195.29312134 35.57720566
v -19.40279198 -195.32359314 35.52851486
v -20.76756477 -192.87826538 35.52851486
v -20.66051102 -192.76275635 35.57720566
v -20.90338135 -193.06991577 35.42735672
v -19.63720894 -195.33857727 35.42735672
v -19.76864624 -195.33088684 35.35658264
v -20.96583939 -193.18583679 35.35658264
v -21.05847931 -193.42947388 35.18897629
v -20.02759361 -195.28099060 35.18681335
v -20.12538147 -195.24937439 35.11155701
v -21.08438110 -193.53530884 35.10918427
v -21.11523056 -193.81692505 34.87831497
v -20.38591576 -195.12571716 34.87659073
v -20.45176506 -195.08392334 34.80801010
v -21.11419487 -193.89860535 34.80648041
v -21.06977272 -194.20585632 34.51654434
v -20.69197464 -194.88322449 34.51570129
v -20.72837448 -194.84436035 34.46401596
v -21.05544090 -194.25857544 34.46353149
v -20.92519951 -194.56976318 34.12831879
v -18.30558014 -193.10771179 34.12831879
v -18.17580986 -193.41729736 73.79473877
v -18.16122627 -193.47076416 73.74094391
v -18.30558014 -193.10771179 74.12831879
v -18.11669350 -193.77624512 73.45249939
v -18.11552048 -193.85852051 73.38008881
v -18.14571762 -194.13885498 73.15001678
v -18.17144966 -194.24497986 73.06987762
v -18.26117706 -194.48381042 72.90505981
v -18.32739830 -194.60755920 72.82927704
v -18.45628357 -194.79083252 72.73205566
v -18.57027054 -194.91470337 72.67942810
v -18.71955681 -195.04183960 72.64116669
v -18.88436508 -195.14854431 72.62831879
v -19.03551865 -195.22212219 72.63773346
v -19.38558197 -195.32102966 72.72197723
v -19.24827766 -195.29312134 72.67942810
v -19.74916077 -195.33276367 72.88892365
v -19.63720894 -195.33857727 72.82927704
v -20.02465248 -195.28182983 73.06765747
v -20.10743523 -195.25573730 73.13078308
v -20.43290329 -195.09638977 73.42855072
v -20.38420677 -195.12672424 73.37831879
v -20.69136620 -194.88386536 73.74008942
v -20.92519951 -194.56976318 74.12831879
v -21.06265831 -194.23297119 73.76723480
v -21.06965065 -194.20632935 73.74057007
v -21.11499977 -193.87297058 73.42738342
v -21.11525154 -193.81843567 73.37963104
v -21.07914352 -193.51098633 73.12876129
v -21.05918884 -193.43199158 73.06950378
v -20.95720291 -193.16825867 72.88892365
v -20.90338135 -193.06991577 72.82927704
v -20.75634575 -192.86497498 72.72197723
v -20.66051102 -192.76275635 72.67942810
v -20.48838806 -192.61895752 72.63773346
v -20.34641457 -192.52893066 72.62831879
v -20.16908455 -192.44467163 72.64116669
v -19.98250389 -192.38435364 72.67942810
v -19.81721878 -192.35237122 72.73205566
v -19.59357071 -192.33889771 72.82927704
v -19.45348167 -192.34750366 72.90505981
v -19.20612717 -192.39564514 73.06765747
v -19.09622765 -192.43145752 73.15247345
v -18.84657478 -192.55073547 73.37831879
v -18.77393341 -192.59698486 73.45409393
v -18.53941345 -192.79362488 73.74008942
v -18.50060463 -192.83511353 73.79524231
vt 0.08827405 0.62787503
vt 0.08809100 0.37240273
vt 0.07692308 0.38942701
vt 0.15384616 0.27612203
vt 0.07681850 0.61041290
vt 0.17061923 0.74703556
vt 0.17020179 0.25353250
vt 0.23076923 0.17614061
vt 0.15348616 0.72337371
vt 0.25296444 0.84936106
vt 0.25232339 0.15135169
vt 0.23011211 0.82307917
vt 0.30769232 0.90456712
vt 0.30769232 0.09543286
vt 0.33530962 0.92787814
vt 0.33530962 0.07212184
vt 0.38461539 0.03880192
vt 0.41765481 0.02276392
vt 0.38461539 0.96119809
vt 0.41765481 0.97723609
vt 0.46153846 0.99038196
vt 0.46153846 0.00961806
vt 0.50000000 0.00592885
vt 0.50000000 0.99407113
vt 0.53846157 0.99038196
vt 0.53846157 0.00961806
vt 0.58234519 0.97723609
vt 0.61538464 0.96119809
vt 0.61538464 0.03880192
vt 0.58234519 0.02276392
vt 0.66469038 0.07212184
vt 0.66469038 0.92787814
vt 0.69230771 0.90456712
vt 0.69230771 0.09543286
vt 0.74703556 0.15063894
vt 0.74767661 0.84864831
vt 0.76923078 0.82385939
vt 0.76988786 0.17692083
vt 0.82938075 0.25296444
vt 0.82979822 0.74646747
vt 0.84615386 0.72387797
vt 0.84651381 0.27662626
vt 0.91172594 0.37212497
vt 0.91190898 0.62759727
vt 0.92307693 0.61057299
vt 0.92318147 0.38958710
vt 0.99407113 0.50000000
vt 0.00592885 0.50000000
vt 0.71412987 0.01420982
vt 0.71430767 0.98583055
vt 0.70842797 0.98450178
vt 0.75000000 0.99407113
vt 0.70833331 0.01551948
vt 0.67533600 0.02268188
vt 0.67561537 0.97737616
vt 0.66688377 0.97558725
vt 0.66666669 0.02445652
vt 0.63656324 0.03015979
vt 0.63692307 0.96990365
vt 0.62533307 0.96792394
vt 0.62500000 0.03213093
vt 0.59730768 0.03627139
vt 0.59823078 0.96385247
vt 0.58333331 0.96198028
vt 0.58333331 0.03801972
vt 0.55838460 0.04051871
vt 0.55953848 0.95957857
vt 0.54166669 0.95827842
vt 0.54166669 0.04172156
vt 0.51946151 0.04270750
vt 0.52084613 0.95733321
vt 0.50000000 0.95701581
vt 0.50000000 0.04298419
vt 0.48215383 0.95724851
vt 0.48053846 0.04270750
vt 0.45833334 0.04172156
vt 0.44346154 0.95932943
vt 0.44161537 0.04051871
vt 0.41666666 0.03801972
vt 0.45833334 0.95827842
vt 0.40476924 0.96345365
vt 0.40269232 0.03627139
vt 0.41666666 0.96198028
vt 0.37500000 0.96786904
vt 0.37467563 0.03207748
vt 0.36578947 0.96942842
vt 0.36376923 0.03021831
vt 0.33312210 0.02441392
vt 0.32724491 0.97678435
vt 0.32484615 0.02271970
vt 0.29157406 0.01549865
vt 0.33333334 0.97554350
vt 0.28592306 0.01422183
vt 0.29166666 0.98448050
vt 0.25000000 0.99407113
vt 0.25000000 0.00592885
vt 0.21130769 0.98515105
vt 0.20838657 0.98449248
vt 0.20833333 0.01551948
vt 0.21412984 0.01420982
vt 0.17261538 0.97675562
vt 0.16682759 0.97557592
vt 0.16666667 0.02445652
vt 0.17533600 0.02268188
vt 0.13392308 0.96937847
vt 0.12527664 0.96791464
vt 0.12500000 0.03213093
vt 0.13656327 0.03015979
vt 0.09523077 0.96345365
vt 0.08333334 0.96198028
vt 0.08333334 0.03801972
vt 0.09730769 0.03627139
vt 0.05653846 0.95932943
vt 0.04166667 0.95827842
vt 0.04166667 0.04172156
vt 0.05838462 0.04051871
vt 0.01784615 0.95724851
vt 0.00000000 0.95701581
vt 0.00000000 0.04298419
vt 0.01946154 0.04270750
vt 0.98053849 0.04270750
vt -0.02084615 0.95733321
vt 0.95833331 0.95827842
vt 0.95833331 0.04172156
vt 0.94161540 0.04051871
vt 0.94046152 0.95957857
vt 0.91666669 0.96198028
vt 0.91666669 0.03801972
vt 0.90269232 0.03627139
vt 0.90176922 0.96385247
vt 0.87500000 0.96786904
vt 0.87467563 0.03207748
vt 0.86376923 0.03021831
vt 0.86273313 0.96996439
vt 0.83312213 0.02441392
vt 0.82484615 0.02271970
vt 0.83333331 0.97554350
vt 0.82419580 0.97741544
vt 0.79157406 0.01549865
vt 0.78592306 0.01422183
vt 0.79166669 0.98448050
vt 0.78563780 0.98584294
vt 0.75000000 0.00592885
vt 0.91119945 0.37212497
vt 0.91138756 0.62759131
vt 0.92307693 0.60987467
vt 0.84615386 0.72259980
vt 0.92318529 0.39029035
vt 0.82836318 0.25296444
vt 0.82879478 0.74645168
vt 0.76923078 0.82223332
vt 0.84652925 0.27792370
vt 0.74552685 0.15063894
vt 0.74618894 0.84862924
vt 0.76991427 0.17857651
vt 0.69230771 0.09708452
vt 0.69230771 0.90291548
vt 0.66269052 0.07212184
vt 0.66269052 0.92787814
vt 0.61538464 0.95990121
vt 0.57985419 0.97723609
vt 0.61538464 0.04009876
vt 0.57985419 0.02276392
vt 0.53846157 0.01016090
vt 0.53846157 0.98983908
vt 0.49701789 0.99407113
vt 0.49701789 0.00592885
vt 0.46153846 0.00903165
vt 0.46153846 0.99096835
vt 0.41418159 0.97723609
vt 0.41418159 0.02276392
vt 0.38461539 0.03677743
vt 0.38461539 0.96322256
vt 0.33134526 0.92787814
vt 0.33134526 0.07212184
vt 0.30769232 0.09176645
vt 0.30769232 0.90823352
vt 0.24850895 0.84936106
vt 0.24795897 0.15124673
vt 0.23076923 0.17076467
vt 0.23019773 0.82856941
vt 0.16567263 0.74703556
vt 0.16535272 0.25339717
vt 0.15384616 0.26912600
vt 0.15356842 0.73049051
vt 0.08273048 0.37228462
vt 0.07692308 0.38106558
vt 0.08283632 0.62787503
vt 0 0.50000000
vt 0.99403578 0.50000000
vn -0.84345281 -0.47074413 -0.25881904
vn -0.84358418 -0.47081745 -0.25825688
vn -0.85105789 -0.47498864 -0.22379972
vn -0.77841562 -0.43444586 -0.45312899
vn -0.85112280 -0.47502485 -0.22347568
vn -0.75621909 -0.42205763 -0.50000000
vn -0.75679791 -0.42238066 -0.49885020
vn -0.65944791 -0.36804813 -0.65549141
vn -0.77886796 -0.43469831 -0.45210844
vn -0.61745030 -0.34460863 -0.70710677
vn -0.61870742 -0.34531024 -0.70566416
vn -0.66064227 -0.36871472 -0.65391225
vn -0.50123477 -0.27974692 -0.81884390
vn -0.50123477 -0.27974692 -0.81884390
vn -0.43660331 -0.24367510 -0.86602539
vn -0.43660331 -0.24367510 -0.86602539
vn -0.31319192 -0.17479728 -0.93346488
vn -0.22600250 -0.12613551 -0.96592581
vn -0.31319192 -0.17479728 -0.93346488
vn -0.22600250 -0.12613551 -0.96592581
vn -0.10651021 -0.05944500 -0.99253303
vn -0.10651021 -0.05944500 -0.99253303
vn 0.00000000 0.00000000 -1
vn 0.00000000 0.00000000 -1
vn 0.10651021 0.05944500 -0.99253303
vn 0.10651021 0.05944500 -0.99253303
vn 0.22600250 0.12613551 -0.96592581
vn 0.31319192 0.17479728 -0.93346488
vn 0.31319192 0.17479728 -0.93346488
vn 0.22600250 0.12613551 -0.96592581
vn 0.43660331 0.24367510 -0.86602539
vn 0.43660331 0.24367510 -0.86602539
vn 0.50123477 0.27974692 -0.81884390
vn 0.50123477 0.27974692 -0.81884390
vn 0.61745030 0.34460863 -0.70710677
vn 0.61870742 0.34531024 -0.70566416
vn 0.65944791 0.36804813 -0.65549141
vn 0.66064227 0.36871472 -0.65391225
vn 0.75621909 0.42205763 -0.50000000
vn 0.75679791 0.42238066 -0.49885020
vn 0.77841562 0.43444586 -0.45312899
vn 0.77886796 0.43469831 -0.45210844
vn 0.84345281 0.47074413 -0.25881904
vn 0.84358418 0.47081745 -0.25825688
vn 0.85105789 0.47498864 -0.22379972
vn 0.85112280 0.47502485 -0.22347568
vn 0.87320662 0.48735020 0.00000000
vn -0.87320662 -0.48735020 0.00000000
vn 0.96003371 0.27988443 0.00000000
vn 0.95972031 0.28095707 0.00000000
vn 0.96944267 0.24531800 0.00000000
vn 0.87320662 0.48735020 0.00000000
vn 0.96958834 0.24474163 0.00000000
vn 0.99920309 0.03991425 0.00000000
vn 0.99913150 0.04166821 0.00000000
vn 0.99991310 -0.01318168 0.00000000
vn 0.99989420 -0.01454567 0.00000000
vn 0.97932655 -0.20228578 0.00000000
vn 0.97978133 -0.20007128 0.00000000
vn 0.96262777 -0.27082792 0.00000000
vn 0.96205896 -0.27284169 0.00000000
vn 0.90029854 -0.43527299 0.00000000
vn 0.90280789 -0.43004408 0.00000000
vn 0.85866094 -0.51254404 0.00000000
vn 0.85866094 -0.51254404 0.00000000
vn 0.76811624 -0.64031047 0.00000000
vn 0.77273816 -0.63472497 0.00000000
vn 0.69674665 -0.71731728 0.00000000
vn 0.69674665 -0.71731728 0.00000000
vn 0.59022141 -0.80724144 0.00000000
vn 0.59722179 -0.80207616 0.00000000
vn 0.48735020 -0.87320662 0.00000000
vn 0.48735020 -0.87320662 0.00000000
vn 0.38658139 -0.92225528 0.00000000
vn 0.37720096 -0.92613143 0.00000000
vn 0.24474163 -0.96958834 0.00000000
vn 0.15320522 -0.98819441 0.00000000
vn 0.14173238 -0.98990500 0.00000000
vn -0.01454567 -0.99989420 0.00000000
vn 0.24474163 -0.96958834 0.00000000
vn -0.08918133 -0.99601543 0.00000000
vn -0.10217106 -0.99476683 0.00000000
vn -0.01454567 -0.99989420 0.00000000
vn -0.27284169 -0.96205896 0.00000000
vn -0.27480188 -0.96150088 0.00000000
vn -0.32802969 -0.94466740 0.00000000
vn -0.33999404 -0.94042760 0.00000000
vn -0.51368314 -0.85797995 0.00000000
vn -0.54500878 -0.83843035 0.00000000
vn -0.55758315 -0.83012110 0.00000000
vn -0.71772265 -0.69632906 0.00000000
vn -0.51254404 -0.85866094 0.00000000
vn -0.74198902 -0.67041200 0.00000000
vn -0.71731728 -0.69674665 0.00000000
vn -0.87320662 -0.48735020 0.00000000
vn -0.87320662 -0.48735020 0.00000000
vn -0.96484542 -0.26281795 0.00000000
vn -0.96950644 -0.24506593 0.00000000
vn -0.96958834 -0.24474163 0
vn -0.96003371 -0.27988443 0
vn -0.99973941 -0.02282874 0.00000000
vn -0.99990839 0.01353468 0.00000000
vn -0.99989420 0.01454567 -0.00000000
vn -0.99920309 -0.03991425 -0.00000000
vn -0.97583628 0.21850309 0.00000000
vn -0.96253175 0.27116907 0.00000000
vn -0.96205896 0.27284169 -0.00000000
vn -0.97932655 0.20228578 -0.00000000
vn -0.89454186 0.44698420 0
vn -0.85866094 0.51254404 0
vn -0.85866094 0.51254404 0
vn -0.90029854 0.43527299 -0.00000000
vn -0.76063728 0.64917713 0
vn -0.69674665 0.71731728 0
vn -0.69674665 0.71731728 0
vn -0.76811624 0.64031047 -0.00000000
vn -0.58199781 0.81319034 0
vn -0.48735020 0.87320662 0
vn -0.48735020 0.87320662 0
vn -0.59022141 0.80724144 -0.00000000
vn -0.37720096 0.92613143 -0.00000000
vn -0.36912963 0.92937791 0
vn -0.24474163 0.96958834 0
vn -0.24474163 0.96958834 0
vn -0.14173238 0.98990500 -0.00000000
vn -0.13455208 0.99090654 0
vn 0.01454567 0.99989420 0
vn 0.01454567 0.99989420 0
vn 0.10217106 0.99476683 -0.00000000
vn 0.10793883 0.99415755 0
vn 0.27284169 0.96205896 0
vn 0.27480188 0.96150088 -0.00000000
vn 0.33999404 0.94042760 -0.00000000
vn 0.34610906 0.93819427 0
vn 0.51368314 0.85797995 -0.00000000
vn 0.55758315 0.83012110 -0.00000000
vn 0.51254404 0.85866094 0.00000000
vn 0.56097066 0.82783568 0.00000000
vn 0.71772265 0.69632906 0
vn 0.74198902 0.67041200 0
vn 0.71731728 0.69674665 0.00000000
vn 0.74318951 0.66908097 0.00000000
vn 0.87320662 0.48735020 0.00000000
vn -0.84345281 -0.47074413 0.25881904
vn -0.84358704 -0.47081903 0.25824475
vn -0.85134035 -0.47514626 0.22238630
vn -0.77955979 -0.43508443 0.45054197
vn -0.85140681 -0.47518337 0.22205235
vn -0.75621909 -0.42205763 0.50000000
vn -0.75681400 -0.42238966 0.49881819
vn -0.66193146 -0.36943424 0.65220016
vn -0.78002602 -0.43534464 0.44948244
vn -0.61745030 -0.34460863 0.70710677
vn -0.61874104 -0.34532899 0.70562553
vn -0.66316015 -0.37011999 0.65056115
vn -0.50537336 -0.28205672 0.81550092
vn -0.50537336 -0.28205672 0.81550092
vn -0.43660331 -0.24367510 0.86602539
vn -0.43660331 -0.24367510 0.86602539
vn -0.31909302 -0.17809078 0.93084013
vn -0.22600250 -0.12613551 0.96592581
vn -0.31909302 -0.17809078 0.93084013
vn -0.22600250 -0.12613551 0.96592581
vn -0.11404607 -0.06365088 0.99143434
vn -0.11404607 -0.06365088 0.99143434
vn 0.00000000 0.00000000 1
vn 0.00000000 0.00000000 1
vn 0.09770821 0.05453247 0.99371994
vn 0.09770821 0.05453247 0.99371994
vn 0.22600250 0.12613551 0.96592581
vn 0.22600250 0.12613551 0.96592581
vn 0.30371603 0.16950864 0.93756247
vn 0.30371603 0.16950864 0.93756247
vn 0.43660331 0.24367510 0.86602539
vn 0.43660331 0.24367510 0.86602539
vn 0.49186158 0.27451560 0.82626468
vn 0.49186158 0.27451560 0.82626468
vn 0.61745030 0.34460863 0.70710677
vn 0.61852264 0.34520710 0.70587665
vn 0.65107960 0.36337763 0.66637230
vn 0.65212953 0.36396360 0.66502452
vn 0.75621909 0.42205763 0.50000000
vn 0.75666016 0.42230380 0.49912411
vn 0.77200603 0.43086857 0.46728897
vn 0.77236390 0.43106830 0.46651277
vn 0.84352839 0.47078630 0.25849596
vn 0.84752893 0.47301906 0.24072324
vn 0.84345281 0.47074413 0.25881904
vn 0.87320662 0.48735020 0.00000000
vn -0.87320662 -0.48735020 0.00000000
f 1043/2519/2519 1044/2520/2520 1045/2521/2521
f 1043/2519/2519 1046/2522/2522 1044/2520/2520
f 1045/2521/2521 1047/2523/2523 1043/2519/2519
f 1048/2524/2524 1049/2525/2525 1046/2522/2522
f 1048/2524/2524 1050/2526/2526 1049/2525/2525
f 1046/2522/2522 1051/2527/2527 1048/2524/2524
f 1052/2528/2528 1053/2529/2529 1050/2526/2526
f 1050/2526/2526 1054/2530/2530 1052/2528/2528
f 1055/2531/2531 1056/2532/2532 1053/2529/2529
f 1057/2533/2533 1058/2534/2534 1056/2532/2532
f 1057/2533/2533 1059/2535/2535 1058/2534/2534
f 1056/2532/2532 1055/2531/2531 1057/2533/2533
f 1060/2536/2536 1059/2535/2535 1061/2537/2537
f 1061/2537/2537 1062/2538/2538 1060/2536/2536
f 1063/2539/2539 1064/2540/2540 1060/2536/2536
f 1065/2541/2541 1064/2540/2540 1063/2539/2539
f 1066/2542/2542 1067/2543/2543 1068/2544/2544
f 1068/2544/2544 1065/2541/2541 1066/2542/2542
f 1069/2545/2545 1070/2546/2546 1071/2547/2547
f 1071/2547/2547 1072/2548/2548 1069/2545/2545
f 1068/2544/2544 1067/2543/2543 1069/2545/2545
f 1073/2549/2549 1074/2550/2550 1075/2551/2551
f 1073/2549/2549 1070/2546/2546 1074/2550/2550
f 1075/2551/2551 1076/2552/2552 1073/2549/2549
f 1077/2553/2553 1078/2554/2554 1079/2555/2555
f 1079/2555/2555 1080/2556/2556 1077/2553/2553
f 1076/2552/2552 1075/2551/2551 1078/2554/2554
f 1081/2557/2557 1082/2558/2558 1083/2559/2559
f 1081/2557/2557 1079/2555/2555 1082/2558/2558
f 1083/2559/2559 1084/2560/2560 1081/2557/2557
f 1085/2561/2561 1086/2562/2562 1087/2563/2563
f 1085/2561/2561 1083/2559/2559 1086/2562/2562
f 1087/2563/2563 1088/2564/2564 1085/2561/2561
f 1089/2565/2565 1088/2564/2564 1087/2563/2563
f 1085/2561/2561 1084/2560/2560 1083/2559/2559
f 1081/2557/2557 1080/2556/2556 1079/2555/2555
f 1077/2553/2553 1076/2552/2552 1078/2554/2554
f 1073/2549/2549 1071/2547/2547 1070/2546/2546
f 1072/2548/2548 1068/2544/2544 1069/2545/2545
f 1063/2539/2539 1066/2542/2542 1065/2541/2541
f 1062/2538/2538 1063/2539/2539 1060/2536/2536
f 1057/2533/2533 1061/2537/2537 1059/2535/2535
f 1052/2528/2528 1055/2531/2531 1053/2529/2529
f 1048/2524/2524 1054/2530/2530 1050/2526/2526
f 1043/2519/2519 1051/2527/2527 1046/2522/2522
f 1047/2523/2523 1045/2521/2521 1090/2566/2566
f 1047/2567/2567 1091/2568/2568 1092/2569/2569
f 1047/2567/2567 1093/2570/2570 1091/2568/2568
f 1092/2569/2569 1043/2571/2571 1047/2567/2567
f 1051/2572/2572 1094/2573/2573 1095/2574/2574
f 1051/2572/2572 1092/2569/2569 1094/2573/2573
f 1095/2574/2574 1048/2575/2575 1051/2572/2572
f 1054/2576/2576 1096/2577/2577 1097/2578/2578
f 1054/2576/2576 1095/2574/2574 1096/2577/2577
f 1097/2578/2578 1052/2579/2579 1054/2576/2576
f 1055/2580/2580 1098/2581/2581 1099/2582/2582
f 1099/2582/2582 1057/2583/2583 1055/2580/2580
f 1052/2579/2579 1097/2578/2578 1098/2581/2581
f 1061/2584/2584 1100/2585/2585 1101/2586/2586
f 1061/2584/2584 1099/2582/2582 1100/2585/2585
f 1101/2586/2586 1062/2587/2587 1061/2584/2584
f 1063/2588/2588 1102/2589/2589 1103/2590/2590
f 1063/2588/2588 1101/2586/2586 1102/2589/2589
f 1103/2590/2590 1066/2591/2591 1063/2588/2588
f 1104/2592/2592 1067/2593/2593 1066/2591/2591
f 1104/2592/2592 1069/2594/2594 1067/2593/2593
f 1066/2591/2591 1103/2590/2590 1104/2592/2592
f 1105/2595/2595 1070/2596/2596 1069/2594/2594
f 1105/2595/2595 1074/2597/2597 1070/2596/2596
f 1069/2594/2594 1106/2598/2598 1105/2595/2595
f 1107/2599/2599 1075/2600/2600 1074/2597/2597
f 1074/2597/2597 1108/2601/2601 1107/2599/2599
f 1109/2602/2602 1078/2603/2603 1075/2600/2600
f 1110/2604/2604 1079/2605/2605 1078/2603/2603
f 1110/2604/2604 1082/2606/2606 1079/2605/2605
f 1078/2603/2603 1109/2602/2602 1110/2604/2604
f 1111/2607/2607 1083/2608/2608 1082/2606/2606
f 1111/2607/2607 1086/2609/2609 1083/2608/2608
f 1082/2606/2606 1112/2610/2610 1111/2607/2607
f 1087/2611/2611 1086/2609/2609 1113/2612/2612
f 1114/2613/2613 1089/2614/2614 1087/2611/2611
f 1115/2615/2615 1116/2616/2616 1085/2617/2617
f 1085/2617/2617 1088/2618/2618 1115/2615/2615
f 1089/2614/2614 1114/2613/2613 1115/2615/2615
f 1117/2619/2619 1118/2620/2620 1081/2621/2621
f 1081/2621/2621 1084/2622/2622 1117/2619/2619
f 1085/2617/2617 1116/2616/2616 1117/2619/2619
f 1119/2623/2623 1120/2624/2624 1077/2625/2625
f 1077/2625/2625 1080/2626/2626 1119/2623/2623
f 1081/2621/2621 1118/2620/2620 1119/2623/2623
f 1121/2627/2627 1122/2628/2628 1073/2629/2629
f 1073/2629/2629 1076/2630/2630 1121/2627/2627
f 1077/2625/2625 1120/2624/2624 1121/2627/2627
f 1123/2631/2631 1124/2632/2632 1072/2633/2633
f 1072/2633/2633 1071/2634/2634 1123/2631/2631
f 1073/2629/2629 1122/2628/2628 1123/2631/2631
f 1125/2635/2635 1126/2636/2636 1065/2637/2637
f 1065/2637/2637 1068/2638/2638 1125/2635/2635
f 1072/2633/2633 1124/2632/2632 1125/2635/2635
f 1064/2639/2639 1065/2637/2637 1126/2636/2636
f 1126/2636/2636 1127/2640/2640 1064/2639/2639
f 1128/2641/2641 1060/2642/2642 1064/2639/2639
f 1059/2643/2643 1060/2642/2642 1128/2641/2641
f 1128/2641/2641 1129/2644/2644 1059/2643/2643
f 1130/2645/2645 1058/2646/2646 1059/2643/2643
f 1056/2647/2647 1058/2646/2646 1130/2645/2645
f 1130/2645/2645 1131/2648/2648 1056/2647/2647
f 1132/2649/2649 1053/2650/2650 1056/2647/2647
f 1050/2651/2651 1053/2650/2650 1132/2649/2649
f 1133/2652/2652 1049/2653/2653 1050/2651/2651
f 1132/2649/2649 1133/2652/2652 1050/2651/2651
f 1046/2654/2654 1049/2653/2653 1134/2655/2655
f 1135/2656/2656 1044/2657/2657 1046/2654/2654
f 1134/2655/2655 1135/2656/2656 1046/2654/2654
f 1045/2658/2658 1044/2657/2657 1136/2659/2659
f 1137/2660/2660 1090/2661/2661 1045/2658/2658
f 1136/2659/2659 1137/2660/2660 1045/2658/2658
f 1137/2660/2660 1093/2570/2570 1090/2661/2661
f 1135/2656/2656 1136/2659/2659 1044/2657/2657
f 1133/2652/2652 1134/2655/2655 1049/2653/2653
f 1131/2648/2648 1132/2649/2649 1056/2647/2647
f 1129/2644/2644 1130/2645/2645 1059/2643/2643
f 1127/2640/2640 1128/2641/2641 1064/2639/2639
f 1068/2638/2638 1072/2633/2633 1125/2635/2635
f 1071/2634/2634 1073/2629/2629 1123/2631/2631
f 1076/2630/2630 1077/2625/2625 1121/2627/2627
f 1080/2626/2626 1081/2621/2621 1119/2623/2623
f 1084/2622/2622 1085/2617/2617 1117/2619/2619
f 1088/2618/2618 1089/2614/2614 1115/2615/2615
f 1113/2612/2612 1114/2613/2613 1087/2611/2611
f 1111/2607/2607 1113/2612/2612 1086/2609/2609
f 1110/2604/2604 1112/2610/2610 1082/2606/2606
f 1107/2599/2599 1109/2602/2602 1075/2600/2600
f 1105/2595/2595 1108/2601/2601 1074/2597/2597
f 1104/2592/2592 1106/2598/2598 1069/2594/2594
f 1063/2588/2588 1062/2587/2587 1101/2586/2586
f 1061/2584/2584 1057/2583/2583 1099/2582/2582
f 1055/2580/2580 1052/2579/2579 1098/2581/2581
f 1054/2576/2576 1048/2575/2575 1095/2574/2574
f 1051/2572/2572 1043/2571/2571 1092/2569/2569
f 1047/2567/2567 1090/2661/2661 1093/2570/2570
f 1136/2662/2662 1092/2663/2663 1091/2664/2664
f 1136/2662/2662 1094/2665/2665 1092/2663/2663
f 1091/2664/2664 1137/2666/2666 1136/2662/2662
f 1134/2667/2667 1095/2668/2668 1094/2665/2665
f 1134/2667/2667 1096/2669/2669 1095/2668/2668
f 1094/2665/2665 1135/2670/2670 1134/2667/2667
f 1132/2671/2671 1097/2672/2672 1096/2669/2669
f 1096/2669/2669 1133/2673/2673 1132/2671/2671
f 1131/2674/2674 1098/2675/2675 1097/2672/2672
f 1130/2676/2676 1099/2677/2677 1098/2675/2675
f 1130/2676/2676 1100/2678/2678 1099/2677/2677
f 1098/2675/2675 1131/2674/2674 1130/2676/2676
f 1101/2679/2679 1100/2678/2678 1129/2680/2680
f 1129/2680/2680 1128/2681/2681 1101/2679/2679
f 1127/2682/2682 1102/2683/2683 1101/2679/2679
f 1103/2684/2684 1102/2683/2683 1127/2682/2682
f 1103/2684/2684 1126/2685/2685 1125/2686/2686
f 1125/2686/2686 1104/2687/2687 1103/2684/2684
f 1106/2688/2688 1124/2689/2689 1123/2690/2690
f 1106/2688/2688 1125/2686/2686 1124/2689/2689
f 1123/2690/2690 1105/2691/2691 1106/2688/2688
f 1108/2692/2692 1122/2693/2693 1121/2694/2694
f 1121/2694/2694 1107/2695/2695 1108/2692/2692
f 1105/2691/2691 1123/2690/2690 1122/2693/2693
f 1109/2696/2696 1120/2697/2697 1119/2698/2698
f 1119/2698/2698 1110/2699/2699 1109/2696/2696
f 1107/2695/2695 1121/2694/2694 1120/2697/2697
f 1112/2700/2700 1118/2701/2701 1117/2702/2702
f 1112/2700/2700 1119/2698/2698 1118/2701/2701
f 1117/2702/2702 1111/2703/2703 1112/2700/2700
f 1116/2704/2704 1115/2705/2705 1113/2706/2706
f 1111/2703/2703 1117/2702/2702 1116/2704/2704
f 1114/2707/2707 1113/2706/2706 1115/2705/2705
f 1113/2706/2706 1111/2703/2703 1116/2704/2704
f 1112/2700/2700 1110/2699/2699 1119/2698/2698
f 1109/2696/2696 1107/2695/2695 1120/2697/2697
f 1108/2692/2692 1105/2691/2691 1122/2693/2693
f 1106/2688/2688 1104/2687/2687 1125/2686/2686
f 1127/2682/2682 1126/2685/2685 1103/2684/2684
f 1128/2681/2681 1127/2682/2682 1101/2679/2679
f 1130/2676/2676 1129/2680/2680 1100/2678/2678
f 1132/2671/2671 1131/2674/2674 1097/2672/2672
f 1134/2667/2667 1133/2673/2673 1096/2669/2669
f 1136/2662/2662 1135/2670/2670 1094/2665/2665
f 1137/2666/2666 1091/2664/2664 1093/2708/2708
o Solid.039
usemtl f0f14e33_f81f_480f_8d49_56bbe20ec2c5
v -32.78151321 -167.27542114 34.51654434
v -33.15931320 -166.59805298 34.51570129
v -33.12291336 -166.63691711 34.46401596
v -33.39952087 -166.39735413 34.80801010
v -32.79584503 -167.22271729 34.46353149
v -32.73605347 -167.66436768 34.87831497
v -33.46537018 -166.35557556 34.87659073
v -33.72590637 -166.23188782 35.11155701
v -32.73709106 -167.58267212 34.80648041
v -32.79280853 -168.05180359 35.18897629
v -33.82369232 -166.20028687 35.18681335
v -32.76690674 -167.94596863 35.10918427
v -32.88544846 -168.29545593 35.35658264
v -34.08263779 -166.15039063 35.35658264
v -34.21407700 -166.14270020 35.42735672
v -32.94790268 -168.41134644 35.42735672
v -33.08372116 -168.60299683 35.52851486
v -34.44849396 -166.15768433 35.52851486
v -34.60300827 -166.18815613 35.57720566
v -33.19077301 -168.71852112 35.57720566
v -33.35056305 -168.85340881 35.61711502
v -34.80169678 -166.25334167 35.61711502
v -33.50487137 -168.95234680 35.62831497
v -33.67009354 -169.03173828 35.61711502
v -35.12123108 -166.43167114 35.61711502
v -34.96692276 -166.33273315 35.62831497
v -33.86878204 -169.09692383 35.57720566
v -34.02329636 -169.12739563 35.52851486
v -35.38806915 -166.68208313 35.52851486
v -35.28101349 -166.56655884 35.57720566
v -35.52388763 -166.87373352 35.42735672
v -34.25771332 -169.14237976 35.42735672
v -34.38915253 -169.13468933 35.35658264
v -35.58634186 -166.98962402 35.35658264
v -35.67898560 -167.23327637 35.18897629
v -34.64809799 -169.08479309 35.18681335
v -34.74588776 -169.05319214 35.11155701
v -35.70488739 -167.33911133 35.10918427
v -35.73573685 -167.62071228 34.87831497
v -35.00642014 -168.92950439 34.87659073
v -35.07226944 -168.88772583 34.80801010
v -35.73470306 -167.70240784 34.80648041
v -35.69027710 -168.00964355 34.51654434
v -35.31248093 -168.68702698 34.51570129
v -35.34888077 -168.64816284 34.46401596
v -35.67594528 -168.06236267 34.46353149
v -35.54570770 -168.37356567 34.12831879
v -32.92608643 -166.91151428 34.12831879
v -32.79631424 -167.22109985 73.79473877
v -32.78173065 -167.27455139 73.74094391
v -32.92608643 -166.91151428 74.12831879
v -32.73719788 -167.58003235 73.45249939
v -32.73602676 -167.66230774 73.38008881
v -32.76622391 -167.94264221 73.15001678
v -32.79195404 -168.04878235 73.06987762
v -32.88168335 -168.28761292 72.90505981
v -32.94790268 -168.41134644 72.82927704
v -33.07678986 -168.59461975 72.73205566
v -33.19077301 -168.71852112 72.67942810
v -33.34006500 -168.84565735 72.64116669
v -33.50487137 -168.95234680 72.62831879
v -33.65602493 -169.02592468 72.63773346
v -34.00608826 -169.12483215 72.72197723
v -33.86878204 -169.09692383 72.67942810
v -34.36966705 -169.13656616 72.88892365
v -34.25771332 -169.14237976 72.82927704
v -34.64515686 -169.08563232 73.06765747
v -34.72793961 -169.05953979 73.13078308
v -35.05340958 -168.90017700 73.42855072
v -35.00471115 -168.93052673 73.37831879
v -35.33141327 -168.66716003 73.76750946
v -35.31187057 -168.68766785 73.74008942
v -35.68316269 -168.03677368 73.76723480
v -35.69015503 -168.01013184 73.74057007
v -35.54570770 -168.37356567 74.12831879
v -35.73550415 -167.67678833 73.42738342
v -35.73575974 -167.62223816 73.37963104
v -35.69964981 -167.31477356 73.12876129
v -35.67969131 -167.23579407 73.06950378
v -35.57770920 -166.97206116 72.88892365
v -35.52388763 -166.87373352 72.82927704
v -35.37685394 -166.66877747 72.72197723
v -35.28101349 -166.56655884 72.67942810
v -35.10889053 -166.42274475 72.63773346
v -34.96692276 -166.33273315 72.62831879
v -34.78958893 -166.24847412 72.64116669
v -34.60300827 -166.18815613 72.67942810
v -34.43772507 -166.15618896 72.73205566
v -34.21407700 -166.14270020 72.82927704
v -34.07398605 -166.15130615 72.90505981
v -33.82663345 -166.19944763 73.06765747
v -33.71673203 -166.23524475 73.15247345
v -33.46708298 -166.35455322 73.37831879
v -33.39443970 -166.40078735 73.45409393
v -33.15991974 -166.59741211 73.74008942
vt 0.08827405 0.62787503
vt 0.08809100 0.37240273
vt 0.07692308 0.38942701
vt 0.15384616 0.27612203
vt 0.07681850 0.61041290
vt 0.17061923 0.74703556
vt 0.17020179 0.25353250
vt 0.23076923 0.17614061
vt 0.15348616 0.72337371
vt 0.25296444 0.84936106
vt 0.25232339 0.15135169
vt 0.23011211 0.82307917
vt 0.30769232 0.90456712
vt 0.30769232 0.09543286
vt 0.33530962 0.07212184
vt 0.33530962 0.92787814
vt 0.38461539 0.96119809
vt 0.38461539 0.03880192
vt 0.41765481 0.02276392
vt 0.41765481 0.97723609
vt 0.46153846 0.99038196
vt 0.46153846 0.00961806
vt 0.50000000 0.99407113
vt 0.53846157 0.99038196
vt 0.53846157 0.00961806
vt 0.50000000 0.00592885
vt 0.58234519 0.97723609
vt 0.61538464 0.96119809
vt 0.61538464 0.03880192
vt 0.58234519 0.02276392
vt 0.66469038 0.07212184
vt 0.66469038 0.92787814
vt 0.69230771 0.90456712
vt 0.69230771 0.09543286
vt 0.74703556 0.15063894
vt 0.74767661 0.84864831
vt 0.76923078 0.82385939
vt 0.76988786 0.17692083
vt 0.82938075 0.25296444
vt 0.82979822 0.74646747
vt 0.84615386 0.72387797
vt 0.84651381 0.27662626
vt 0.91172594 0.37212497
vt 0.91190898 0.62759727
vt 0.92307693 0.61057299
vt 0.92318147 0.38958710
vt 0.99407113 0.50000000
vt 0.00592885 0.50000000
vt 0.71412987 0.01420982
vt 0.71430767 0.98583055
vt 0.70842797 0.98450178
vt 0.75000000 0.99407113
vt 0.70833331 0.01551948
vt 0.67533600 0.02268188
vt 0.67561537 0.97737616
vt 0.66688377 0.97558725
vt 0.66666669 0.02445652
vt 0.63656324 0.03015979
vt 0.63692307 0.96990365
vt 0.62533307 0.96792394
vt 0.62500000 0.03213093
vt 0.59730768 0.03627139
vt 0.59823078 0.96385247
vt 0.58333331 0.96198028
vt 0.58333331 0.03801972
vt 0.55838460 0.04051871
vt 0.55953848 0.95957857
vt 0.54166669 0.95827842
vt 0.54166669 0.04172156
vt 0.51946151 0.04270750
vt 0.52084613 0.95733321
vt 0.50000000 0.95701581
vt 0.50000000 0.04298419
vt 0.48215383 0.95724851
vt 0.48053846 0.04270750
vt 0.45833334 0.04172156
vt 0.44346154 0.95932943
vt 0.44161537 0.04051871
vt 0.41666666 0.03801972
vt 0.45833334 0.95827842
vt 0.40476924 0.96345365
vt 0.40269232 0.03627139
vt 0.41666666 0.96198028
vt 0.37500000 0.96786904
vt 0.37467563 0.03207748
vt 0.36578947 0.96942842
vt 0.36376923 0.03021831
vt 0.33312210 0.02441392
vt 0.32724491 0.97678435
vt 0.32484615 0.02271970
vt 0.29157406 0.01549865
vt 0.33333334 0.97554350
vt 0.28866166 0.98515797
vt 0.28592306 0.01422183
vt 0.25000000 0.00592885
vt 0.29166666 0.98448050
vt 0.21130769 0.98515105
vt 0.20838657 0.98449248
vt 0.20833333 0.01551948
vt 0.21412984 0.01420982
vt 0.25000000 0.99407113
vt 0.17261538 0.97675562
vt 0.16682759 0.97557592
vt 0.16666667 0.02445652
vt 0.17533600 0.02268188
vt 0.13392308 0.96937847
vt 0.12527664 0.96791464
vt 0.12500000 0.03213093
vt 0.13656327 0.03015979
vt 0.09523077 0.96345365
vt 0.08333334 0.96198028
vt 0.08333334 0.03801972
vt 0.09730769 0.03627139
vt 0.05653846 0.95932943
vt 0.04166667 0.95827842
vt 0.04166667 0.04172156
vt 0.05838462 0.04051871
vt 0.01784615 0.95724851
vt 0.00000000 0.95701581
vt 0.00000000 0.04298419
vt 0.01946154 0.04270750
vt 0.98053849 0.04270750
vt -0.02084615 0.95733321
vt 0.95833331 0.95827842
vt 0.95833331 0.04172156
vt 0.94161540 0.04051871
vt 0.94046152 0.95957857
vt 0.91666669 0.96198028
vt 0.91666669 0.03801972
vt 0.90269232 0.03627139
vt 0.90176922 0.96385247
vt 0.87500000 0.96786904
vt 0.87467563 0.03207748
vt 0.86376923 0.03021831
vt 0.86273313 0.96996439
vt 0.83312213 0.02441392
vt 0.82484615 0.02271970
vt 0.83333331 0.97554350
vt 0.82419580 0.97741544
vt 0.79157406 0.01549865
vt 0.78592306 0.01422183
vt 0.79166669 0.98448050
vt 0.75000000 0.00592885
vt 0.91138756 0.62759131
vt 0.92307693 0.60987467
vt 0.91119945 0.37212497
vt 0.84652925 0.27792370
vt 0.84615386 0.72259980
vt 0.82836318 0.25296444
vt 0.82879478 0.74645168
vt 0.76923078 0.82223332
vt 0.74552685 0.15063894
vt 0.74618894 0.84862924
vt 0.76991427 0.17857651
vt 0.69230771 0.09708452
vt 0.69230771 0.90291548
vt 0.66269052 0.07212184
vt 0.66269052 0.92787814
vt 0.61538464 0.95990121
vt 0.57985419 0.97723609
vt 0.61538464 0.04009876
vt 0.57985419 0.02276392
vt 0.53846157 0.01016090
vt 0.53846157 0.98983908
vt 0.49701789 0.99407113
vt 0.49701789 0.00592885
vt 0.46153846 0.00903165
vt 0.46153846 0.99096835
vt 0.41418159 0.97723609
vt 0.41418159 0.02276392
vt 0.38461539 0.03677743
vt 0.38461539 0.96322256
vt 0.33134526 0.92787814
vt 0.33134526 0.07212184
vt 0.30769232 0.09176645
vt 0.30769232 0.90823352
vt 0.24850895 0.84936106
vt 0.24795897 0.15124673
vt 0.23076923 0.17076467
vt 0.23019773 0.82856941
vt 0.16567263 0.74703556
vt 0.16535272 0.25339717
vt 0.15384616 0.26912600
vt 0.15356842 0.73049051
vt 0.08283632 0.62787503
vt 0.08273048 0.37228462
vt 0.07692308 0.38106558
vt 0.07686215 0.61884207
vt 0 0.50000000
vt 0.99403578 0.50000000
vn -0.84345281 -0.47074413 -0.25881904
vn -0.84358418 -0.47081745 -0.25825688
vn -0.85105789 -0.47498864 -0.22379972
vn -0.77841562 -0.43444586 -0.45312899
vn -0.85112280 -0.47502485 -0.22347568
vn -0.75621909 -0.42205763 -0.50000000
vn -0.75679791 -0.42238066 -0.49885020
vn -0.65944791 -0.36804813 -0.65549141
vn -0.77886796 -0.43469831 -0.45210844
vn -0.61745030 -0.34460863 -0.70710677
vn -0.61870742 -0.34531024 -0.70566416
vn -0.66064227 -0.36871472 -0.65391225
vn -0.50123477 -0.27974692 -0.81884390
vn -0.50123477 -0.27974692 -0.81884390
vn -0.43660331 -0.24367510 -0.86602539
vn -0.43660331 -0.24367510 -0.86602539
vn -0.31319192 -0.17479728 -0.93346488
vn -0.31319192 -0.17479728 -0.93346488
vn -0.22600250 -0.12613551 -0.96592581
vn -0.22600250 -0.12613551 -0.96592581
vn -0.10651021 -0.05944500 -0.99253303
vn -0.10651021 -0.05944500 -0.99253303
vn 0.00000000 0.00000000 -1
vn 0.10651021 0.05944500 -0.99253303
vn 0.10651021 0.05944500 -0.99253303
vn 0.00000000 0.00000000 -1
vn 0.22600250 0.12613551 -0.96592581
vn 0.31319192 0.17479728 -0.93346488
vn 0.31319192 0.17479728 -0.93346488
vn 0.22600250 0.12613551 -0.96592581
vn 0.43660331 0.24367510 -0.86602539
vn 0.43660331 0.24367510 -0.86602539
vn 0.50123477 0.27974692 -0.81884390
vn 0.50123477 0.27974692 -0.81884390
vn 0.61745030 0.34460863 -0.70710677
vn 0.61870742 0.34531024 -0.70566416
vn 0.65944791 0.36804813 -0.65549141
vn 0.66064227 0.36871472 -0.65391225
vn 0.75621909 0.42205763 -0.50000000
vn 0.75679791 0.42238066 -0.49885020
vn 0.77841562 0.43444586 -0.45312899
vn 0.77886796 0.43469831 -0.45210844
vn 0.84345281 0.47074413 -0.25881904
vn 0.84358418 0.47081745 -0.25825688
vn 0.85105789 0.47498864 -0.22379972
vn 0.85112280 0.47502485 -0.22347568
vn 0.87320662 0.48735020 0.00000000
vn -0.87320662 -0.48735020 0.00000000
vn 0.96003371 0.27988443 0.00000000
vn 0.95972031 0.28095707 0.00000000
vn 0.96944267 0.24531800 0.00000000
vn 0.87320662 0.48735020 0.00000000
vn 0.96958834 0.24474163 0.00000000
vn 0.99920309 0.03991425 0.00000000
vn 0.99913150 0.04166821 0.00000000
vn 0.99991310 -0.01318168 0.00000000
vn 0.99989420 -0.01454567 0.00000000
vn 0.97932655 -0.20228578 0.00000000
vn 0.97978133 -0.20007128 0.00000000
vn 0.96262777 -0.27082792 0.00000000
vn 0.96205896 -0.27284169 0.00000000
vn 0.90029854 -0.43527299 0.00000000
vn 0.90280789 -0.43004408 0.00000000
vn 0.85866094 -0.51254404 0.00000000
vn 0.85866094 -0.51254404 0.00000000
vn 0.76811624 -0.64031047 0.00000000
vn 0.77273816 -0.63472497 0.00000000
vn 0.69674665 -0.71731728 0.00000000
vn 0.69674665 -0.71731728 0.00000000
vn 0.59022141 -0.80724144 0.00000000
vn 0.59722179 -0.80207616 0.00000000
vn 0.48735020 -0.87320662 0.00000000
vn 0.48735020 -0.87320662 0.00000000
vn 0.38658139 -0.92225528 0.00000000
vn 0.37720096 -0.92613143 0.00000000
vn 0.24474163 -0.96958834 0.00000000
vn 0.15320522 -0.98819441 0.00000000
vn 0.14173238 -0.98990500 0.00000000
vn -0.01454567 -0.99989420 0.00000000
vn 0.24474163 -0.96958834 0.00000000
vn -0.08918133 -0.99601543 0.00000000
vn -0.10217106 -0.99476683 0.00000000
vn -0.01454567 -0.99989420 0.00000000
vn -0.27284169 -0.96205896 0.00000000
vn -0.27480188 -0.96150088 0.00000000
vn -0.32802969 -0.94466740 0.00000000
vn -0.33999404 -0.94042760 0.00000000
vn -0.51368314 -0.85797995 0.00000000
vn -0.54500878 -0.83843035 0.00000000
vn -0.55758315 -0.83012110 0.00000000
vn -0.71772265 -0.69632906 0.00000000
vn -0.51254404 -0.85866094 0.00000000
vn -0.73034394 -0.68307960 0.00000000
vn -0.74198902 -0.67041200 0.00000000
vn -0.87320662 -0.48735020 0.00000000
vn -0.71731728 -0.69674665 0.00000000
vn -0.96484542 -0.26281795 0.00000000
vn -0.96950644 -0.24506593 0.00000000
vn -0.96958834 -0.24474163 0
vn -0.96003371 -0.27988443 0
vn -0.87320662 -0.48735020 0.00000000
vn -0.99973941 -0.02282874 0.00000000
vn -0.99990839 0.01353468 0.00000000
vn -0.99989420 0.01454567 -0.00000000
vn -0.99920309 -0.03991425 -0.00000000
vn -0.97583628 0.21850309 0.00000000
vn -0.96253175 0.27116907 0.00000000
vn -0.96205896 0.27284169 -0.00000000
vn -0.97932655 0.20228578 -0.00000000
vn -0.89454186 0.44698420 0
vn -0.85866094 0.51254404 0
vn -0.85866094 0.51254404 0
vn -0.90029854 0.43527299 -0.00000000
vn -0.76063728 0.64917713 0
vn -0.69674665 0.71731728 0
vn -0.69674665 0.71731728 0
vn -0.76811624 0.64031047 -0.00000000
vn -0.58199781 0.81319034 0
vn -0.48735020 0.87320662 0
vn -0.48735020 0.87320662 0
vn -0.59022141 0.80724144 -0.00000000
vn -0.37720096 0.92613143 -0.00000000
vn -0.36912963 0.92937791 0
vn -0.24474163 0.96958834 0
vn -0.24474163 0.96958834 0
vn -0.14173238 0.98990500 -0.00000000
vn -0.13455208 0.99090654 0
vn 0.01454567 0.99989420 0
vn 0.01454567 0.99989420 0
vn 0.10217106 0.99476683 -0.00000000
vn 0.10793883 0.99415755 0
vn 0.27284169 0.96205896 0
vn 0.27480188 0.96150088 -0.00000000
vn 0.33999404 0.94042760 -0.00000000
vn 0.34610906 0.93819427 0
vn 0.51368314 0.85797995 -0.00000000
vn 0.55758315 0.83012110 -0.00000000
vn 0.51254404 0.85866094 0.00000000
vn 0.56097066 0.82783568 0.00000000
vn 0.71772265 0.69632906 0
vn 0.74198902 0.67041200 0
vn 0.71731728 0.69674665 0.00000000
vn 0.87320662 0.48735020 0.00000000
vn -0.84358704 -0.47081903 0.25824475
vn -0.85134035 -0.47514626 0.22238630
vn -0.84345281 -0.47074413 0.25881904
vn -0.78002602 -0.43534464 0.44948244
vn -0.77955979 -0.43508443 0.45054197
vn -0.75621909 -0.42205763 0.50000000
vn -0.75681400 -0.42238966 0.49881819
vn -0.66193146 -0.36943424 0.65220016
vn -0.61745030 -0.34460863 0.70710677
vn -0.61874104 -0.34532899 0.70562553
vn -0.66316015 -0.37011999 0.65056115
vn -0.50537336 -0.28205672 0.81550092
vn -0.50537336 -0.28205672 0.81550092
vn -0.43660331 -0.24367510 0.86602539
vn -0.43660331 -0.24367510 0.86602539
vn -0.31909302 -0.17809078 0.93084013
vn -0.22600250 -0.12613551 0.96592581
vn -0.31909302 -0.17809078 0.93084013
vn -0.22600250 -0.12613551 0.96592581
vn -0.11404607 -0.06365088 0.99143434
vn -0.11404607 -0.06365088 0.99143434
vn 0 0 1
vn 0 0 1
vn 0.09770821 0.05453247 0.99371994
vn 0.09770821 0.05453247 0.99371994
vn 0.22600250 0.12613551 0.96592581
vn 0.22600250 0.12613551 0.96592581
vn 0.30371603 0.16950864 0.93756247
vn 0.30371603 0.16950864 0.93756247
vn 0.43660331 0.24367510 0.86602539
vn 0.43660331 0.24367510 0.86602539
vn 0.49186158 0.27451560 0.82626468
vn 0.49186158 0.27451560 0.82626468
vn 0.61745030 0.34460863 0.70710677
vn 0.61852264 0.34520710 0.70587665
vn 0.65107960 0.36337763 0.66637230
vn 0.65212953 0.36396360 0.66502452
vn 0.75621909 0.42205763 0.50000000
vn 0.75666016 0.42230380 0.49912411
vn 0.77200603 0.43086857 0.46728897
vn 0.77236390 0.43106830 0.46651277
vn 0.84345281 0.47074413 0.25881904
vn 0.84352839 0.47078630 0.25849596
vn 0.84752893 0.47301906 0.24072324
vn 0.84756941 0.47304165 0.24053635
vn 0.87320662 0.48735020 0.00000000
vn -0.87320662 -0.48735020 0.00000000
f 1138/2709/2709 1139/2710/2710 1140/2711/2711
f 1138/2709/2709 1141/2712/2712 1139/2710/2710
f 1140/2711/2711 1142/2713/2713 1138/2709/2709
f 1143/2714/2714 1144/2715/2715 1141/2712/2712
f 1143/2714/2714 1145/2716/2716 1144/2715/2715
f 1141/2712/2712 1146/2717/2717 1143/2714/2714
f 1147/2718/2718 1148/2719/2719 1145/2716/2716
f 1145/2716/2716 1149/2720/2720 1147/2718/2718
f 1150/2721/2721 1151/2722/2722 1148/2719/2719
f 1152/2723/2723 1151/2722/2722 1150/2721/2721
f 1150/2721/2721 1153/2724/2724 1152/2723/2723
f 1154/2725/2725 1155/2726/2726 1152/2723/2723
f 1156/2727/2727 1155/2726/2726 1154/2725/2725
f 1154/2725/2725 1157/2728/2728 1156/2727/2727
f 1158/2729/2729 1159/2730/2730 1156/2727/2727
f 1160/2731/2731 1161/2732/2732 1162/2733/2733
f 1163/2734/2734 1159/2730/2730 1158/2729/2729
f 1158/2729/2729 1160/2731/2731 1163/2734/2734
f 1164/2735/2735 1165/2736/2736 1166/2737/2737
f 1166/2737/2737 1167/2738/2738 1164/2735/2735
f 1162/2733/2733 1161/2732/2732 1164/2735/2735
f 1168/2739/2739 1169/2740/2740 1170/2741/2741
f 1168/2739/2739 1165/2736/2736 1169/2740/2740
f 1170/2741/2741 1171/2742/2742 1168/2739/2739
f 1172/2743/2743 1173/2744/2744 1174/2745/2745
f 1174/2745/2745 1175/2746/2746 1172/2743/2743
f 1171/2742/2742 1170/2741/2741 1173/2744/2744
f 1176/2747/2747 1177/2748/2748 1178/2749/2749
f 1176/2747/2747 1174/2745/2745 1177/2748/2748
f 1178/2749/2749 1179/2750/2750 1176/2747/2747
f 1180/2751/2751 1181/2752/2752 1182/2753/2753
f 1180/2751/2751 1178/2749/2749 1181/2752/2752
f 1182/2753/2753 1183/2754/2754 1180/2751/2751
f 1184/2755/2755 1183/2754/2754 1182/2753/2753
f 1180/2751/2751 1179/2750/2750 1178/2749/2749
f 1176/2747/2747 1175/2746/2746 1174/2745/2745
f 1172/2743/2743 1171/2742/2742 1173/2744/2744
f 1168/2739/2739 1166/2737/2737 1165/2736/2736
f 1167/2738/2738 1162/2733/2733 1164/2735/2735
f 1162/2733/2733 1163/2734/2734 1160/2731/2731
f 1157/2728/2728 1158/2729/2729 1156/2727/2727
f 1153/2724/2724 1154/2725/2725 1152/2723/2723
f 1147/2718/2718 1150/2721/2721 1148/2719/2719
f 1143/2714/2714 1149/2720/2720 1145/2716/2716
f 1138/2709/2709 1146/2717/2717 1141/2712/2712
f 1142/2713/2713 1140/2711/2711 1185/2756/2756
f 1142/2757/2757 1186/2758/2758 1187/2759/2759
f 1142/2757/2757 1188/2760/2760 1186/2758/2758
f 1187/2759/2759 1138/2761/2761 1142/2757/2757
f 1146/2762/2762 1189/2763/2763 1190/2764/2764
f 1146/2762/2762 1187/2759/2759 1189/2763/2763
f 1190/2764/2764 1143/2765/2765 1146/2762/2762
f 1149/2766/2766 1191/2767/2767 1192/2768/2768
f 1149/2766/2766 1190/2764/2764 1191/2767/2767
f 1192/2768/2768 1147/2769/2769 1149/2766/2766
f 1150/2770/2770 1193/2771/2771 1194/2772/2772
f 1194/2772/2772 1153/2773/2773 1150/2770/2770
f 1147/2769/2769 1192/2768/2768 1193/2771/2771
f 1154/2774/2774 1195/2775/2775 1196/2776/2776
f 1154/2774/2774 1194/2772/2772 1195/2775/2775
f 1196/2776/2776 1157/2777/2777 1154/2774/2774
f 1158/2778/2778 1197/2779/2779 1198/2780/2780
f 1158/2778/2778 1196/2776/2776 1197/2779/2779
f 1198/2780/2780 1160/2781/2781 1158/2778/2778
f 1199/2782/2782 1161/2783/2783 1160/2781/2781
f 1199/2782/2782 1164/2784/2784 1161/2783/2783
f 1160/2781/2781 1198/2780/2780 1199/2782/2782
f 1200/2785/2785 1165/2786/2786 1164/2784/2784
f 1200/2785/2785 1169/2787/2787 1165/2786/2786
f 1164/2784/2784 1201/2788/2788 1200/2785/2785
f 1202/2789/2789 1170/2790/2790 1169/2787/2787
f 1169/2787/2787 1203/2791/2791 1202/2789/2789
f 1204/2792/2792 1173/2793/2793 1170/2790/2790
f 1205/2794/2794 1174/2795/2795 1173/2793/2793
f 1205/2794/2794 1177/2796/2796 1174/2795/2795
f 1173/2793/2793 1204/2792/2792 1205/2794/2794
f 1206/2797/2797 1178/2798/2798 1177/2796/2796
f 1206/2797/2797 1181/2799/2799 1178/2798/2798
f 1177/2796/2796 1207/2800/2800 1206/2797/2797
f 1208/2801/2801 1182/2802/2802 1181/2799/2799
f 1208/2801/2801 1184/2803/2803 1182/2802/2802
f 1181/2799/2799 1209/2804/2804 1208/2801/2801
f 1210/2805/2805 1211/2806/2806 1180/2807/2807
f 1180/2807/2807 1183/2808/2808 1210/2805/2805
f 1184/2803/2803 1212/2809/2809 1210/2805/2805
f 1213/2810/2810 1214/2811/2811 1176/2812/2812
f 1176/2812/2812 1179/2813/2813 1213/2810/2810
f 1180/2807/2807 1211/2806/2806 1213/2810/2810
f 1215/2814/2814 1216/2815/2815 1172/2816/2816
f 1172/2816/2816 1175/2817/2817 1215/2814/2814
f 1176/2812/2812 1214/2811/2811 1215/2814/2814
f 1217/2818/2818 1218/2819/2819 1168/2820/2820
f 1168/2820/2820 1171/2821/2821 1217/2818/2818
f 1172/2816/2816 1216/2815/2815 1217/2818/2818
f 1219/2822/2822 1220/2823/2823 1167/2824/2824
f 1167/2824/2824 1166/2825/2825 1219/2822/2822
f 1168/2820/2820 1218/2819/2819 1219/2822/2822
f 1221/2826/2826 1222/2827/2827 1163/2828/2828
f 1163/2828/2828 1162/2829/2829 1221/2826/2826
f 1167/2824/2824 1220/2823/2823 1221/2826/2826
f 1159/2830/2830 1163/2828/2828 1222/2827/2827
f 1222/2827/2827 1223/2831/2831 1159/2830/2830
f 1224/2832/2832 1156/2833/2833 1159/2830/2830
f 1155/2834/2834 1156/2833/2833 1224/2832/2832
f 1224/2832/2832 1225/2835/2835 1155/2834/2834
f 1226/2836/2836 1152/2837/2837 1155/2834/2834
f 1151/2838/2838 1152/2837/2837 1226/2836/2836
f 1226/2836/2836 1227/2839/2839 1151/2838/2838
f 1228/2840/2840 1148/2841/2841 1151/2838/2838
f 1145/2842/2842 1148/2841/2841 1228/2840/2840
f 1229/2843/2843 1144/2844/2844 1145/2842/2842
f 1228/2840/2840 1229/2843/2843 1145/2842/2842
f 1141/2845/2845 1144/2844/2844 1230/2846/2846
f 1231/2847/2847 1139/2848/2848 1141/2845/2845
f 1230/2846/2846 1231/2847/2847 1141/2845/2845
f 1140/2849/2849 1139/2848/2848 1232/2850/2850
f 1188/2760/2760 1185/2851/2851 1140/2849/2849
f 1232/2850/2850 1188/2760/2760 1140/2849/2849
f 1231/2847/2847 1232/2850/2850 1139/2848/2848
f 1229/2843/2843 1230/2846/2846 1144/2844/2844
f 1227/2839/2839 1228/2840/2840 1151/2838/2838
f 1225/2835/2835 1226/2836/2836 1155/2834/2834
f 1223/2831/2831 1224/2832/2832 1159/2830/2830
f 1162/2829/2829 1167/2824/2824 1221/2826/2826
f 1166/2825/2825 1168/2820/2820 1219/2822/2822
f 1171/2821/2821 1172/2816/2816 1217/2818/2818
f 1175/2817/2817 1176/2812/2812 1215/2814/2814
f 1179/2813/2813 1180/2807/2807 1213/2810/2810
f 1183/2808/2808 1184/2803/2803 1210/2805/2805
f 1208/2801/2801 1212/2809/2809 1184/2803/2803
f 1206/2797/2797 1209/2804/2804 1181/2799/2799
f 1205/2794/2794 1207/2800/2800 1177/2796/2796
f 1202/2789/2789 1204/2792/2792 1170/2790/2790
f 1200/2785/2785 1203/2791/2791 1169/2787/2787
f 1199/2782/2782 1201/2788/2788 1164/2784/2784
f 1158/2778/2778 1157/2777/2777 1196/2776/2776
f 1154/2774/2774 1153/2773/2773 1194/2772/2772
f 1150/2770/2770 1147/2769/2769 1193/2771/2771
f 1149/2766/2766 1143/2765/2765 1190/2764/2764
f 1146/2762/2762 1138/2761/2761 1187/2759/2759
f 1142/2757/2757 1185/2851/2851 1188/2760/2760
f 1187/2852/2852 1186/2853/2853 1232/2854/2854
f 1231/2855/2855 1189/2856/2856 1187/2852/2852
f 1230/2857/2857 1190/2858/2858 1189/2856/2856
f 1230/2857/2857 1191/2859/2859 1190/2858/2858
f 1189/2856/2856 1231/2855/2855 1230/2857/2857
f 1228/2860/2860 1192/2861/2861 1191/2859/2859
f 1191/2859/2859 1229/2862/2862 1228/2860/2860
f 1227/2863/2863 1193/2864/2864 1192/2861/2861
f 1226/2865/2865 1194/2866/2866 1193/2864/2864
f 1226/2865/2865 1195/2867/2867 1194/2866/2866
f 1193/2864/2864 1227/2863/2863 1226/2865/2865
f 1196/2868/2868 1195/2867/2867 1225/2869/2869
f 1225/2869/2869 1224/2870/2870 1196/2868/2868
f 1223/2871/2871 1197/2872/2872 1196/2868/2868
f 1198/2873/2873 1197/2872/2872 1223/2871/2871
f 1198/2873/2873 1222/2874/2874 1221/2875/2875
f 1221/2875/2875 1199/2876/2876 1198/2873/2873
f 1201/2877/2877 1220/2878/2878 1219/2879/2879
f 1201/2877/2877 1221/2875/2875 1220/2878/2878
f 1219/2879/2879 1200/2880/2880 1201/2877/2877
f 1203/2881/2881 1218/2882/2882 1217/2883/2883
f 1203/2881/2881 1219/2879/2879 1218/2882/2882
f 1217/2883/2883 1202/2884/2884 1203/2881/2881
f 1204/2885/2885 1216/2886/2886 1215/2887/2887
f 1215/2887/2887 1205/2888/2888 1204/2885/2885
f 1202/2884/2884 1217/2883/2883 1216/2886/2886
f 1207/2889/2889 1214/2890/2890 1213/2891/2891
f 1207/2889/2889 1215/2887/2887 1214/2890/2890
f 1213/2891/2891 1206/2892/2892 1207/2889/2889
f 1209/2893/2893 1211/2894/2894 1210/2895/2895
f 1209/2893/2893 1213/2891/2891 1211/2894/2894
f 1210/2895/2895 1208/2896/2896 1209/2893/2893
f 1212/2897/2897 1208/2896/2896 1210/2895/2895
f 1209/2893/2893 1206/2892/2892 1213/2891/2891
f 1207/2889/2889 1205/2888/2888 1215/2887/2887
f 1204/2885/2885 1202/2884/2884 1216/2886/2886
f 1203/2881/2881 1200/2880/2880 1219/2879/2879
f 1201/2877/2877 1199/2876/2876 1221/2875/2875
f 1223/2871/2871 1222/2874/2874 1198/2873/2873
f 1224/2870/2870 1223/2871/2871 1196/2868/2868
f 1226/2865/2865 1225/2869/2869 1195/2867/2867
f 1228/2860/2860 1227/2863/2863 1192/2861/2861
f 1230/2857/2857 1229/2862/2862 1191/2859/2859
f 1232/2854/2854 1231/2855/2855 1187/2852/2852
f 1232/2854/2854 1186/2853/2853 1188/2898/2898
o Solid.040
usemtl f0f14e33_f81f_480f_8d49_56bbe20ec2c5
v -47.40201950 -141.07922363 34.51654434
v -47.77981567 -140.40185547 34.51570129
v -47.74341965 -140.44071960 34.46401596
v -48.02002716 -140.20115662 34.80801010
v -47.41635132 -141.02650452 34.46353149
v -47.35655975 -141.46815491 34.87831497
v -48.08587646 -140.15936279 34.87659073
v -48.34640884 -140.03570557 35.11155701
v -47.35759735 -141.38647461 34.80648041
v -47.41331482 -141.85560608 35.18897629
v -48.44419861 -140.00408936 35.18681335
v -47.38741302 -141.74977112 35.10918427
v -47.50595474 -142.09924316 35.35658264
v -48.70314789 -139.95419312 35.35658264
v -47.56840897 -142.21514893 35.42735672
v -48.83458328 -139.94650269 35.42735672
v -49.06900024 -139.96148682 35.52851486
v -47.81128311 -142.52232361 35.57720566
v -49.22351074 -139.99195862 35.57720566
v -49.42220306 -140.05714417 35.61711502
v -47.70422745 -142.40681458 35.52851486
v -49.58742523 -140.13653564 35.62831497
v -47.97106934 -142.65721130 35.61711502
v -48.12537766 -142.75614929 35.62831497
v -48.29059982 -142.83554077 35.61711502
v -49.74173355 -140.23548889 35.61711502
v -49.90151978 -140.37036133 35.57720566
v -48.48929214 -142.90072632 35.57720566
v -48.64380264 -142.93119812 35.52851486
v -50.00857544 -140.48587036 35.52851486
v -50.14439392 -140.67752075 35.42735672
v -48.87821960 -142.94618225 35.42735672
v -49.00965881 -142.93849182 35.35658264
v -50.20685196 -140.79342651 35.35658264
v -50.29948807 -141.03707886 35.18897629
v -49.26860428 -142.88859558 35.18681335
v -49.36639404 -142.85697937 35.11155701
v -50.32539368 -141.14291382 35.10918427
v -50.35624695 -141.42453003 34.87831497
v -49.62692642 -142.73330688 34.87659073
v -49.69277573 -142.69152832 34.80801010
v -50.35520935 -141.50621033 34.80648041
v -50.31078339 -141.81346130 34.51654434
v -49.93298721 -142.49084473 34.51570129
v -49.96938324 -142.45195007 34.46401596
v -50.29644775 -141.86616516 34.46353149
v -50.16621399 -142.17736816 34.12831879
v -47.54659271 -140.71531677 34.12831879
v -47.41682053 -141.02491760 73.79473877
v -47.40223694 -141.07836914 73.74094391
v -47.54659271 -140.71531677 74.12831879
v -47.35770416 -141.38383484 73.45249939
v -47.35652924 -141.46611023 73.38008881
v -47.38673019 -141.74644470 73.15001678
v -47.41246033 -141.85258484 73.06987762
v -47.50218964 -142.09140015 72.90505981
v -47.56840897 -142.21514893 72.82927704
v -47.69729233 -142.39842224 72.73205566
v -47.81128311 -142.52232361 72.67942810
v -47.96056747 -142.64945984 72.64116669
v -48.12537766 -142.75614929 72.62831879
v -48.27652740 -142.82972717 72.63773346
v -48.62659454 -142.92863464 72.72197723
v -48.48929214 -142.90072632 72.67942810
v -48.99017334 -142.94036865 72.88892365
v -48.87821960 -142.94618225 72.82927704
v -49.26566315 -142.88943481 73.06765747
v -49.34844589 -142.86334229 73.13078308
v -49.67391586 -142.70397949 73.42855072
v -49.62521744 -142.73434448 73.37831879
v -49.95191574 -142.47096252 73.76750946
v -49.93237686 -142.49145508 73.74008942
v -50.30366898 -141.84056091 73.76723480
v -50.31066132 -141.81394958 73.74057007
v -50.16621399 -142.17736816 74.12831879
v -50.35601425 -141.48059082 73.42738342
v -50.35626221 -141.42604065 73.37963104
v -50.32015610 -141.11859131 73.12876129
v -50.30019760 -141.03958130 73.06950378
v -50.19821548 -140.77586365 72.88892365
v -50.14439392 -140.67752075 72.82927704
v -49.99735641 -140.47257996 72.72197723
v -49.90151978 -140.37036133 72.67942810
v -49.72939682 -140.22656250 72.63773346
v -49.58742523 -140.13653564 72.62831879
v -49.41009521 -140.05227661 72.64116669
v -49.22351074 -139.99195862 72.67942810
v -49.05822754 -139.95997620 72.73205566
v -48.83458328 -139.94650269 72.82927704
v -48.69449615 -139.95510864 72.90505981
v -48.44713974 -140.00325012 73.06765747
v -48.33723831 -140.03904724 73.15247345
v -48.08758545 -140.15835571 73.37831879
v -48.01494598 -140.20458984 73.45409393
v -47.78042603 -140.40121460 73.74008942
vt 0.08827405 0.62787503
vt 0.08809100 0.37240273
vt 0.07692308 0.38942701
vt 0.15384616 0.27612203
vt 0.07681850 0.61041290
vt 0.17061923 0.74703556
vt 0.17020179 0.25353250
vt 0.23076923 0.17614061
vt 0.15348616 0.72337371
vt 0.25296444 0.84936106
vt 0.25232339 0.15135169
vt 0.23011211 0.82307917
vt 0.30769232 0.90456712
vt 0.30769232 0.09543286
vt 0.33530962 0.92787814
vt 0.33530962 0.07212184
vt 0.38461539 0.03880192
vt 0.41765481 0.97723609
vt 0.41765481 0.02276392
vt 0.46153846 0.00961806
vt 0.38461539 0.96119809
vt 0.50000000 0.00592885
vt 0.46153846 0.99038196
vt 0.50000000 0.99407113
vt 0.53846157 0.99038196
vt 0.53846157 0.00961806
vt 0.58234519 0.02276392
vt 0.58234519 0.97723609
vt 0.61538464 0.96119809
vt 0.61538464 0.03880192
vt 0.66469038 0.07212184
vt 0.66469038 0.92787814
vt 0.69230771 0.90456712
vt 0.69230771 0.09543286
vt 0.74703556 0.15063894
vt 0.74767661 0.84864831
vt 0.76923078 0.82385939
vt 0.76988786 0.17692083
vt 0.82938075 0.25296444
vt 0.82979822 0.74646747
vt 0.84615386 0.72387797
vt 0.84651381 0.27662626
vt 0.91172594 0.37212497
vt 0.91190898 0.62759727
vt 0.92307693 0.61057299
vt 0.92318147 0.38958710
vt 0.99407113 0.50000000
vt 0.00592885 0.50000000
vt 0.71412987 0.01420982
vt 0.71430767 0.98583055
vt 0.70842797 0.98450178
vt 0.75000000 0.99407113
vt 0.70833331 0.01551948
vt 0.67533600 0.02268188
vt 0.67561537 0.97737616
vt 0.66688377 0.97558725
vt 0.66666669 0.02445652
vt 0.63656324 0.03015979
vt 0.63692307 0.96990365
vt 0.62533307 0.96792394
vt 0.62500000 0.03213093
vt 0.59730768 0.03627139
vt 0.59823078 0.96385247
vt 0.58333331 0.96198028
vt 0.58333331 0.03801972
vt 0.55838460 0.04051871
vt 0.55953848 0.95957857
vt 0.54166669 0.95827842
vt 0.54166669 0.04172156
vt 0.51946151 0.04270750
vt 0.52084613 0.95733321
vt 0.50000000 0.95701581
vt 0.50000000 0.04298419
vt 0.48215383 0.95724851
vt 0.48053846 0.04270750
vt 0.45833334 0.04172156
vt 0.44346154 0.95932943
vt 0.44161537 0.04051871
vt 0.41666666 0.03801972
vt 0.45833334 0.95827842
vt 0.40476924 0.96345365
vt 0.40269232 0.03627139
vt 0.41666666 0.96198028
vt 0.37500000 0.96786904
vt 0.37467563 0.03207748
vt 0.36578947 0.96942842
vt 0.36376923 0.03021831
vt 0.33312210 0.02441392
vt 0.32724491 0.97678435
vt 0.32484615 0.02271970
vt 0.29157406 0.01549865
vt 0.33333334 0.97554350
vt 0.28866166 0.98515797
vt 0.28592306 0.01422183
vt 0.25000000 0.00592885
vt 0.29166666 0.98448050
vt 0.21130769 0.98515105
vt 0.20838657 0.98449248
vt 0.20833333 0.01551948
vt 0.21412984 0.01420982
vt 0.25000000 0.99407113
vt 0.17261538 0.97675562
vt 0.16682759 0.97557592
vt 0.16666667 0.02445652
vt 0.17533600 0.02268188
vt 0.13392308 0.96937847
vt 0.12527664 0.96791464
vt 0.12500000 0.03213093
vt 0.13656327 0.03015979
vt 0.09523077 0.96345365
vt 0.08333334 0.96198028
vt 0.08333334 0.03801972
vt 0.09730769 0.03627139
vt 0.05653846 0.95932943
vt 0.04166667 0.95827842
vt 0.04166667 0.04172156
vt 0.05838462 0.04051871
vt 0.01784615 0.95724851
vt 0.00000000 0.95701581
vt 0.00000000 0.04298419
vt 0.01946154 0.04270750
vt 0.98053849 0.04270750
vt -0.02084615 0.95733321
vt 0.95833331 0.95827842
vt 0.95833331 0.04172156
vt 0.94161540 0.04051871
vt 0.94046152 0.95957857
vt 0.91666669 0.96198028
vt 0.91666669 0.03801972
vt 0.90269232 0.03627139
vt 0.90176922 0.96385247
vt 0.87500000 0.96786904
vt 0.87467563 0.03207748
vt 0.86376923 0.03021831
vt 0.86273313 0.96996439
vt 0.83312213 0.02441392
vt 0.82484615 0.02271970
vt 0.83333331 0.97554350
vt 0.82419580 0.97741544
vt 0.79157406 0.01549865
vt 0.78592306 0.01422183
vt 0.79166669 0.98448050
vt 0.75000000 0.00592885
vt 0.91138756 0.62759131
vt 0.92307693 0.60987467
vt 0.91119945 0.37212497
vt 0.84652925 0.27792370
vt 0.84615386 0.72259980
vt 0.82836318 0.25296444
vt 0.82879478 0.74645168
vt 0.76923078 0.82223332
vt 0.74552685 0.15063894
vt 0.74618894 0.84862924
vt 0.76991427 0.17857651
vt 0.69230771 0.09708452
vt 0.69230771 0.90291548
vt 0.66269052 0.07212184
vt 0.66269052 0.92787814
vt 0.61538464 0.04009876
vt 0.61538464 0.95990121
vt 0.57985419 0.97723609
vt 0.57985419 0.02276392
vt 0.53846157 0.01016090
vt 0.53846157 0.98983908
vt 0.49701789 0.99407113
vt 0.49701789 0.00592885
vt 0.46153846 0.00903165
vt 0.46153846 0.99096835
vt 0.41418159 0.97723609
vt 0.41418159 0.02276392
vt 0.38461539 0.03677743
vt 0.38461539 0.96322256
vt 0.33134526 0.92787814
vt 0.33134526 0.07212184
vt 0.30769232 0.09176645
vt 0.30769232 0.90823352
vt 0.24850895 0.84936106
vt 0.24795897 0.15124673
vt 0.23076923 0.17076467
vt 0.23019773 0.82856941
vt 0.16567263 0.74703556
vt 0.16535272 0.25339717
vt 0.15384616 0.26912600
vt 0.15356842 0.73049051
vt 0.08283632 0.62787503
vt 0.08273048 0.37228462
vt 0.07692308 0.38106558
vt 0.07686215 0.61884207
vt 0 0.50000000
vt 0.99403578 0.50000000
vn -0.84345281 -0.47074413 -0.25881904
vn -0.84358418 -0.47081745 -0.25825688
vn -0.85105789 -0.47498864 -0.22379972
vn -0.77841562 -0.43444586 -0.45312899
vn -0.85112280 -0.47502485 -0.22347568
vn -0.75621909 -0.42205763 -0.50000000
vn -0.75679791 -0.42238066 -0.49885020
vn -0.65944791 -0.36804813 -0.65549141
vn -0.77886796 -0.43469831 -0.45210844
vn -0.61745030 -0.34460863 -0.70710677
vn -0.61870742 -0.34531024 -0.70566416
vn -0.66064227 -0.36871472 -0.65391225
vn -0.50123477 -0.27974692 -0.81884390
vn -0.50123477 -0.27974692 -0.81884390
vn -0.43660331 -0.24367510 -0.86602539
vn -0.43660331 -0.24367510 -0.86602539
vn -0.31319192 -0.17479728 -0.93346488
vn -0.22600250 -0.12613551 -0.96592581
vn -0.22600250 -0.12613551 -0.96592581
vn -0.10651021 -0.05944500 -0.99253303
vn -0.31319192 -0.17479728 -0.93346488
vn 0.00000000 0.00000000 -1
vn -0.10651021 -0.05944500 -0.99253303
vn 0.00000000 0.00000000 -1
vn 0.10651021 0.05944500 -0.99253303
vn 0.10651021 0.05944500 -0.99253303
vn 0.22600250 0.12613551 -0.96592581
vn 0.22600250 0.12613551 -0.96592581
vn 0.31319192 0.17479728 -0.93346488
vn 0.31319192 0.17479728 -0.93346488
vn 0.43660331 0.24367510 -0.86602539
vn 0.43660331 0.24367510 -0.86602539
vn 0.50123477 0.27974692 -0.81884390
vn 0.50123477 0.27974692 -0.81884390
vn 0.61745030 0.34460863 -0.70710677
vn 0.61870742 0.34531024 -0.70566416
vn 0.65944791 0.36804813 -0.65549141
vn 0.66064227 0.36871472 -0.65391225
vn 0.75621909 0.42205763 -0.50000000
vn 0.75679791 0.42238066 -0.49885020
vn 0.77841562 0.43444586 -0.45312899
vn 0.77886796 0.43469831 -0.45210844
vn 0.84345281 0.47074413 -0.25881904
vn 0.84358418 0.47081745 -0.25825688
vn 0.85105789 0.47498864 -0.22379972
vn 0.85112280 0.47502485 -0.22347568
vn 0.87320662 0.48735020 0.00000000
vn -0.87320662 -0.48735020 0.00000000
vn 0.96003371 0.27988443 0.00000000
vn 0.95972031 0.28095707 0.00000000
vn 0.96944267 0.24531800 0.00000000
vn 0.87320662 0.48735020 0.00000000
vn 0.96958834 0.24474163 0.00000000
vn 0.99920309 0.03991425 0.00000000
vn 0.99913150 0.04166821 0.00000000
vn 0.99991310 -0.01318168 0.00000000
vn 0.99989420 -0.01454567 0.00000000
vn 0.97932655 -0.20228578 0.00000000
vn 0.97978133 -0.20007128 0.00000000
vn 0.96262777 -0.27082792 0.00000000
vn 0.96205896 -0.27284169 0.00000000
vn 0.90029854 -0.43527299 0.00000000
vn 0.90280789 -0.43004408 0.00000000
vn 0.85866094 -0.51254404 0.00000000
vn 0.85866094 -0.51254404 0.00000000
vn 0.76811624 -0.64031047 0.00000000
vn 0.77273816 -0.63472497 0.00000000
vn 0.69674665 -0.71731728 0.00000000
vn 0.69674665 -0.71731728 0.00000000
vn 0.59022141 -0.80724144 0.00000000
vn 0.59722179 -0.80207616 0.00000000
vn 0.48735020 -0.87320662 0.00000000
vn 0.48735020 -0.87320662 0.00000000
vn 0.38658139 -0.92225528 0.00000000
vn 0.37720096 -0.92613143 0.00000000
vn 0.24474163 -0.96958834 0.00000000
vn 0.15320522 -0.98819441 0.00000000
vn 0.14173238 -0.98990500 0.00000000
vn -0.01454567 -0.99989420 0.00000000
vn 0.24474163 -0.96958834 0.00000000
vn -0.08918133 -0.99601543 0.00000000
vn -0.10217106 -0.99476683 0.00000000
vn -0.01454567 -0.99989420 0.00000000
vn -0.27284169 -0.96205896 0.00000000
vn -0.27480188 -0.96150088 0.00000000
vn -0.32802969 -0.94466740 0.00000000
vn -0.33999404 -0.94042760 0.00000000
vn -0.51368314 -0.85797995 0.00000000
vn -0.54500878 -0.83843035 0.00000000
vn -0.55758315 -0.83012110 0.00000000
vn -0.71772265 -0.69632906 0.00000000
vn -0.51254404 -0.85866094 0.00000000
vn -0.73034394 -0.68307960 0.00000000
vn -0.74198902 -0.67041200 0.00000000
vn -0.87320662 -0.48735020 0.00000000
vn -0.71731728 -0.69674665 0.00000000
vn -0.96484542 -0.26281795 0.00000000
vn -0.96950644 -0.24506593 0.00000000
vn -0.96958834 -0.24474163 0
vn -0.96003371 -0.27988443 0
vn -0.87320662 -0.48735020 0.00000000
vn -0.99973941 -0.02282874 0.00000000
vn -0.99990839 0.01353468 0.00000000
vn -0.99989420 0.01454567 -0.00000000
vn -0.99920309 -0.03991425 -0.00000000
vn -0.97583628 0.21850309 0.00000000
vn -0.96253175 0.27116907 0.00000000
vn -0.96205896 0.27284169 -0.00000000
vn -0.97932655 0.20228578 -0.00000000
vn -0.89454186 0.44698420 0
vn -0.85866094 0.51254404 0
vn -0.85866094 0.51254404 0
vn -0.90029854 0.43527299 -0.00000000
vn -0.76063728 0.64917713 0
vn -0.69674665 0.71731728 0
vn -0.69674665 0.71731728 0
vn -0.76811624 0.64031047 -0.00000000
vn -0.58199781 0.81319034 0
vn -0.48735020 0.87320662 0
vn -0.48735020 0.87320662 0
vn -0.59022141 0.80724144 -0.00000000
vn -0.37720096 0.92613143 -0.00000000
vn -0.36912963 0.92937791 0
vn -0.24474163 0.96958834 0
vn -0.24474163 0.96958834 0
vn -0.14173238 0.98990500 -0.00000000
vn -0.13455208 0.99090654 0
vn 0.01454567 0.99989420 0
vn 0.01454567 0.99989420 0
vn 0.10217106 0.99476683 -0.00000000
vn 0.10793883 0.99415755 0
vn 0.27284169 0.96205896 0
vn 0.27480188 0.96150088 -0.00000000
vn 0.33999404 0.94042760 -0.00000000
vn 0.34610906 0.93819427 0
vn 0.51368314 0.85797995 -0.00000000
vn 0.55758315 0.83012110 -0.00000000
vn 0.51254404 0.85866094 0.00000000
vn 0.56097066 0.82783568 0.00000000
vn 0.71772265 0.69632906 0
vn 0.74198902 0.67041200 0
vn 0.71731728 0.69674665 0.00000000
vn 0.87320662 0.48735020 0.00000000
vn -0.84358704 -0.47081903 0.25824475
vn -0.85134035 -0.47514626 0.22238630
vn -0.84345281 -0.47074413 0.25881904
vn -0.78002602 -0.43534464 0.44948244
vn -0.77955979 -0.43508443 0.45054197
vn -0.75621909 -0.42205763 0.50000000
vn -0.75681400 -0.42238966 0.49881819
vn -0.66193146 -0.36943424 0.65220016
vn -0.61745030 -0.34460863 0.70710677
vn -0.61874104 -0.34532899 0.70562553
vn -0.66316015 -0.37011999 0.65056115
vn -0.50537336 -0.28205672 0.81550092
vn -0.50537336 -0.28205672 0.81550092
vn -0.43660331 -0.24367510 0.86602539
vn -0.43660331 -0.24367510 0.86602539
vn -0.31909302 -0.17809078 0.93084013
vn -0.31909302 -0.17809078 0.93084013
vn -0.22600250 -0.12613551 0.96592581
vn -0.22600250 -0.12613551 0.96592581
vn -0.11404607 -0.06365088 0.99143434
vn -0.11404607 -0.06365088 0.99143434
vn 0.00000000 0.00000000 1
vn 0.00000000 0.00000000 1
vn 0.09770821 0.05453247 0.99371994
vn 0.09770821 0.05453247 0.99371994
vn 0.22600250 0.12613551 0.96592581
vn 0.22600250 0.12613551 0.96592581
vn 0.30371603 0.16950864 0.93756247
vn 0.30371603 0.16950864 0.93756247
vn 0.43660331 0.24367510 0.86602539
vn 0.43660331 0.24367510 0.86602539
vn 0.49186158 0.27451560 0.82626468
vn 0.49186158 0.27451560 0.82626468
vn 0.61745030 0.34460863 0.70710677
vn 0.61852264 0.34520710 0.70587665
vn 0.65107960 0.36337763 0.66637230
vn 0.65212953 0.36396360 0.66502452
vn 0.75621909 0.42205763 0.50000000
vn 0.75666016 0.42230380 0.49912411
vn 0.77200603 0.43086857 0.46728897
vn 0.77236390 0.43106830 0.46651277
vn 0.84345281 0.47074413 0.25881904
vn 0.84352839 0.47078630 0.25849596
vn 0.84752893 0.47301906 0.24072324
vn 0.84756941 0.47304165 0.24053635
vn 0.87320662 0.48735020 0.00000000
vn -0.87320662 -0.48735020 0.00000000
f 1233/2899/2899 1234/2900/2900 1235/2901/2901
f 1233/2899/2899 1236/2902/2902 1234/2900/2900
f 1235/2901/2901 1237/2903/2903 1233/2899/2899
f 1238/2904/2904 1239/2905/2905 1236/2902/2902
f 1238/2904/2904 1240/2906/2906 1239/2905/2905
f 1236/2902/2902 1241/2907/2907 1238/2904/2904
f 1242/2908/2908 1243/2909/2909 1240/2906/2906
f 1240/2906/2906 1244/2910/2910 1242/2908/2908
f 1245/2911/2911 1246/2912/2912 1243/2909/2909
f 1247/2913/2913 1248/2914/2914 1246/2912/2912
f 1247/2913/2913 1249/2915/2915 1248/2914/2914
f 1246/2912/2912 1245/2911/2911 1247/2913/2913
f 1250/2916/2916 1251/2917/2917 1249/2915/2915
f 1250/2916/2916 1252/2918/2918 1251/2917/2917
f 1249/2915/2915 1253/2919/2919 1250/2916/2916
f 1254/2920/2920 1252/2918/2918 1255/2921/2921
f 1254/2920/2920 1256/2922/2922 1257/2923/2923
f 1257/2923/2923 1258/2924/2924 1254/2920/2920
f 1259/2925/2925 1260/2926/2926 1261/2927/2927
f 1259/2925/2925 1257/2923/2923 1260/2926/2926
f 1261/2927/2927 1262/2928/2928 1259/2925/2925
f 1263/2929/2929 1264/2930/2930 1265/2931/2931
f 1263/2929/2929 1261/2927/2927 1264/2930/2930
f 1265/2931/2931 1266/2932/2932 1263/2929/2929
f 1267/2933/2933 1268/2934/2934 1269/2935/2935
f 1269/2935/2935 1270/2936/2936 1267/2933/2933
f 1266/2932/2932 1265/2931/2931 1268/2934/2934
f 1271/2937/2937 1272/2938/2938 1273/2939/2939
f 1271/2937/2937 1269/2935/2935 1272/2938/2938
f 1273/2939/2939 1274/2940/2940 1271/2937/2937
f 1275/2941/2941 1276/2942/2942 1277/2943/2943
f 1275/2941/2941 1273/2939/2939 1276/2942/2942
f 1277/2943/2943 1278/2944/2944 1275/2941/2941
f 1279/2945/2945 1278/2944/2944 1277/2943/2943
f 1275/2941/2941 1274/2940/2940 1273/2939/2939
f 1271/2937/2937 1270/2936/2936 1269/2935/2935
f 1267/2933/2933 1266/2932/2932 1268/2934/2934
f 1263/2929/2929 1262/2928/2928 1261/2927/2927
f 1259/2925/2925 1258/2924/2924 1257/2923/2923
f 1255/2921/2921 1256/2922/2922 1254/2920/2920
f 1250/2916/2916 1255/2921/2921 1252/2918/2918
f 1247/2913/2913 1253/2919/2919 1249/2915/2915
f 1242/2908/2908 1245/2911/2911 1243/2909/2909
f 1238/2904/2904 1244/2910/2910 1240/2906/2906
f 1233/2899/2899 1241/2907/2907 1236/2902/2902
f 1237/2903/2903 1235/2901/2901 1280/2946/2946
f 1237/2947/2947 1281/2948/2948 1282/2949/2949
f 1237/2947/2947 1283/2950/2950 1281/2948/2948
f 1282/2949/2949 1233/2951/2951 1237/2947/2947
f 1241/2952/2952 1284/2953/2953 1285/2954/2954
f 1241/2952/2952 1282/2949/2949 1284/2953/2953
f 1285/2954/2954 1238/2955/2955 1241/2952/2952
f 1244/2956/2956 1286/2957/2957 1287/2958/2958
f 1244/2956/2956 1285/2954/2954 1286/2957/2957
f 1287/2958/2958 1242/2959/2959 1244/2956/2956
f 1245/2960/2960 1288/2961/2961 1289/2962/2962
f 1289/2962/2962 1247/2963/2963 1245/2960/2960
f 1242/2959/2959 1287/2958/2958 1288/2961/2961
f 1253/2964/2964 1290/2965/2965 1291/2966/2966
f 1253/2964/2964 1289/2962/2962 1290/2965/2965
f 1291/2966/2966 1250/2967/2967 1253/2964/2964
f 1255/2968/2968 1292/2969/2969 1293/2970/2970
f 1255/2968/2968 1291/2966/2966 1292/2969/2969
f 1293/2970/2970 1256/2971/2971 1255/2968/2968
f 1294/2972/2972 1257/2973/2973 1256/2971/2971
f 1294/2972/2972 1260/2974/2974 1257/2973/2973
f 1256/2971/2971 1293/2970/2970 1294/2972/2972
f 1295/2975/2975 1261/2976/2976 1260/2974/2974
f 1295/2975/2975 1264/2977/2977 1261/2976/2976
f 1260/2974/2974 1296/2978/2978 1295/2975/2975
f 1297/2979/2979 1265/2980/2980 1264/2977/2977
f 1264/2977/2977 1298/2981/2981 1297/2979/2979
f 1299/2982/2982 1268/2983/2983 1265/2980/2980
f 1300/2984/2984 1269/2985/2985 1268/2983/2983
f 1300/2984/2984 1272/2986/2986 1269/2985/2985
f 1268/2983/2983 1299/2982/2982 1300/2984/2984
f 1301/2987/2987 1273/2988/2988 1272/2986/2986
f 1301/2987/2987 1276/2989/2989 1273/2988/2988
f 1272/2986/2986 1302/2990/2990 1301/2987/2987
f 1303/2991/2991 1277/2992/2992 1276/2989/2989
f 1303/2991/2991 1279/2993/2993 1277/2992/2992
f 1276/2989/2989 1304/2994/2994 1303/2991/2991
f 1305/2995/2995 1306/2996/2996 1275/2997/2997
f 1275/2997/2997 1278/2998/2998 1305/2995/2995
f 1279/2993/2993 1307/2999/2999 1305/2995/2995
f 1308/3000/3000 1309/3001/3001 1271/3002/3002
f 1271/3002/3002 1274/3003/3003 1308/3000/3000
f 1275/2997/2997 1306/2996/2996 1308/3000/3000
f 1310/3004/3004 1311/3005/3005 1267/3006/3006
f 1267/3006/3006 1270/3007/3007 1310/3004/3004
f 1271/3002/3002 1309/3001/3001 1310/3004/3004
f 1312/3008/3008 1313/3009/3009 1263/3010/3010
f 1263/3010/3010 1266/3011/3011 1312/3008/3008
f 1267/3006/3006 1311/3005/3005 1312/3008/3008
f 1314/3012/3012 1315/3013/3013 1259/3014/3014
f 1259/3014/3014 1262/3015/3015 1314/3012/3012
f 1263/3010/3010 1313/3009/3009 1314/3012/3012
f 1316/3016/3016 1317/3017/3017 1254/3018/3018
f 1254/3018/3018 1258/3019/3019 1316/3016/3016
f 1259/3014/3014 1315/3013/3013 1316/3016/3016
f 1252/3020/3020 1254/3018/3018 1317/3017/3017
f 1317/3017/3017 1318/3021/3021 1252/3020/3020
f 1319/3022/3022 1251/3023/3023 1252/3020/3020
f 1249/3024/3024 1251/3023/3023 1319/3022/3022
f 1319/3022/3022 1320/3025/3025 1249/3024/3024
f 1321/3026/3026 1248/3027/3027 1249/3024/3024
f 1246/3028/3028 1248/3027/3027 1321/3026/3026
f 1321/3026/3026 1322/3029/3029 1246/3028/3028
f 1323/3030/3030 1243/3031/3031 1246/3028/3028
f 1240/3032/3032 1243/3031/3031 1323/3030/3030
f 1324/3033/3033 1239/3034/3034 1240/3032/3032
f 1323/3030/3030 1324/3033/3033 1240/3032/3032
f 1236/3035/3035 1239/3034/3034 1325/3036/3036
f 1326/3037/3037 1234/3038/3038 1236/3035/3035
f 1325/3036/3036 1326/3037/3037 1236/3035/3035
f 1235/3039/3039 1234/3038/3038 1327/3040/3040
f 1283/2950/2950 1280/3041/3041 1235/3039/3039
f 1327/3040/3040 1283/2950/2950 1235/3039/3039
f 1326/3037/3037 1327/3040/3040 1234/3038/3038
f 1324/3033/3033 1325/3036/3036 1239/3034/3034
f 1322/3029/3029 1323/3030/3030 1246/3028/3028
f 1320/3025/3025 1321/3026/3026 1249/3024/3024
f 1318/3021/3021 1319/3022/3022 1252/3020/3020
f 1258/3019/3019 1259/3014/3014 1316/3016/3016
f 1262/3015/3015 1263/3010/3010 1314/3012/3012
f 1266/3011/3011 1267/3006/3006 1312/3008/3008
f 1270/3007/3007 1271/3002/3002 1310/3004/3004
f 1274/3003/3003 1275/2997/2997 1308/3000/3000
f 1278/2998/2998 1279/2993/2993 1305/2995/2995
f 1303/2991/2991 1307/2999/2999 1279/2993/2993
f 1301/2987/2987 1304/2994/2994 1276/2989/2989
f 1300/2984/2984 1302/2990/2990 1272/2986/2986
f 1297/2979/2979 1299/2982/2982 1265/2980/2980
f 1295/2975/2975 1298/2981/2981 1264/2977/2977
f 1294/2972/2972 1296/2978/2978 1260/2974/2974
f 1255/2968/2968 1250/2967/2967 1291/2966/2966
f 1253/2964/2964 1247/2963/2963 1289/2962/2962
f 1245/2960/2960 1242/2959/2959 1288/2961/2961
f 1244/2956/2956 1238/2955/2955 1285/2954/2954
f 1241/2952/2952 1233/2951/2951 1282/2949/2949
f 1237/2947/2947 1280/3041/3041 1283/2950/2950
f 1282/3042/3042 1281/3043/3043 1327/3044/3044
f 1326/3045/3045 1284/3046/3046 1282/3042/3042
f 1325/3047/3047 1285/3048/3048 1284/3046/3046
f 1325/3047/3047 1286/3049/3049 1285/3048/3048
f 1284/3046/3046 1326/3045/3045 1325/3047/3047
f 1323/3050/3050 1287/3051/3051 1286/3049/3049
f 1286/3049/3049 1324/3052/3052 1323/3050/3050
f 1322/3053/3053 1288/3054/3054 1287/3051/3051
f 1321/3055/3055 1289/3056/3056 1288/3054/3054
f 1288/3054/3054 1322/3053/3053 1321/3055/3055
f 1320/3057/3057 1290/3058/3058 1289/3056/3056
f 1291/3059/3059 1290/3058/3058 1320/3057/3057
f 1320/3057/3057 1319/3060/3060 1291/3059/3059
f 1318/3061/3061 1292/3062/3062 1291/3059/3059
f 1293/3063/3063 1292/3062/3062 1318/3061/3061
f 1293/3063/3063 1317/3064/3064 1316/3065/3065
f 1316/3065/3065 1294/3066/3066 1293/3063/3063
f 1296/3067/3067 1315/3068/3068 1314/3069/3069
f 1314/3069/3069 1295/3070/3070 1296/3067/3067
f 1294/3066/3066 1316/3065/3065 1315/3068/3068
f 1298/3071/3071 1313/3072/3072 1312/3073/3073
f 1298/3071/3071 1314/3069/3069 1313/3072/3072
f 1312/3073/3073 1297/3074/3074 1298/3071/3071
f 1299/3075/3075 1311/3076/3076 1310/3077/3077
f 1310/3077/3077 1300/3078/3078 1299/3075/3075
f 1297/3074/3074 1312/3073/3073 1311/3076/3076
f 1302/3079/3079 1309/3080/3080 1308/3081/3081
f 1302/3079/3079 1310/3077/3077 1309/3080/3080
f 1308/3081/3081 1301/3082/3082 1302/3079/3079
f 1304/3083/3083 1306/3084/3084 1305/3085/3085
f 1304/3083/3083 1308/3081/3081 1306/3084/3084
f 1305/3085/3085 1303/3086/3086 1304/3083/3083
f 1307/3087/3087 1303/3086/3086 1305/3085/3085
f 1304/3083/3083 1301/3082/3082 1308/3081/3081
f 1302/3079/3079 1300/3078/3078 1310/3077/3077
f 1299/3075/3075 1297/3074/3074 1311/3076/3076
f 1298/3071/3071 1295/3070/3070 1314/3069/3069
f 1296/3067/3067 1294/3066/3066 1315/3068/3068
f 1318/3061/3061 1317/3064/3064 1293/3063/3063
f 1319/3060/3060 1318/3061/3061 1291/3059/3059
f 1321/3055/3055 1320/3057/3057 1289/3056/3056
f 1323/3050/3050 1322/3053/3053 1287/3051/3051
f 1325/3047/3047 1324/3052/3052 1286/3049/3049
f 1327/3044/3044 1326/3045/3045 1282/3042/3042
f 1327/3044/3044 1281/3043/3043 1283/3088/3088
o Solid.041
usemtl f0f14e33_f81f_480f_8d49_56bbe20ec2c5
v -62.02252579 -114.88302612 34.51654434
v -62.40032196 -114.20564270 34.51570129
v -62.36392212 -114.24452209 34.46401596
v -62.64052963 -114.00495911 34.80801010
v -62.03685379 -114.83031464 34.46353149
v -61.97706604 -115.27196503 34.87831497
v -62.70638275 -113.96317291 34.87659073
v -62.96691895 -113.83950806 35.11155701
v -61.97810364 -115.19026947 34.80648041
v -62.03382111 -115.65940094 35.18897629
v -63.06470490 -113.80789185 35.18681335
v -62.00791550 -115.55357361 35.10918427
v -62.12645721 -115.90305328 35.35658264
v -63.32365417 -113.75799561 35.35658264
v -63.45508575 -113.75030518 35.42735672
v -62.18891907 -116.01896667 35.42735672
v -62.32473373 -116.21060181 35.52851486
v -63.68950653 -113.76528931 35.52851486
v -63.84402084 -113.79576111 35.57720566
v -62.43178940 -116.32611847 35.57720566
v -64.04270935 -113.86093903 35.61711502
v -62.74588013 -116.55995941 35.62831497
v -64.20793152 -113.94033813 35.62831497
v -62.91110611 -116.63934326 35.61711502
v -64.36224365 -114.03927612 35.61711502
v -63.10979843 -116.70452118 35.57720566
v -63.26430893 -116.73500824 35.52851486
v -64.62908173 -114.28968048 35.52851486
v -64.52202606 -114.17416382 35.57720566
v -64.76490021 -114.48133087 35.42735672
v -63.49872208 -116.74999237 35.42735672
v -63.63016510 -116.74228668 35.35658264
v -64.82735443 -114.59723663 35.35658264
v -64.91999817 -114.84087372 35.18897629
v -63.88911057 -116.69239807 35.18681335
v -63.98689651 -116.66078186 35.11155701
v -64.94589233 -114.94670868 35.10918427
v -64.97674561 -115.22831726 34.87831497
v -64.24742889 -116.53711700 34.87659073
v -64.31327820 -116.49532318 34.80801010
v -64.97571564 -115.31001282 34.80648041
v -64.93128967 -115.61724854 34.51654434
v -64.55348969 -116.29463196 34.51570129
v -64.58988953 -116.25576019 34.46401596
v -64.91695404 -115.66996765 34.46353149
v -64.78671265 -115.98117065 34.12831879
v -62.59157562 -116.46100616 35.61711502
v -62.16709518 -114.51911926 34.12831879
v -62.03732300 -114.82870483 73.79473877
v -62.02274704 -114.88217163 73.74094391
v -62.16709518 -114.51911926 74.12831879
v -61.97821045 -115.18764496 73.45249939
v -61.97703552 -115.26991272 73.38008881
v -62.00723648 -115.55024719 73.15001678
v -62.03296661 -115.65638733 73.06987762
v -62.12269592 -115.89521027 72.90505981
v -62.18891907 -116.01896667 72.82927704
v -62.31780243 -116.20223236 72.73205566
v -62.43178940 -116.32611847 72.67942810
v -62.58107376 -116.45325470 72.64116669
v -62.74588013 -116.55995941 72.62831879
v -62.89703369 -116.63352203 72.63773346
v -63.24709702 -116.73242950 72.72197723
v -63.10979843 -116.70452118 72.67942810
v -63.61067963 -116.74416351 72.88892365
v -63.49872208 -116.74999237 72.82927704
v -63.88617325 -116.69323730 73.06765747
v -63.96895218 -116.66713715 73.13078308
v -64.29441833 -116.50778961 73.42855072
v -64.24572754 -116.53813171 73.37831879
v -64.57242584 -116.27476501 73.76750946
v -64.55288696 -116.29526520 73.74008942
v -64.92417145 -115.64437103 73.76723480
v -64.93116760 -115.61773682 73.74057007
v -64.78671265 -115.98117065 74.12831879
v -64.97651672 -115.28438568 73.42738342
v -64.97676849 -115.22984314 73.37963104
v -64.94065857 -114.92239380 73.12876129
v -64.92070770 -114.84339142 73.06950378
v -64.81872559 -114.57966614 72.88892365
v -64.76490021 -114.48133087 72.82927704
v -64.61785889 -114.27637482 72.72197723
v -64.52202606 -114.17416382 72.67942810
v -64.34989929 -114.03036499 72.63773346
v -64.20793152 -113.94033813 72.62831879
v -64.03060150 -113.85607910 72.64116669
v -63.84402084 -113.79576111 72.67942810
v -63.67873383 -113.76378632 72.73205566
v -63.45508575 -113.75030518 72.82927704
v -63.31499863 -113.75891113 72.90505981
v -63.06764603 -113.80706024 73.06765747
v -62.95774460 -113.84285736 73.15247345
v -62.70809174 -113.96215057 73.37831879
v -62.63545227 -114.00839233 73.45409393
v -62.40093231 -114.20502472 73.74008942
v -62.36212158 -114.24652100 73.79524231
vt 0.08827405 0.62787503
vt 0.08809100 0.37240273
vt 0.07692308 0.38942701
vt 0.15384616 0.27612203
vt 0.07681850 0.61041290
vt 0.17061923 0.74703556
vt 0.17020179 0.25353250
vt 0.23076923 0.17614061
vt 0.15348616 0.72337371
vt 0.25296444 0.84936106
vt 0.25232339 0.15135169
vt 0.23011211 0.82307917
vt 0.30769232 0.90456712
vt 0.30769232 0.09543286
vt 0.33530962 0.07212184
vt 0.33530962 0.92787814
vt 0.38461539 0.96119809
vt 0.38461539 0.03880192
vt 0.41765481 0.02276392
vt 0.41765481 0.97723609
vt 0.46153846 0.00961806
vt 0.50000000 0.99407113
vt 0.50000000 0.00592885
vt 0.53846157 0.99038196
vt 0.53846157 0.00961806
vt 0.58234519 0.97723609
vt 0.61538464 0.96119809
vt 0.61538464 0.03880192
vt 0.58234519 0.02276392
vt 0.66469038 0.07212184
vt 0.66469038 0.92787814
vt 0.69230771 0.90456712
vt 0.69230771 0.09543286
vt 0.74703556 0.15063894
vt 0.74767661 0.84864831
vt 0.76923078 0.82385939
vt 0.76988786 0.17692083
vt 0.82938075 0.25296444
vt 0.82979822 0.74646747
vt 0.84615386 0.72387797
vt 0.84651381 0.27662626
vt 0.91172594 0.37212497
vt 0.91190898 0.62759727
vt 0.92307693 0.61057299
vt 0.92318147 0.38958710
vt 0.99407113 0.50000000
vt 0.46153846 0.99038196
vt 0.00592885 0.50000000
vt 0.71412987 0.01420982
vt 0.71430767 0.98583055
vt 0.70842797 0.98450178
vt 0.75000000 0.99407113
vt 0.70833331 0.01551948
vt 0.67533600 0.02268188
vt 0.67561537 0.97737616
vt 0.66688377 0.97558725
vt 0.66666669 0.02445652
vt 0.63656324 0.03015979
vt 0.63692307 0.96990365
vt 0.62533307 0.96792394
vt 0.62500000 0.03213093
vt 0.59730768 0.03627139
vt 0.59823078 0.96385247
vt 0.58333331 0.96198028
vt 0.58333331 0.03801972
vt 0.55838460 0.04051871
vt 0.55953848 0.95957857
vt 0.54166669 0.95827842
vt 0.54166669 0.04172156
vt 0.51946151 0.04270750
vt 0.52084613 0.95733321
vt 0.50000000 0.95701581
vt 0.50000000 0.04298419
vt 0.48215383 0.95724851
vt 0.48053846 0.04270750
vt 0.45833334 0.04172156
vt 0.44346154 0.95932943
vt 0.44161537 0.04051871
vt 0.41666666 0.03801972
vt 0.45833334 0.95827842
vt 0.40476924 0.96345365
vt 0.40269232 0.03627139
vt 0.41666666 0.96198028
vt 0.37500000 0.96786904
vt 0.37467563 0.03207748
vt 0.36578947 0.96942842
vt 0.36376923 0.03021831
vt 0.33312210 0.02441392
vt 0.32724491 0.97678435
vt 0.32484615 0.02271970
vt 0.29157406 0.01549865
vt 0.33333334 0.97554350
vt 0.28866166 0.98515797
vt 0.28592306 0.01422183
vt 0.25000000 0.00592885
vt 0.29166666 0.98448050
vt 0.21130769 0.98515105
vt 0.20838657 0.98449248
vt 0.20833333 0.01551948
vt 0.21412984 0.01420982
vt 0.25000000 0.99407113
vt 0.17261538 0.97675562
vt 0.16682759 0.97557592
vt 0.16666667 0.02445652
vt 0.17533600 0.02268188
vt 0.13392308 0.96937847
vt 0.12527664 0.96791464
vt 0.12500000 0.03213093
vt 0.13656327 0.03015979
vt 0.09523077 0.96345365
vt 0.08333334 0.96198028
vt 0.08333334 0.03801972
vt 0.09730769 0.03627139
vt 0.05653846 0.95932943
vt 0.04166667 0.95827842
vt 0.04166667 0.04172156
vt 0.05838462 0.04051871
vt 0.01784615 0.95724851
vt 0.00000000 0.95701581
vt 0.00000000 0.04298419
vt 0.01946154 0.04270750
vt 0.98053849 0.04270750
vt -0.02084615 0.95733321
vt 0.95833331 0.95827842
vt 0.95833331 0.04172156
vt 0.94161540 0.04051871
vt 0.94046152 0.95957857
vt 0.91666669 0.96198028
vt 0.91666669 0.03801972
vt 0.90269232 0.03627139
vt 0.90176922 0.96385247
vt 0.87500000 0.96786904
vt 0.87467563 0.03207748
vt 0.86376923 0.03021831
vt 0.86273313 0.96996439
vt 0.83312213 0.02441392
vt 0.82484615 0.02271970
vt 0.83333331 0.97554350
vt 0.82419580 0.97741544
vt 0.79157406 0.01549865
vt 0.78592306 0.01422183
vt 0.79166669 0.98448050
vt 0.78563780 0.98584294
vt 0.75000000 0.00592885
vt 0.91119945 0.37212497
vt 0.91138756 0.62759131
vt 0.92307693 0.60987467
vt 0.84615386 0.72259980
vt 0.92318529 0.39029035
vt 0.82836318 0.25296444
vt 0.82879478 0.74645168
vt 0.76923078 0.82223332
vt 0.84652925 0.27792370
vt 0.74552685 0.15063894
vt 0.74618894 0.84862924
vt 0.76991427 0.17857651
vt 0.69230771 0.09708452
vt 0.69230771 0.90291548
vt 0.66269052 0.92787814
vt 0.66269052 0.07212184
vt 0.61538464 0.04009876
vt 0.61538464 0.95990121
vt 0.57985419 0.97723609
vt 0.57985419 0.02276392
vt 0.53846157 0.01016090
vt 0.53846157 0.98983908
vt 0.49701789 0.99407113
vt 0.49701789 0.00592885
vt 0.46153846 0.00903165
vt 0.46153846 0.99096835
vt 0.41418159 0.97723609
vt 0.41418159 0.02276392
vt 0.38461539 0.03677743
vt 0.38461539 0.96322256
vt 0.33134526 0.07212184
vt 0.30769232 0.09176645
vt 0.30769232 0.90823352
vt 0.33134526 0.92787814
vt 0.24850895 0.84936106
vt 0.24795897 0.15124673
vt 0.23076923 0.17076467
vt 0.23019773 0.82856941
vt 0.16567263 0.74703556
vt 0.16535272 0.25339717
vt 0.15384616 0.26912600
vt 0.15356842 0.73049051
vt 0.08283632 0.62787503
vt 0.08273048 0.37228462
vt 0.07692308 0.38106558
vt 0.07686215 0.61884207
vt 0 0.50000000
vt 0.99403578 0.50000000
vn -0.84345281 -0.47074413 -0.25881904
vn -0.84358418 -0.47081745 -0.25825688
vn -0.85105789 -0.47498864 -0.22379972
vn -0.77841562 -0.43444586 -0.45312899
vn -0.85112280 -0.47502485 -0.22347568
vn -0.75621909 -0.42205763 -0.50000000
vn -0.75679791 -0.42238066 -0.49885020
vn -0.65944791 -0.36804813 -0.65549141
vn -0.77886796 -0.43469831 -0.45210844
vn -0.61745030 -0.34460863 -0.70710677
vn -0.61870742 -0.34531024 -0.70566416
vn -0.66064227 -0.36871472 -0.65391225
vn -0.50123477 -0.27974692 -0.81884390
vn -0.50123477 -0.27974692 -0.81884390
vn -0.43660331 -0.24367510 -0.86602539
vn -0.43660331 -0.24367510 -0.86602539
vn -0.31319192 -0.17479728 -0.93346488
vn -0.31319192 -0.17479728 -0.93346488
vn -0.22600250 -0.12613551 -0.96592581
vn -0.22600250 -0.12613551 -0.96592581
vn -0.10651021 -0.05944500 -0.99253303
vn 0.00000000 0.00000000 -1
vn 0.00000000 0.00000000 -1
vn 0.10651021 0.05944500 -0.99253303
vn 0.10651021 0.05944500 -0.99253303
vn 0.22600250 0.12613551 -0.96592581
vn 0.31319192 0.17479728 -0.93346488
vn 0.31319192 0.17479728 -0.93346488
vn 0.22600250 0.12613551 -0.96592581
vn 0.43660331 0.24367510 -0.86602539
vn 0.43660331 0.24367510 -0.86602539
vn 0.50123477 0.27974692 -0.81884390
vn 0.50123477 0.27974692 -0.81884390
vn 0.61745030 0.34460863 -0.70710677
vn 0.61870742 0.34531024 -0.70566416
vn 0.65944791 0.36804813 -0.65549141
vn 0.66064227 0.36871472 -0.65391225
vn 0.75621909 0.42205763 -0.50000000
vn 0.75679791 0.42238066 -0.49885020
vn 0.77841562 0.43444586 -0.45312899
vn 0.77886796 0.43469831 -0.45210844
vn 0.84345281 0.47074413 -0.25881904
vn 0.84358418 0.47081745 -0.25825688
vn 0.85105789 0.47498864 -0.22379972
vn 0.85112280 0.47502485 -0.22347568
vn 0.87320662 0.48735020 0.00000000
vn -0.10651021 -0.05944500 -0.99253303
vn -0.87320662 -0.48735020 0.00000000
vn 0.96003371 0.27988443 0.00000000
vn 0.95972031 0.28095707 0.00000000
vn 0.96944267 0.24531800 0.00000000
vn 0.87320662 0.48735020 0.00000000
vn 0.96958834 0.24474163 0.00000000
vn 0.99920309 0.03991425 0.00000000
vn 0.99913150 0.04166821 0.00000000
vn 0.99991310 -0.01318168 0.00000000
vn 0.99989420 -0.01454567 0.00000000
vn 0.97932655 -0.20228578 0.00000000
vn 0.97978133 -0.20007128 0.00000000
vn 0.96262777 -0.27082792 0.00000000
vn 0.96205896 -0.27284169 0.00000000
vn 0.90029854 -0.43527299 0.00000000
vn 0.90280789 -0.43004408 0.00000000
vn 0.85866094 -0.51254404 0.00000000
vn 0.85866094 -0.51254404 0.00000000
vn 0.76811624 -0.64031047 0.00000000
vn 0.77273816 -0.63472497 0.00000000
vn 0.69674665 -0.71731728 0.00000000
vn 0.69674665 -0.71731728 0.00000000
vn 0.59022141 -0.80724144 0.00000000
vn 0.59722179 -0.80207616 0.00000000
vn 0.48735020 -0.87320662 0.00000000
vn 0.48735020 -0.87320662 0.00000000
vn 0.38658139 -0.92225528 0.00000000
vn 0.37720096 -0.92613143 0.00000000
vn 0.24474163 -0.96958834 0.00000000
vn 0.15320522 -0.98819441 0.00000000
vn 0.14173238 -0.98990500 0.00000000
vn -0.01454567 -0.99989420 0.00000000
vn 0.24474163 -0.96958834 0.00000000
vn -0.08918133 -0.99601543 0.00000000
vn -0.10217106 -0.99476683 0.00000000
vn -0.01454567 -0.99989420 0.00000000
vn -0.27284169 -0.96205896 0.00000000
vn -0.27480188 -0.96150088 0.00000000
vn -0.32802969 -0.94466740 0.00000000
vn -0.33999404 -0.94042760 0.00000000
vn -0.51368314 -0.85797995 0.00000000
vn -0.54500878 -0.83843035 0.00000000
vn -0.55758315 -0.83012110 0.00000000
vn -0.71772265 -0.69632906 0.00000000
vn -0.51254404 -0.85866094 0.00000000
vn -0.73034394 -0.68307960 0.00000000
vn -0.74198902 -0.67041200 0.00000000
vn -0.87320662 -0.48735020 0.00000000
vn -0.71731728 -0.69674665 0.00000000
vn -0.96484542 -0.26281795 0.00000000
vn -0.96950644 -0.24506593 0.00000000
vn -0.96958834 -0.24474163 0
vn -0.96003371 -0.27988443 0
vn -0.87320662 -0.48735020 0.00000000
vn -0.99973941 -0.02282874 0.00000000
vn -0.99990839 0.01353468 0.00000000
vn -0.99989420 0.01454567 -0.00000000
vn -0.99920309 -0.03991425 -0.00000000
vn -0.97583628 0.21850309 0.00000000
vn -0.96253175 0.27116907 0.00000000
vn -0.96205896 0.27284169 -0.00000000
vn -0.97932655 0.20228578 -0.00000000
vn -0.89454186 0.44698420 0
vn -0.85866094 0.51254404 0
vn -0.85866094 0.51254404 0
vn -0.90029854 0.43527299 -0.00000000
vn -0.76063728 0.64917713 0
vn -0.69674665 0.71731728 0
vn -0.69674665 0.71731728 0
vn -0.76811624 0.64031047 -0.00000000
vn -0.58199781 0.81319034 0
vn -0.48735020 0.87320662 0
vn -0.48735020 0.87320662 0
vn -0.59022141 0.80724144 -0.00000000
vn -0.37720096 0.92613143 -0.00000000
vn -0.36912963 0.92937791 0
vn -0.24474163 0.96958834 0
vn -0.24474163 0.96958834 0
vn -0.14173238 0.98990500 -0.00000000
vn -0.13455208 0.99090654 0
vn 0.01454567 0.99989420 0
vn 0.01454567 0.99989420 0
vn 0.10217106 0.99476683 -0.00000000
vn 0.10793883 0.99415755 0
vn 0.27284169 0.96205896 0
vn 0.27480188 0.96150088 -0.00000000
vn 0.33999404 0.94042760 -0.00000000
vn 0.34610906 0.93819427 0
vn 0.51368314 0.85797995 -0.00000000
vn 0.55758315 0.83012110 -0.00000000
vn 0.51254404 0.85866094 0.00000000
vn 0.56097066 0.82783568 0.00000000
vn 0.71772265 0.69632906 0
vn 0.74198902 0.67041200 0
vn 0.71731728 0.69674665 0.00000000
vn 0.74318951 0.66908097 0.00000000
vn 0.87320662 0.48735020 0.00000000
vn -0.84345281 -0.47074413 0.25881904
vn -0.84358704 -0.47081903 0.25824475
vn -0.85134035 -0.47514626 0.22238630
vn -0.77955979 -0.43508443 0.45054197
vn -0.85140681 -0.47518337 0.22205235
vn -0.75621909 -0.42205763 0.50000000
vn -0.75681400 -0.42238966 0.49881819
vn -0.66193146 -0.36943424 0.65220016
vn -0.78002602 -0.43534464 0.44948244
vn -0.61745030 -0.34460863 0.70710677
vn -0.61874104 -0.34532899 0.70562553
vn -0.66316015 -0.37011999 0.65056115
vn -0.50537336 -0.28205672 0.81550092
vn -0.50537336 -0.28205672 0.81550092
vn -0.43660331 -0.24367510 0.86602539
vn -0.43660331 -0.24367510 0.86602539
vn -0.31909302 -0.17809078 0.93084013
vn -0.31909302 -0.17809078 0.93084013
vn -0.22600250 -0.12613551 0.96592581
vn -0.22600250 -0.12613551 0.96592581
vn -0.11404607 -0.06365088 0.99143434
vn -0.11404607 -0.06365088 0.99143434
vn -0.00000000 0 1
vn -0.00000000 0 1
vn 0.09770821 0.05453247 0.99371994
vn 0.09770821 0.05453247 0.99371994
vn 0.22600250 0.12613551 0.96592581
vn 0.22600250 0.12613551 0.96592581
vn 0.30371603 0.16950864 0.93756247
vn 0.30371603 0.16950864 0.93756247
vn 0.43660331 0.24367510 0.86602539
vn 0.49186158 0.27451560 0.82626468
vn 0.49186158 0.27451560 0.82626468
vn 0.43660331 0.24367510 0.86602539
vn 0.61745030 0.34460863 0.70710677
vn 0.61852264 0.34520710 0.70587665
vn 0.65107960 0.36337763 0.66637230
vn 0.65212953 0.36396360 0.66502452
vn 0.75621909 0.42205763 0.50000000
vn 0.75666016 0.42230380 0.49912411
vn 0.77200603 0.43086857 0.46728897
vn 0.77236390 0.43106830 0.46651277
vn 0.84345281 0.47074413 0.25881904
vn 0.84352839 0.47078630 0.25849596
vn 0.84752893 0.47301906 0.24072324
vn 0.84756941 0.47304165 0.24053635
vn 0.87320662 0.48735020 0.00000000
vn -0.87320662 -0.48735020 0.00000000
f 1328/3089/3089 1329/3090/3090 1330/3091/3091
f 1328/3089/3089 1331/3092/3092 1329/3090/3090
f 1330/3091/3091 1332/3093/3093 1328/3089/3089
f 1333/3094/3094 1334/3095/3095 1331/3092/3092
f 1333/3094/3094 1335/3096/3096 1334/3095/3095
f 1331/3092/3092 1336/3097/3097 1333/3094/3094
f 1337/3098/3098 1338/3099/3099 1335/3096/3096
f 1335/3096/3096 1339/3100/3100 1337/3098/3098
f 1340/3101/3101 1341/3102/3102 1338/3099/3099
f 1342/3103/3103 1341/3102/3102 1340/3101/3101
f 1340/3101/3101 1343/3104/3104 1342/3103/3103
f 1344/3105/3105 1345/3106/3106 1342/3103/3103
f 1346/3107/3107 1345/3106/3106 1344/3105/3105
f 1347/3108/3108 1348/3109/3109 1346/3107/3107
f 1344/3105/3105 1347/3108/3108 1346/3107/3107
f 1349/3110/3110 1350/3111/3111 1348/3109/3109
f 1350/3111/3111 1349/3110/3110 1351/3112/3112
f 1351/3112/3112 1352/3113/3113 1350/3111/3111
f 1353/3114/3114 1354/3115/3115 1355/3116/3116
f 1356/3117/3117 1351/3112/3112 1353/3114/3114
f 1355/3116/3116 1356/3117/3117 1353/3114/3114
f 1357/3118/3118 1358/3119/3119 1359/3120/3120
f 1357/3118/3118 1354/3115/3115 1358/3119/3119
f 1359/3120/3120 1360/3121/3121 1357/3118/3118
f 1361/3122/3122 1362/3123/3123 1363/3124/3124
f 1363/3124/3124 1364/3125/3125 1361/3122/3122
f 1360/3121/3121 1359/3120/3120 1362/3123/3123
f 1365/3126/3126 1366/3127/3127 1367/3128/3128
f 1365/3126/3126 1363/3124/3124 1366/3127/3127
f 1367/3128/3128 1368/3129/3129 1365/3126/3126
f 1369/3130/3130 1370/3131/3131 1371/3132/3132
f 1369/3130/3130 1367/3128/3128 1370/3131/3131
f 1371/3132/3132 1372/3133/3133 1369/3130/3130
f 1373/3134/3134 1372/3133/3133 1371/3132/3132
f 1369/3130/3130 1368/3129/3129 1367/3128/3128
f 1365/3126/3126 1364/3125/3125 1363/3124/3124
f 1361/3122/3122 1360/3121/3121 1362/3123/3123
f 1357/3118/3118 1355/3116/3116 1354/3115/3115
f 1356/3117/3117 1352/3113/3113 1351/3112/3112
f 1348/3109/3109 1374/3135/3135 1349/3110/3110
f 1347/3108/3108 1374/3135/3135 1348/3109/3109
f 1343/3104/3104 1344/3105/3105 1342/3103/3103
f 1337/3098/3098 1340/3101/3101 1338/3099/3099
f 1333/3094/3094 1339/3100/3100 1335/3096/3096
f 1328/3089/3089 1336/3097/3097 1331/3092/3092
f 1332/3093/3093 1330/3091/3091 1375/3136/3136
f 1332/3137/3137 1376/3138/3138 1377/3139/3139
f 1332/3137/3137 1378/3140/3140 1376/3138/3138
f 1377/3139/3139 1328/3141/3141 1332/3137/3137
f 1336/3142/3142 1379/3143/3143 1380/3144/3144
f 1336/3142/3142 1377/3139/3139 1379/3143/3143
f 1380/3144/3144 1333/3145/3145 1336/3142/3142
f 1339/3146/3146 1381/3147/3147 1382/3148/3148
f 1339/3146/3146 1380/3144/3144 1381/3147/3147
f 1382/3148/3148 1337/3149/3149 1339/3146/3146
f 1340/3150/3150 1383/3151/3151 1384/3152/3152
f 1384/3152/3152 1343/3153/3153 1340/3150/3150
f 1337/3149/3149 1382/3148/3148 1383/3151/3151
f 1344/3154/3154 1385/3155/3155 1386/3156/3156
f 1344/3154/3154 1384/3152/3152 1385/3155/3155
f 1386/3156/3156 1347/3157/3157 1344/3154/3154
f 1374/3158/3158 1387/3159/3159 1388/3160/3160
f 1374/3158/3158 1386/3156/3156 1387/3159/3159
f 1388/3160/3160 1349/3161/3161 1374/3158/3158
f 1389/3162/3162 1351/3163/3163 1349/3161/3161
f 1389/3162/3162 1353/3164/3164 1351/3163/3163
f 1349/3161/3161 1388/3160/3160 1389/3162/3162
f 1390/3165/3165 1354/3166/3166 1353/3164/3164
f 1390/3165/3165 1358/3167/3167 1354/3166/3166
f 1353/3164/3164 1391/3168/3168 1390/3165/3165
f 1392/3169/3169 1359/3170/3170 1358/3167/3167
f 1358/3167/3167 1393/3171/3171 1392/3169/3169
f 1394/3172/3172 1362/3173/3173 1359/3170/3170
f 1395/3174/3174 1363/3175/3175 1362/3173/3173
f 1395/3174/3174 1366/3176/3176 1363/3175/3175
f 1362/3173/3173 1394/3172/3172 1395/3174/3174
f 1396/3177/3177 1367/3178/3178 1366/3176/3176
f 1396/3177/3177 1370/3179/3179 1367/3178/3178
f 1366/3176/3176 1397/3180/3180 1396/3177/3177
f 1398/3181/3181 1371/3182/3182 1370/3179/3179
f 1398/3181/3181 1373/3183/3183 1371/3182/3182
f 1370/3179/3179 1399/3184/3184 1398/3181/3181
f 1400/3185/3185 1401/3186/3186 1369/3187/3187
f 1369/3187/3187 1372/3188/3188 1400/3185/3185
f 1373/3183/3183 1402/3189/3189 1400/3185/3185
f 1403/3190/3190 1404/3191/3191 1365/3192/3192
f 1365/3192/3192 1368/3193/3193 1403/3190/3190
f 1369/3187/3187 1401/3186/3186 1403/3190/3190
f 1405/3194/3194 1406/3195/3195 1361/3196/3196
f 1361/3196/3196 1364/3197/3197 1405/3194/3194
f 1365/3192/3192 1404/3191/3191 1405/3194/3194
f 1407/3198/3198 1408/3199/3199 1357/3200/3200
f 1357/3200/3200 1360/3201/3201 1407/3198/3198
f 1361/3196/3196 1406/3195/3195 1407/3198/3198
f 1409/3202/3202 1410/3203/3203 1356/3204/3204
f 1356/3204/3204 1355/3205/3205 1409/3202/3202
f 1357/3200/3200 1408/3199/3199 1409/3202/3202
f 1411/3206/3206 1412/3207/3207 1350/3208/3208
f 1350/3208/3208 1352/3209/3209 1411/3206/3206
f 1356/3204/3204 1410/3203/3203 1411/3206/3206
f 1348/3210/3210 1350/3208/3208 1412/3207/3207
f 1412/3207/3207 1413/3211/3211 1348/3210/3210
f 1414/3212/3212 1346/3213/3213 1348/3210/3210
f 1345/3214/3214 1346/3213/3213 1414/3212/3212
f 1414/3212/3212 1415/3215/3215 1345/3214/3214
f 1416/3216/3216 1342/3217/3217 1345/3214/3214
f 1341/3218/3218 1342/3217/3217 1416/3216/3216
f 1416/3216/3216 1417/3219/3219 1341/3218/3218
f 1418/3220/3220 1338/3221/3221 1341/3218/3218
f 1335/3222/3222 1338/3221/3221 1418/3220/3220
f 1419/3223/3223 1334/3224/3224 1335/3222/3222
f 1418/3220/3220 1419/3223/3223 1335/3222/3222
f 1331/3225/3225 1334/3224/3224 1420/3226/3226
f 1421/3227/3227 1329/3228/3228 1331/3225/3225
f 1420/3226/3226 1421/3227/3227 1331/3225/3225
f 1330/3229/3229 1329/3228/3228 1422/3230/3230
f 1423/3231/3231 1375/3232/3232 1330/3229/3229
f 1422/3230/3230 1423/3231/3231 1330/3229/3229
f 1423/3231/3231 1378/3140/3140 1375/3232/3232
f 1421/3227/3227 1422/3230/3230 1329/3228/3228
f 1419/3223/3223 1420/3226/3226 1334/3224/3224
f 1417/3219/3219 1418/3220/3220 1341/3218/3218
f 1415/3215/3215 1416/3216/3216 1345/3214/3214
f 1413/3211/3211 1414/3212/3212 1348/3210/3210
f 1352/3209/3209 1356/3204/3204 1411/3206/3206
f 1355/3205/3205 1357/3200/3200 1409/3202/3202
f 1360/3201/3201 1361/3196/3196 1407/3198/3198
f 1364/3197/3197 1365/3192/3192 1405/3194/3194
f 1368/3193/3193 1369/3187/3187 1403/3190/3190
f 1372/3188/3188 1373/3183/3183 1400/3185/3185
f 1398/3181/3181 1402/3189/3189 1373/3183/3183
f 1396/3177/3177 1399/3184/3184 1370/3179/3179
f 1395/3174/3174 1397/3180/3180 1366/3176/3176
f 1392/3169/3169 1394/3172/3172 1359/3170/3170
f 1390/3165/3165 1393/3171/3171 1358/3167/3167
f 1389/3162/3162 1391/3168/3168 1353/3164/3164
f 1374/3158/3158 1347/3157/3157 1386/3156/3156
f 1344/3154/3154 1343/3153/3153 1384/3152/3152
f 1340/3150/3150 1337/3149/3149 1383/3151/3151
f 1339/3146/3146 1333/3145/3145 1380/3144/3144
f 1336/3142/3142 1328/3141/3141 1377/3139/3139
f 1332/3137/3137 1375/3232/3232 1378/3140/3140
f 1422/3233/3233 1377/3234/3234 1376/3235/3235
f 1422/3233/3233 1379/3236/3236 1377/3234/3234
f 1376/3235/3235 1423/3237/3237 1422/3233/3233
f 1420/3238/3238 1380/3239/3239 1379/3236/3236
f 1420/3238/3238 1381/3240/3240 1380/3239/3239
f 1379/3236/3236 1421/3241/3241 1420/3238/3238
f 1418/3242/3242 1382/3243/3243 1381/3240/3240
f 1381/3240/3240 1419/3244/3244 1418/3242/3242
f 1417/3245/3245 1383/3246/3246 1382/3243/3243
f 1384/3247/3247 1383/3246/3246 1417/3245/3245
f 1417/3245/3245 1416/3248/3248 1384/3247/3247
f 1415/3249/3249 1385/3250/3250 1384/3247/3247
f 1386/3251/3251 1385/3250/3250 1415/3249/3249
f 1415/3249/3249 1414/3252/3252 1386/3251/3251
f 1413/3253/3253 1387/3254/3254 1386/3251/3251
f 1388/3255/3255 1387/3254/3254 1413/3253/3253
f 1412/3256/3256 1411/3257/3257 1389/3258/3258
f 1389/3258/3258 1388/3255/3255 1412/3256/3256
f 1391/3259/3259 1410/3260/3260 1409/3261/3261
f 1409/3261/3261 1390/3262/3262 1391/3259/3259
f 1389/3258/3258 1411/3257/3257 1410/3260/3260
f 1408/3263/3263 1407/3264/3264 1392/3265/3265
f 1392/3265/3265 1393/3266/3266 1408/3263/3263
f 1390/3262/3262 1409/3261/3261 1408/3263/3263
f 1394/3267/3267 1406/3268/3268 1405/3269/3269
f 1405/3269/3269 1395/3270/3270 1394/3267/3267
f 1392/3265/3265 1407/3264/3264 1406/3268/3268
f 1397/3271/3271 1404/3272/3272 1403/3273/3273
f 1397/3271/3271 1405/3269/3269 1404/3272/3272
f 1403/3273/3273 1396/3274/3274 1397/3271/3271
f 1399/3275/3275 1401/3276/3276 1400/3277/3277
f 1399/3275/3275 1403/3273/3273 1401/3276/3276
f 1400/3277/3277 1398/3278/3278 1399/3275/3275
f 1402/3279/3279 1398/3278/3278 1400/3277/3277
f 1399/3275/3275 1396/3274/3274 1403/3273/3273
f 1397/3271/3271 1395/3270/3270 1405/3269/3269
f 1394/3267/3267 1392/3265/3265 1406/3268/3268
f 1393/3266/3266 1390/3262/3262 1408/3263/3263
f 1391/3259/3259 1389/3258/3258 1410/3260/3260
f 1413/3253/3253 1412/3256/3256 1388/3255/3255
f 1414/3252/3252 1413/3253/3253 1386/3251/3251
f 1416/3248/3248 1415/3249/3249 1384/3247/3247
f 1418/3242/3242 1417/3245/3245 1382/3243/3243
f 1420/3238/3238 1419/3244/3244 1381/3240/3240
f 1422/3233/3233 1421/3241/3241 1379/3236/3236
f 1423/3237/3237 1376/3235/3235 1378/3280/3280
o Solid.042
usemtl f0f14e33_f81f_480f_8d49_56bbe20ec2c5
v -76.64302826 -88.68682861 34.51654434
v -77.02082825 -88.00945282 34.51570129
v -76.98442841 -88.04832458 34.46401596
v -77.26103973 -87.80876160 34.80801010
v -76.65736389 -88.63411713 34.46353149
v -76.59757233 -89.07575989 34.87831497
v -77.32688904 -87.76697540 34.87659073
v -77.58741760 -87.64330292 35.11155701
v -76.59860992 -88.99407196 34.80648041
v -76.65432739 -89.46320343 35.18897629
v -77.68520355 -87.61169434 35.18681335
v -76.62842560 -89.35736847 35.10918427
v -76.74696350 -89.70685577 35.35658264
v -77.94415283 -87.56179047 35.35658264
v -76.80942535 -89.82276154 35.42735672
v -78.07559204 -87.55410004 35.42735672
v -78.31001282 -87.56908417 35.52851486
v -77.05229187 -90.12992096 35.57720566
v -78.46452332 -87.59956360 35.57720566
v -76.94523621 -90.01441193 35.52851486
v -77.21208191 -90.26480865 35.61711502
v -78.66321564 -87.66474915 35.61711502
v -78.82843781 -87.74413300 35.62831497
v -77.36638641 -90.36375427 35.62831497
v -77.53160858 -90.44313812 35.61711502
v -78.98274994 -87.84308624 35.61711502
v -79.14253235 -87.97796631 35.57720566
v -77.73030090 -90.50832367 35.57720566
v -77.88481140 -90.53880310 35.52851486
v -79.24958801 -88.09347534 35.52851486
v -79.38540649 -88.28513336 35.42735672
v -78.11923218 -90.55378723 35.42735672
v -78.25067139 -90.54609680 35.35658264
v -79.44786072 -88.40103912 35.35658264
v -79.54050446 -88.64468384 35.18897629
v -78.50961304 -90.49619293 35.18681335
v -78.60740662 -90.46458435 35.11155701
v -79.56639862 -88.75051880 35.10918427
v -79.59725189 -89.03212738 34.87831497
v -78.86793518 -90.34091187 34.87659073
v -78.93378448 -90.29912567 34.80801010
v -79.59621429 -89.11381531 34.80648041
v -79.17399597 -90.09844208 34.51570129
v -79.21039581 -90.05956268 34.46401596
v -79.55179596 -89.42105865 34.51654434
v -79.40721893 -89.78496552 34.12831879
v -76.78760529 -88.32292175 34.12831879
v -76.65782928 -88.63250732 73.79473877
v -76.64324951 -88.68596649 73.74094391
v -76.78760529 -88.32292175 74.12831879
v -76.59871674 -88.99143982 73.45249939
v -76.59754181 -89.07371521 73.38008881
v -76.62774658 -89.35404968 73.15001678
v -76.65346527 -89.46018982 73.06987762
v -76.74320221 -89.69901276 72.90505981
v -76.80942535 -89.82276154 72.82927704
v -76.93830872 -90.00602722 72.73205566
v -77.05229187 -90.12992096 72.67942810
v -77.20158386 -90.25705719 72.64116669
v -77.36638641 -90.36375427 72.62831879
v -77.51753998 -90.43733215 72.63773346
v -77.86759949 -90.53623962 72.72197723
v -77.73030090 -90.50832367 72.67942810
v -78.23118591 -90.54796600 72.88892365
v -78.11923218 -90.55378723 72.82927704
v -78.50667572 -90.49703217 73.06765747
v -78.58945465 -90.47094727 73.13078308
v -78.91493225 -90.31158447 73.42855072
v -78.86623383 -90.34193420 73.37831879
v -79.19293213 -90.07855988 73.76750946
v -79.17338562 -90.09906769 73.74008942
v -79.54467773 -89.44817352 73.76723480
v -79.55167389 -89.42153931 73.74057007
v -79.40721893 -89.78496552 74.12831879
v -79.59702301 -89.08818817 73.42738342
v -79.59727478 -89.03363800 73.37963104
v -79.56116486 -88.72618866 73.12876129
v -79.54121399 -88.64719391 73.06950378
v -79.43922424 -88.38346863 72.88892365
v -79.38540649 -88.28513336 72.82927704
v -79.23836517 -88.08017731 72.72197723
v -79.14253235 -87.97796631 72.67942810
v -78.97040558 -87.83415985 72.63773346
v -78.82843781 -87.74413300 72.62831879
v -78.65110779 -87.65987396 72.64116669
v -78.46452332 -87.59956360 72.67942810
v -78.29924011 -87.56758881 72.73205566
v -78.07559204 -87.55410004 72.82927704
v -77.93550110 -87.56271362 72.90505981
v -77.68814850 -87.61085510 73.06765747
v -77.57824707 -87.64665222 73.15247345
v -77.32859802 -87.76595306 73.37831879
v -77.25595856 -87.81219482 73.45409393
v -77.02143860 -88.00882721 73.74008942
v -76.98262787 -88.05032349 73.79524231
vt 0.08827405 0.62787503
vt 0.08809100 0.37240273
vt 0.07692308 0.38942701
vt 0.15384616 0.27612203
vt 0.07681850 0.61041290
vt 0.17061923 0.74703556
vt 0.17020179 0.25353250
vt 0.23076923 0.17614061
vt 0.15348616 0.72337371
vt 0.25296444 0.84936106
vt 0.25232339 0.15135169
vt 0.23011211 0.82307917
vt 0.30769232 0.90456712
vt 0.30769232 0.09543286
vt 0.33530962 0.92787814
vt 0.33530962 0.07212184
vt 0.38461539 0.03880192
vt 0.41765481 0.97723609
vt 0.41765481 0.02276392
vt 0.38461539 0.96119809
vt 0.46153846 0.99038196
vt 0.46153846 0.00961806
vt 0.50000000 0.00592885
vt 0.50000000 0.99407113
vt 0.53846157 0.99038196
vt 0.53846157 0.00961806
vt 0.58234519 0.02276392
vt 0.58234519 0.97723609
vt 0.61538464 0.96119809
vt 0.61538464 0.03880192
vt 0.66469038 0.07212184
vt 0.66469038 0.92787814
vt 0.69230771 0.90456712
vt 0.69230771 0.09543286
vt 0.74703556 0.15063894
vt 0.74767661 0.84864831
vt 0.76923078 0.82385939
vt 0.76988786 0.17692083
vt 0.82938075 0.25296444
vt 0.82979822 0.74646747
vt 0.84615386 0.72387797
vt 0.84651381 0.27662626
vt 0.91190898 0.62759727
vt 0.92307693 0.61057299
vt 0.91172594 0.37212497
vt 0.99407113 0.50000000
vt 0.00592885 0.50000000
vt 0.71412987 0.01420982
vt 0.71430767 0.98583055
vt 0.70842797 0.98450178
vt 0.75000000 0.99407113
vt 0.70833331 0.01551948
vt 0.67533600 0.02268188
vt 0.67561537 0.97737616
vt 0.66688377 0.97558725
vt 0.66666669 0.02445652
vt 0.63656324 0.03015979
vt 0.63692307 0.96990365
vt 0.62533307 0.96792394
vt 0.62500000 0.03213093
vt 0.59730768 0.03627139
vt 0.59823078 0.96385247
vt 0.58333331 0.96198028
vt 0.58333331 0.03801972
vt 0.55838460 0.04051871
vt 0.55953848 0.95957857
vt 0.54166669 0.95827842
vt 0.54166669 0.04172156
vt 0.51946151 0.04270750
vt 0.52084613 0.95733321
vt 0.50000000 0.95701581
vt 0.50000000 0.04298419
vt 0.48215383 0.95724851
vt 0.48053846 0.04270750
vt 0.45833334 0.04172156
vt 0.44346154 0.95932943
vt 0.44161537 0.04051871
vt 0.41666666 0.03801972
vt 0.45833334 0.95827842
vt 0.40476924 0.96345365
vt 0.40269232 0.03627139
vt 0.41666666 0.96198028
vt 0.37500000 0.96786904
vt 0.37467563 0.03207748
vt 0.36578947 0.96942842
vt 0.36376923 0.03021831
vt 0.33312210 0.02441392
vt 0.32724491 0.97678435
vt 0.32484615 0.02271970
vt 0.29157406 0.01549865
vt 0.33333334 0.97554350
vt 0.28866166 0.98515797
vt 0.28592306 0.01422183
vt 0.25000000 0.00592885
vt 0.29166666 0.98448050
vt 0.21130769 0.98515105
vt 0.20838657 0.98449248
vt 0.20833333 0.01551948
vt 0.25000000 0.99407113
vt 0.17261538 0.97675562
vt 0.16682759 0.97557592
vt 0.16666667 0.02445652
vt 0.17533600 0.02268188
vt 0.13392308 0.96937847
vt 0.12527664 0.96791464
vt 0.12500000 0.03213093
vt 0.13656327 0.03015979
vt 0.09523077 0.96345365
vt 0.08333334 0.96198028
vt 0.08333334 0.03801972
vt 0.09730769 0.03627139
vt 0.05653846 0.95932943
vt 0.04166667 0.95827842
vt 0.04166667 0.04172156
vt 0.05838462 0.04051871
vt 0.01784615 0.95724851
vt -0.00000000 0.95701581
vt 0.00000000 0.04298419
vt 0.01946154 0.04270750
vt 0.98053849 0.04270750
vt -0.02084615 0.95733321
vt 0.95833331 0.95827842
vt 0.95833331 0.04172156
vt 0.94161540 0.04051871
vt 0.94046152 0.95957857
vt 0.91666669 0.96198028
vt 0.91666669 0.03801972
vt 0.90269232 0.03627139
vt 0.90176922 0.96385247
vt 0.87500000 0.96786904
vt 0.87467563 0.03207748
vt 0.86376923 0.03021831
vt 0.86273313 0.96996439
vt 0.83312213 0.02441392
vt 0.82484615 0.02271970
vt 0.83333331 0.97554350
vt 0.82419580 0.97741544
vt 0.79157406 0.01549865
vt 0.78592306 0.01422183
vt 0.79166669 0.98448050
vt 0.78563780 0.98584294
vt 0.75000000 0.00592885
vt 0.91119945 0.37212497
vt 0.91138756 0.62759131
vt 0.92307693 0.60987467
vt 0.84615386 0.72259980
vt 0.92318529 0.39029035
vt 0.82836318 0.25296444
vt 0.82879478 0.74645168
vt 0.76923078 0.82223332
vt 0.84652925 0.27792370
vt 0.74552685 0.15063894
vt 0.74618894 0.84862924
vt 0.76991427 0.17857651
vt 0.69230771 0.09708452
vt 0.69230771 0.90291548
vt 0.66269052 0.92787814
vt 0.66269052 0.07212184
vt 0.61538464 0.04009876
vt 0.61538464 0.95990121
vt 0.57985419 0.02276392
vt 0.57985419 0.97723609
vt 0.53846157 0.98983908
vt 0.49701789 0.00592885
vt 0.46153846 0.00903165
vt 0.46153846 0.99096835
vt 0.49701789 0.99407113
vt 0.53846157 0.01016090
vt 0.41418159 0.97723609
vt 0.41418159 0.02276392
vt 0.38461539 0.03677743
vt 0.38461539 0.96322256
vt 0.33134526 0.07212184
vt 0.30769232 0.09176645
vt 0.30769232 0.90823352
vt 0.33134526 0.92787814
vt 0.24850895 0.84936106
vt 0.24795897 0.15124673
vt 0.23076923 0.17076467
vt 0.23019773 0.82856941
vt 0.16567263 0.74703556
vt 0.16535272 0.25339717
vt 0.15384616 0.26912600
vt 0.15356842 0.73049051
vt 0.08283632 0.62787503
vt 0.08273048 0.37228462
vt 0.07692308 0.38106558
vt 0.07686215 0.61884207
vt 0 0.50000000
vt 0.99403578 0.50000000
vn -0.84345281 -0.47074413 -0.25881904
vn -0.84358418 -0.47081745 -0.25825688
vn -0.85105789 -0.47498864 -0.22379972
vn -0.77841562 -0.43444586 -0.45312899
vn -0.85112280 -0.47502485 -0.22347568
vn -0.75621909 -0.42205763 -0.50000000
vn -0.75679791 -0.42238066 -0.49885020
vn -0.65944791 -0.36804813 -0.65549141
vn -0.77886796 -0.43469831 -0.45210844
vn -0.61745030 -0.34460863 -0.70710677
vn -0.61870742 -0.34531024 -0.70566416
vn -0.66064227 -0.36871472 -0.65391225
vn -0.50123477 -0.27974692 -0.81884390
vn -0.50123477 -0.27974692 -0.81884390
vn -0.43660331 -0.24367510 -0.86602539
vn -0.43660331 -0.24367510 -0.86602539
vn -0.31319192 -0.17479728 -0.93346488
vn -0.22600250 -0.12613551 -0.96592581
vn -0.22600250 -0.12613551 -0.96592581
vn -0.31319192 -0.17479728 -0.93346488
vn -0.10651021 -0.05944500 -0.99253303
vn -0.10651021 -0.05944500 -0.99253303
vn 0.00000000 0.00000000 -1
vn 0.00000000 0.00000000 -1
vn 0.10651021 0.05944500 -0.99253303
vn 0.10651021 0.05944500 -0.99253303
vn 0.22600250 0.12613551 -0.96592581
vn 0.22600250 0.12613551 -0.96592581
vn 0.31319192 0.17479728 -0.93346488
vn 0.31319192 0.17479728 -0.93346488
vn 0.43660331 0.24367510 -0.86602539
vn 0.43660331 0.24367510 -0.86602539
vn 0.50123477 0.27974692 -0.81884390
vn 0.50123477 0.27974692 -0.81884390
vn 0.61745030 0.34460863 -0.70710677
vn 0.61870742 0.34531024 -0.70566416
vn 0.65944791 0.36804813 -0.65549141
vn 0.66064227 0.36871472 -0.65391225
vn 0.75621909 0.42205763 -0.50000000
vn 0.75679791 0.42238066 -0.49885020
vn 0.77841562 0.43444586 -0.45312899
vn 0.77886796 0.43469831 -0.45210844
vn 0.84358418 0.47081745 -0.25825688
vn 0.85105789 0.47498864 -0.22379972
vn 0.84345281 0.47074413 -0.25881904
vn 0.87320662 0.48735020 0.00000000
vn -0.87320662 -0.48735020 0.00000000
vn 0.96003371 0.27988443 0.00000000
vn 0.95972031 0.28095707 0.00000000
vn 0.96944267 0.24531800 0.00000000
vn 0.87320662 0.48735020 0.00000000
vn 0.96958834 0.24474163 0.00000000
vn 0.99920309 0.03991425 0.00000000
vn 0.99913150 0.04166821 0.00000000
vn 0.99991310 -0.01318168 0.00000000
vn 0.99989420 -0.01454567 0.00000000
vn 0.97932655 -0.20228578 0.00000000
vn 0.97978133 -0.20007128 0.00000000
vn 0.96262777 -0.27082792 0.00000000
vn 0.96205896 -0.27284169 0.00000000
vn 0.90029854 -0.43527299 0.00000000
vn 0.90280789 -0.43004408 0.00000000
vn 0.85866094 -0.51254404 0.00000000
vn 0.85866094 -0.51254404 0.00000000
vn 0.76811624 -0.64031047 0.00000000
vn 0.77273816 -0.63472497 0.00000000
vn 0.69674665 -0.71731728 0.00000000
vn 0.69674665 -0.71731728 0.00000000
vn 0.59022141 -0.80724144 0.00000000
vn 0.59722179 -0.80207616 0.00000000
vn 0.48735020 -0.87320662 0.00000000
vn 0.48735020 -0.87320662 0.00000000
vn 0.38658139 -0.92225528 0.00000000
vn 0.37720096 -0.92613143 0.00000000
vn 0.24474163 -0.96958834 0.00000000
vn 0.15320522 -0.98819441 0.00000000
vn 0.14173238 -0.98990500 0.00000000
vn -0.01454567 -0.99989420 0.00000000
vn 0.24474163 -0.96958834 0.00000000
vn -0.08918133 -0.99601543 0.00000000
vn -0.10217106 -0.99476683 0.00000000
vn -0.01454567 -0.99989420 0.00000000
vn -0.27284169 -0.96205896 0.00000000
vn -0.27480188 -0.96150088 0.00000000
vn -0.32802969 -0.94466740 0.00000000
vn -0.33999404 -0.94042760 0.00000000
vn -0.51368314 -0.85797995 0.00000000
vn -0.54500878 -0.83843035 0.00000000
vn -0.55758315 -0.83012110 0.00000000
vn -0.71772265 -0.69632906 0.00000000
vn -0.51254404 -0.85866094 0.00000000
vn -0.73034394 -0.68307960 0.00000000
vn -0.74198902 -0.67041200 0.00000000
vn -0.87320662 -0.48735020 0.00000000
vn -0.71731728 -0.69674665 0.00000000
vn -0.96484542 -0.26281795 0.00000000
vn -0.96950644 -0.24506593 0.00000000
vn -0.96958834 -0.24474163 0
vn -0.87320662 -0.48735020 0.00000000
vn -0.99973941 -0.02282874 0.00000000
vn -0.99990839 0.01353468 0.00000000
vn -0.99989420 0.01454567 -0.00000000
vn -0.99920309 -0.03991425 -0.00000000
vn -0.97583628 0.21850309 0.00000000
vn -0.96253175 0.27116907 0.00000000
vn -0.96205896 0.27284169 -0.00000000
vn -0.97932655 0.20228578 -0.00000000
vn -0.89454186 0.44698420 0
vn -0.85866094 0.51254404 0
vn -0.85866094 0.51254404 0
vn -0.90029854 0.43527299 -0.00000000
vn -0.76063728 0.64917713 0
vn -0.69674665 0.71731728 0
vn -0.69674665 0.71731728 0
vn -0.76811624 0.64031047 -0.00000000
vn -0.58199781 0.81319034 0
vn -0.48735020 0.87320662 0
vn -0.48735020 0.87320662 0
vn -0.59022141 0.80724144 -0.00000000
vn -0.37720096 0.92613143 -0.00000000
vn -0.36912963 0.92937791 0
vn -0.24474163 0.96958834 0
vn -0.24474163 0.96958834 0
vn -0.14173238 0.98990500 -0.00000000
vn -0.13455208 0.99090654 0
vn 0.01454567 0.99989420 0
vn 0.01454567 0.99989420 0
vn 0.10217106 0.99476683 -0.00000000
vn 0.10793883 0.99415755 0
vn 0.27284169 0.96205896 0
vn 0.27480188 0.96150088 -0.00000000
vn 0.33999404 0.94042760 -0.00000000
vn 0.34610906 0.93819427 0
vn 0.51368314 0.85797995 -0.00000000
vn 0.55758315 0.83012110 -0.00000000
vn 0.51254404 0.85866094 0.00000000
vn 0.56097066 0.82783568 0.00000000
vn 0.71772265 0.69632906 0
vn 0.74198902 0.67041200 0
vn 0.71731728 0.69674665 0.00000000
vn 0.74318951 0.66908097 0.00000000
vn 0.87320662 0.48735020 0.00000000
vn -0.84345281 -0.47074413 0.25881904
vn -0.84358704 -0.47081903 0.25824475
vn -0.85134035 -0.47514626 0.22238630
vn -0.77955979 -0.43508443 0.45054197
vn -0.85140681 -0.47518337 0.22205235
vn -0.75621909 -0.42205763 0.50000000
vn -0.75681400 -0.42238966 0.49881819
vn -0.66193146 -0.36943424 0.65220016
vn -0.78002602 -0.43534464 0.44948244
vn -0.61745030 -0.34460863 0.70710677
vn -0.61874104 -0.34532899 0.70562553
vn -0.66316015 -0.37011999 0.65056115
vn -0.50537336 -0.28205672 0.81550092
vn -0.50537336 -0.28205672 0.81550092
vn -0.43660331 -0.24367510 0.86602539
vn -0.43660331 -0.24367510 0.86602539
vn -0.31909302 -0.17809078 0.93084013
vn -0.31909302 -0.17809078 0.93084013
vn -0.22600250 -0.12613551 0.96592581
vn -0.22600250 -0.12613551 0.96592581
vn -0.11404607 -0.06365088 0.99143434
vn -0.00000000 0 1
vn 0.09770821 0.05453247 0.99371994
vn 0.09770821 0.05453247 0.99371994
vn -0.00000000 0 1
vn -0.11404607 -0.06365088 0.99143434
vn 0.22600250 0.12613551 0.96592581
vn 0.22600250 0.12613551 0.96592581
vn 0.30371603 0.16950864 0.93756247
vn 0.30371603 0.16950864 0.93756247
vn 0.43660331 0.24367510 0.86602539
vn 0.49186158 0.27451560 0.82626468
vn 0.49186158 0.27451560 0.82626468
vn 0.43660331 0.24367510 0.86602539
vn 0.61745030 0.34460863 0.70710677
vn 0.61852264 0.34520710 0.70587665
vn 0.65107960 0.36337763 0.66637230
vn 0.65212953 0.36396360 0.66502452
vn 0.75621909 0.42205763 0.50000000
vn 0.75666016 0.42230380 0.49912411
vn 0.77200603 0.43086857 0.46728897
vn 0.77236390 0.43106830 0.46651277
vn 0.84345281 0.47074413 0.25881904
vn 0.84352839 0.47078630 0.25849596
vn 0.84752893 0.47301906 0.24072324
vn 0.84756941 0.47304165 0.24053635
vn 0.87320662 0.48735020 0.00000000
vn -0.87320662 -0.48735020 0.00000000
f 1424/3281/3281 1425/3282/3282 1426/3283/3283
f 1424/3281/3281 1427/3284/3284 1425/3282/3282
f 1426/3283/3283 1428/3285/3285 1424/3281/3281
f 1429/3286/3286 1430/3287/3287 1427/3284/3284
f 1429/3286/3286 1431/3288/3288 1430/3287/3287
f 1427/3284/3284 1432/3289/3289 1429/3286/3286
f 1433/3290/3290 1434/3291/3291 1431/3288/3288
f 1431/3288/3288 1435/3292/3292 1433/3290/3290
f 1436/3293/3293 1437/3294/3294 1434/3291/3291
f 1438/3295/3295 1439/3296/3296 1437/3294/3294
f 1438/3295/3295 1440/3297/3297 1439/3296/3296
f 1437/3294/3294 1436/3293/3293 1438/3295/3295
f 1441/3298/3298 1442/3299/3299 1440/3297/3297
f 1440/3297/3297 1443/3300/3300 1441/3298/3298
f 1444/3301/3301 1445/3302/3302 1442/3299/3299
f 1446/3303/3303 1445/3302/3302 1444/3301/3301
f 1446/3303/3303 1447/3304/3304 1448/3305/3305
f 1448/3305/3305 1449/3306/3306 1446/3303/3303
f 1450/3307/3307 1451/3308/3308 1452/3309/3309
f 1450/3307/3307 1448/3305/3305 1451/3308/3308
f 1452/3309/3309 1453/3310/3310 1450/3307/3307
f 1454/3311/3311 1455/3312/3312 1456/3313/3313
f 1454/3311/3311 1452/3309/3309 1455/3312/3312
f 1456/3313/3313 1457/3314/3314 1454/3311/3311
f 1458/3315/3315 1459/3316/3316 1460/3317/3317
f 1460/3317/3317 1461/3318/3318 1458/3315/3315
f 1457/3314/3314 1456/3313/3313 1459/3316/3316
f 1462/3319/3319 1463/3320/3320 1464/3321/3321
f 1462/3319/3319 1460/3317/3317 1463/3320/3320
f 1464/3321/3321 1465/3322/3322 1462/3319/3319
f 1466/3323/3323 1467/3324/3324 1468/3325/3325
f 1465/3322/3322 1464/3321/3321 1466/3323/3323
f 1469/3326/3326 1468/3325/3325 1467/3324/3324
f 1468/3325/3325 1465/3322/3322 1466/3323/3323
f 1462/3319/3319 1461/3318/3318 1460/3317/3317
f 1458/3315/3315 1457/3314/3314 1459/3316/3316
f 1454/3311/3311 1453/3310/3310 1452/3309/3309
f 1450/3307/3307 1449/3306/3306 1448/3305/3305
f 1444/3301/3301 1447/3304/3304 1446/3303/3303
f 1441/3298/3298 1444/3301/3301 1442/3299/3299
f 1438/3295/3295 1443/3300/3300 1440/3297/3297
f 1433/3290/3290 1436/3293/3293 1434/3291/3291
f 1429/3286/3286 1435/3292/3292 1431/3288/3288
f 1424/3281/3281 1432/3289/3289 1427/3284/3284
f 1428/3285/3285 1426/3283/3283 1470/3327/3327
f 1428/3328/3328 1471/3329/3329 1472/3330/3330
f 1428/3328/3328 1473/3331/3331 1471/3329/3329
f 1472/3330/3330 1424/3332/3332 1428/3328/3328
f 1432/3333/3333 1474/3334/3334 1475/3335/3335
f 1432/3333/3333 1472/3330/3330 1474/3334/3334
f 1475/3335/3335 1429/3336/3336 1432/3333/3333
f 1435/3337/3337 1476/3338/3338 1477/3339/3339
f 1435/3337/3337 1475/3335/3335 1476/3338/3338
f 1477/3339/3339 1433/3340/3340 1435/3337/3337
f 1436/3341/3341 1478/3342/3342 1479/3343/3343
f 1479/3343/3343 1438/3344/3344 1436/3341/3341
f 1433/3340/3340 1477/3339/3339 1478/3342/3342
f 1443/3345/3345 1480/3346/3346 1481/3347/3347
f 1443/3345/3345 1479/3343/3343 1480/3346/3346
f 1481/3347/3347 1441/3348/3348 1443/3345/3345
f 1444/3349/3349 1482/3350/3350 1483/3351/3351
f 1444/3349/3349 1481/3347/3347 1482/3350/3350
f 1483/3351/3351 1447/3352/3352 1444/3349/3349
f 1484/3353/3353 1448/3354/3354 1447/3352/3352
f 1484/3353/3353 1451/3355/3355 1448/3354/3354
f 1447/3352/3352 1483/3351/3351 1484/3353/3353
f 1485/3356/3356 1452/3357/3357 1451/3355/3355
f 1485/3356/3356 1455/3358/3358 1452/3357/3357
f 1451/3355/3355 1486/3359/3359 1485/3356/3356
f 1487/3360/3360 1456/3361/3361 1455/3358/3358
f 1455/3358/3358 1488/3362/3362 1487/3360/3360
f 1489/3363/3363 1459/3364/3364 1456/3361/3361
f 1490/3365/3365 1460/3366/3366 1459/3364/3364
f 1490/3365/3365 1463/3367/3367 1460/3366/3366
f 1459/3364/3364 1489/3363/3363 1490/3365/3365
f 1491/3368/3368 1464/3369/3369 1463/3367/3367
f 1491/3368/3368 1466/3370/3370 1464/3369/3369
f 1463/3367/3367 1492/3371/3371 1491/3368/3368
f 1493/3372/3372 1467/3373/3373 1466/3370/3370
f 1493/3372/3372 1469/3374/3374 1467/3373/3373
f 1466/3370/3370 1494/3375/3375 1493/3372/3372
f 1495/3376/3376 1496/3377/3377 1468/3378/3378
f 1469/3374/3374 1497/3379/3379 1495/3376/3376
f 1498/3380/3380 1499/3381/3381 1462/3382/3382
f 1462/3382/3382 1465/3383/3383 1498/3380/3380
f 1468/3378/3378 1496/3377/3377 1498/3380/3380
f 1500/3384/3384 1501/3385/3385 1458/3386/3386
f 1458/3386/3386 1461/3387/3387 1500/3384/3384
f 1462/3382/3382 1499/3381/3381 1500/3384/3384
f 1502/3388/3388 1503/3389/3389 1454/3390/3390
f 1454/3390/3390 1457/3391/3391 1502/3388/3388
f 1458/3386/3386 1501/3385/3385 1502/3388/3388
f 1504/3392/3392 1505/3393/3393 1450/3394/3394
f 1450/3394/3394 1453/3395/3395 1504/3392/3392
f 1454/3390/3390 1503/3389/3389 1504/3392/3392
f 1506/3396/3396 1507/3397/3397 1446/3398/3398
f 1446/3398/3398 1449/3399/3399 1506/3396/3396
f 1450/3394/3394 1505/3393/3393 1506/3396/3396
f 1445/3400/3400 1446/3398/3398 1507/3397/3397
f 1507/3397/3397 1508/3401/3401 1445/3400/3400
f 1509/3402/3402 1442/3403/3403 1445/3400/3400
f 1440/3404/3404 1442/3403/3403 1509/3402/3402
f 1509/3402/3402 1510/3405/3405 1440/3404/3404
f 1511/3406/3406 1439/3407/3407 1440/3404/3404
f 1437/3408/3408 1439/3407/3407 1511/3406/3406
f 1511/3406/3406 1512/3409/3409 1437/3408/3408
f 1513/3410/3410 1434/3411/3411 1437/3408/3408
f 1431/3412/3412 1434/3411/3411 1513/3410/3410
f 1514/3413/3413 1430/3414/3414 1431/3412/3412
f 1513/3410/3410 1514/3413/3413 1431/3412/3412
f 1427/3415/3415 1430/3414/3414 1515/3416/3416
f 1516/3417/3417 1425/3418/3418 1427/3415/3415
f 1515/3416/3416 1516/3417/3417 1427/3415/3415
f 1426/3419/3419 1425/3418/3418 1517/3420/3420
f 1518/3421/3421 1470/3422/3422 1426/3419/3419
f 1517/3420/3420 1518/3421/3421 1426/3419/3419
f 1518/3421/3421 1473/3331/3331 1470/3422/3422
f 1516/3417/3417 1517/3420/3420 1425/3418/3418
f 1514/3413/3413 1515/3416/3416 1430/3414/3414
f 1512/3409/3409 1513/3410/3410 1437/3408/3408
f 1510/3405/3405 1511/3406/3406 1440/3404/3404
f 1508/3401/3401 1509/3402/3402 1445/3400/3400
f 1449/3399/3399 1450/3394/3394 1506/3396/3396
f 1453/3395/3395 1454/3390/3390 1504/3392/3392
f 1457/3391/3391 1458/3386/3386 1502/3388/3388
f 1461/3387/3387 1462/3382/3382 1500/3384/3384
f 1465/3383/3383 1468/3378/3378 1498/3380/3380
f 1468/3378/3378 1469/3374/3374 1495/3376/3376
f 1493/3372/3372 1497/3379/3379 1469/3374/3374
f 1491/3368/3368 1494/3375/3375 1466/3370/3370
f 1490/3365/3365 1492/3371/3371 1463/3367/3367
f 1487/3360/3360 1489/3363/3363 1456/3361/3361
f 1485/3356/3356 1488/3362/3362 1455/3358/3358
f 1484/3353/3353 1486/3359/3359 1451/3355/3355
f 1444/3349/3349 1441/3348/3348 1481/3347/3347
f 1443/3345/3345 1438/3344/3344 1479/3343/3343
f 1436/3341/3341 1433/3340/3340 1478/3342/3342
f 1435/3337/3337 1429/3336/3336 1475/3335/3335
f 1432/3333/3333 1424/3332/3332 1472/3330/3330
f 1428/3328/3328 1470/3422/3422 1473/3331/3331
f 1517/3423/3423 1472/3424/3424 1471/3425/3425
f 1517/3423/3423 1474/3426/3426 1472/3424/3424
f 1471/3425/3425 1518/3427/3427 1517/3423/3423
f 1515/3428/3428 1475/3429/3429 1474/3426/3426
f 1515/3428/3428 1476/3430/3430 1475/3429/3429
f 1474/3426/3426 1516/3431/3431 1515/3428/3428
f 1513/3432/3432 1477/3433/3433 1476/3430/3430
f 1476/3430/3430 1514/3434/3434 1513/3432/3432
f 1512/3435/3435 1478/3436/3436 1477/3433/3433
f 1479/3437/3437 1478/3436/3436 1512/3435/3435
f 1512/3435/3435 1511/3438/3438 1479/3437/3437
f 1510/3439/3439 1480/3440/3440 1479/3437/3437
f 1509/3441/3441 1481/3442/3442 1480/3440/3440
f 1509/3441/3441 1482/3443/3443 1481/3442/3442
f 1480/3440/3440 1510/3439/3439 1509/3441/3441
f 1507/3444/3444 1506/3445/3445 1484/3446/3446
f 1507/3444/3444 1483/3447/3447 1482/3443/3443
f 1482/3443/3443 1508/3448/3448 1507/3444/3444
f 1486/3449/3449 1505/3450/3450 1504/3451/3451
f 1504/3451/3451 1485/3452/3452 1486/3449/3449
f 1484/3446/3446 1506/3445/3445 1505/3450/3450
f 1503/3453/3453 1502/3454/3454 1487/3455/3455
f 1487/3455/3455 1488/3456/3456 1503/3453/3453
f 1485/3452/3452 1504/3451/3451 1503/3453/3453
f 1489/3457/3457 1501/3458/3458 1500/3459/3459
f 1500/3459/3459 1490/3460/3460 1489/3457/3457
f 1487/3455/3455 1502/3454/3454 1501/3458/3458
f 1492/3461/3461 1499/3462/3462 1498/3463/3463
f 1492/3461/3461 1500/3459/3459 1499/3462/3462
f 1498/3463/3463 1491/3464/3464 1492/3461/3461
f 1494/3465/3465 1496/3466/3466 1495/3467/3467
f 1494/3465/3465 1498/3463/3463 1496/3466/3466
f 1495/3467/3467 1493/3468/3468 1494/3465/3465
f 1497/3469/3469 1493/3468/3468 1495/3467/3467
f 1494/3465/3465 1491/3464/3464 1498/3463/3463
f 1492/3461/3461 1490/3460/3460 1500/3459/3459
f 1489/3457/3457 1487/3455/3455 1501/3458/3458
f 1488/3456/3456 1485/3452/3452 1503/3453/3453
f 1486/3449/3449 1484/3446/3446 1505/3450/3450
f 1484/3446/3446 1483/3447/3447 1507/3444/3444
f 1509/3441/3441 1508/3448/3448 1482/3443/3443
f 1511/3438/3438 1510/3439/3439 1479/3437/3437
f 1513/3432/3432 1512/3435/3435 1477/3433/3433
f 1515/3428/3428 1514/3434/3434 1476/3430/3430
f 1517/3423/3423 1516/3431/3431 1474/3426/3426
f 1518/3427/3427 1471/3425/3425 1473/3470/3470
o Solid.043
usemtl f0f14e33_f81f_480f_8d49_56bbe20ec2c5
v -91.26354218 -62.49063492 34.51654434
v -91.64133453 -61.81325150 34.51570129
v -91.60493469 -61.85212708 34.46401596
v -91.88154602 -61.61256409 34.80801010
v -91.27787018 -62.43792343 34.46353149
v -91.21807861 -62.87956238 34.87831497
v -91.94739532 -61.57077408 34.87659073
v -92.20792389 -61.44710159 35.11155701
v -91.21911621 -62.79787445 34.80648041
v -91.27482605 -63.26700974 35.18897629
v -92.30571747 -61.41549301 35.18681335
v -91.24893188 -63.16117477 35.10918427
v -91.36746979 -63.51065826 35.35658264
v -92.56465912 -61.36559677 35.35658264
v -92.69609833 -61.35790253 35.42735672
v -91.42992401 -63.62656403 35.42735672
v -91.56574249 -63.81821060 35.52851486
v -92.93051910 -61.37288666 35.52851486
v -93.08502960 -61.40336227 35.57720566
v -91.67279816 -63.93372345 35.57720566
v -91.83258057 -64.06861115 35.61711502
v -93.28372192 -61.46854782 35.61711502
v -93.44894409 -61.54793549 35.62831497
v -91.98689270 -64.16755676 35.62831497
v -92.15211487 -64.24694061 35.61711502
v -93.60325623 -61.64688492 35.61711502
v -93.76303864 -61.78176880 35.57720566
v -92.35080719 -64.31213379 35.57720566
v -92.50531769 -64.34260559 35.52851486
v -93.87009430 -61.89727783 35.52851486
v -94.00591278 -62.08893204 35.42735672
v -92.73973846 -64.35758209 35.42735672
v -92.87117767 -64.34989929 35.35658264
v -94.06836700 -62.20483780 35.35658264
v -94.16100311 -62.44848251 35.18897629
v -93.13012695 -64.29999542 35.18681335
v -93.22791290 -64.26838684 35.11155701
v -94.18690491 -62.55431747 35.10918427
v -94.21775818 -62.83592606 34.87831497
v -93.48844147 -64.14472198 34.87659073
v -93.55429077 -64.10292816 34.80801010
v -94.21672058 -62.91762161 34.80648041
v -94.17230225 -63.22485733 34.51654434
v -93.79450226 -63.90224075 34.51570129
v -93.83090210 -63.86336136 34.46401596
v -94.15796661 -63.27757263 34.46353149
v -94.02772522 -63.58876801 34.12831879
v -91.40811157 -62.12672043 34.12831879
v -91.27833557 -62.43631363 73.79473877
v -91.26375580 -62.48976517 73.74094391
v -91.40811157 -62.12672043 74.12831879
v -91.21922302 -62.79524612 73.45249939
v -91.21804810 -62.87751770 73.38008881
v -91.24824524 -63.15785217 73.15001678
v -91.27397156 -63.26398849 73.06987762
v -91.36370087 -63.50281143 72.90505981
v -91.42992401 -63.62656403 72.82927704
v -91.55881500 -63.80983734 72.73205566
v -91.67279816 -63.93372345 72.67942810
v -91.82209015 -64.06085968 72.64116669
v -91.98689270 -64.16755676 72.62831879
v -92.13804626 -64.24112701 72.63773346
v -92.48811340 -64.34003448 72.72197723
v -92.35080719 -64.31213379 72.67942810
v -92.85169220 -64.35176849 72.88892365
v -92.73973846 -64.35758209 72.82927704
v -93.12718201 -64.30083466 73.06765747
v -93.20996094 -64.27474976 73.13078308
v -93.53543091 -64.11539459 73.42855072
v -93.48673248 -64.14573669 73.37831879
v -93.81343842 -63.88236237 73.76750946
v -93.79389191 -63.90286636 73.74008942
v -94.16519165 -63.25197220 73.76723480
v -94.17218018 -63.22534561 73.74057007
v -94.02772522 -63.58876801 74.12831879
v -94.21752930 -62.89199066 73.42738342
v -94.21778107 -62.83744431 73.37963104
v -94.18167114 -62.52999115 73.12876129
v -94.16171265 -62.45099258 73.06950378
v -94.05973053 -62.18727112 72.88892365
v -94.00591278 -62.08893204 72.82927704
v -93.85887146 -61.88397980 72.72197723
v -93.76303864 -61.78176880 72.67942810
v -93.59091187 -61.63796234 72.63773346
v -93.44894409 -61.54793549 72.62831879
v -93.27161407 -61.46367645 72.64116669
v -93.08502960 -61.40336227 72.67942810
v -92.91974640 -61.37138748 72.73205566
v -92.69609833 -61.35790253 72.82927704
v -92.55601501 -61.36650848 72.90505981
v -92.30865479 -61.41465759 73.06765747
v -92.19875336 -61.45045090 73.15247345
v -91.94910431 -61.56975555 73.37831879
v -91.87646484 -61.61598969 73.45409393
v -91.64194489 -61.81262589 73.74008942
v -91.60313416 -61.85412598 73.79524231
vt 0.08827405 0.62787503
vt 0.08809100 0.37240273
vt 0.07692308 0.38942701
vt 0.15384616 0.27612203
vt 0.07681850 0.61041290
vt 0.17061923 0.74703556
vt 0.17020179 0.25353250
vt 0.23076923 0.17614061
vt 0.15348616 0.72337371
vt 0.25296444 0.84936106
vt 0.25232339 0.15135169
vt 0.23011211 0.82307917
vt 0.30769232 0.90456712
vt 0.30769232 0.09543286
vt 0.33530962 0.07212184
vt 0.33530962 0.92787814
vt 0.38461539 0.96119809
vt 0.38461539 0.03880192
vt 0.41765481 0.02276392
vt 0.41765481 0.97723609
vt 0.46153846 0.99038196
vt 0.46153846 0.00961806
vt 0.50000000 0.00592885
vt 0.50000000 0.99407113
vt 0.53846157 0.99038196
vt 0.53846157 0.00961806
vt 0.58234519 0.02276392
vt 0.58234519 0.97723609
vt 0.61538464 0.96119809
vt 0.61538464 0.03880192
vt 0.66469038 0.07212184
vt 0.66469038 0.92787814
vt 0.69230771 0.90456712
vt 0.69230771 0.09543286
vt 0.74703556 0.15063894
vt 0.74767661 0.84864831
vt 0.76923078 0.82385939
vt 0.76988786 0.17692083
vt 0.82938075 0.25296444
vt 0.82979822 0.74646747
vt 0.84615386 0.72387797
vt 0.84651381 0.27662626
vt 0.91172594 0.37212497
vt 0.91190898 0.62759727
vt 0.92307693 0.61057299
vt 0.92318147 0.38958710
vt 0.99407113 0.50000000
vt 0.00592885 0.50000000
vt 0.71412987 0.01420982
vt 0.71430767 0.98583055
vt 0.70842797 0.98450178
vt 0.75000000 0.99407113
vt 0.70833331 0.01551948
vt 0.67533600 0.02268188
vt 0.67561537 0.97737616
vt 0.66688377 0.97558725
vt 0.66666669 0.02445652
vt 0.63656324 0.03015979
vt 0.63692307 0.96990365
vt 0.62533307 0.96792394
vt 0.62500000 0.03213093
vt 0.59730768 0.03627139
vt 0.59823078 0.96385247
vt 0.58333331 0.96198028
vt 0.58333331 0.03801972
vt 0.55838460 0.04051871
vt 0.55953848 0.95957857
vt 0.54166669 0.95827842
vt 0.54166669 0.04172156
vt 0.51946151 0.04270750
vt 0.52084613 0.95733321
vt 0.50000000 0.95701581
vt 0.50000000 0.04298419
vt 0.48215383 0.95724851
vt 0.48053846 0.04270750
vt 0.45833334 0.04172156
vt 0.44346154 0.95932943
vt 0.44161537 0.04051871
vt 0.41666666 0.03801972
vt 0.45833334 0.95827842
vt 0.40476924 0.96345365
vt 0.40269232 0.03627139
vt 0.41666666 0.96198028
vt 0.37500000 0.96786904
vt 0.37467563 0.03207748
vt 0.36578947 0.96942842
vt 0.36376923 0.03021831
vt 0.33312210 0.02441392
vt 0.32724491 0.97678435
vt 0.32484615 0.02271970
vt 0.29157406 0.01549865
vt 0.33333334 0.97554350
vt 0.28866166 0.98515797
vt 0.28592306 0.01422183
vt 0.25000000 0.00592885
vt 0.29166666 0.98448050
vt 0.21130769 0.98515105
vt 0.20838657 0.98449248
vt 0.20833333 0.01551948
vt 0.21412984 0.01420982
vt 0.25000000 0.99407113
vt 0.17261538 0.97675562
vt 0.16682759 0.97557592
vt 0.16666667 0.02445652
vt 0.17533600 0.02268188
vt 0.13392308 0.96937847
vt 0.12527664 0.96791464
vt 0.12500000 0.03213093
vt 0.13656327 0.03015979
vt 0.09523077 0.96345365
vt 0.08333334 0.96198028
vt 0.08333334 0.03801972
vt 0.09730769 0.03627139
vt 0.05653846 0.95932943
vt 0.04166667 0.95827842
vt 0.04166667 0.04172156
vt 0.05838462 0.04051871
vt 0.01784615 0.95724851
vt -0.00000000 0.95701581
vt 0.00000000 0.04298419
vt 0.01946154 0.04270750
vt 0.98053849 0.04270750
vt -0.02084615 0.95733321
vt 0.95833331 0.95827842
vt 0.95833331 0.04172156
vt 0.94161540 0.04051871
vt 0.94046152 0.95957857
vt 0.91666669 0.96198028
vt 0.91666669 0.03801972
vt 0.90269232 0.03627139
vt 0.90176922 0.96385247
vt 0.87500000 0.96786904
vt 0.87467563 0.03207748
vt 0.86376923 0.03021831
vt 0.86273313 0.96996439
vt 0.83312213 0.02441392
vt 0.82484615 0.02271970
vt 0.83333331 0.97554350
vt 0.82419580 0.97741544
vt 0.79157406 0.01549865
vt 0.78592306 0.01422183
vt 0.79166669 0.98448050
vt 0.78563780 0.98584294
vt 0.75000000 0.00592885
vt 0.91119945 0.37212497
vt 0.91138756 0.62759131
vt 0.92307693 0.60987467
vt 0.84615386 0.72259980
vt 0.92318529 0.39029035
vt 0.82836318 0.25296444
vt 0.82879478 0.74645168
vt 0.76923078 0.82223332
vt 0.84652925 0.27792370
vt 0.74552685 0.15063894
vt 0.74618894 0.84862924
vt 0.76991427 0.17857651
vt 0.69230771 0.09708452
vt 0.69230771 0.90291548
vt 0.66269052 0.92787814
vt 0.66269052 0.07212184
vt 0.61538464 0.04009876
vt 0.61538464 0.95990121
vt 0.57985419 0.97723609
vt 0.57985419 0.02276392
vt 0.53846157 0.01016090
vt 0.53846157 0.98983908
vt 0.49701789 0.00592885
vt 0.46153846 0.00903165
vt 0.46153846 0.99096835
vt 0.49701789 0.99407113
vt 0.41418159 0.97723609
vt 0.41418159 0.02276392
vt 0.38461539 0.03677743
vt 0.38461539 0.96322256
vt 0.33134526 0.92787814
vt 0.33134526 0.07212184
vt 0.30769232 0.09176645
vt 0.30769232 0.90823352
vt 0.24850895 0.84936106
vt 0.24795897 0.15124673
vt 0.23076923 0.17076467
vt 0.23019773 0.82856941
vt 0.16567263 0.74703556
vt 0.16535272 0.25339717
vt 0.15384616 0.26912600
vt 0.15356842 0.73049051
vt 0.08283632 0.62787503
vt 0.08273048 0.37228462
vt 0.07692308 0.38106558
vt 0.07686215 0.61884207
vt 0 0.50000000
vt 0.99403578 0.50000000
vn -0.84345281 -0.47074413 -0.25881904
vn -0.84358418 -0.47081745 -0.25825688
vn -0.85105789 -0.47498864 -0.22379972
vn -0.77841562 -0.43444586 -0.45312899
vn -0.85112280 -0.47502485 -0.22347568
vn -0.75621909 -0.42205763 -0.50000000
vn -0.75679791 -0.42238066 -0.49885020
vn -0.65944791 -0.36804813 -0.65549141
vn -0.77886796 -0.43469831 -0.45210844
vn -0.61745030 -0.34460863 -0.70710677
vn -0.61870742 -0.34531024 -0.70566416
vn -0.66064227 -0.36871472 -0.65391225
vn -0.50123477 -0.27974692 -0.81884390
vn -0.50123477 -0.27974692 -0.81884390
vn -0.43660331 -0.24367510 -0.86602539
vn -0.43660331 -0.24367510 -0.86602539
vn -0.31319192 -0.17479728 -0.93346488
vn -0.31319192 -0.17479728 -0.93346488
vn -0.22600250 -0.12613551 -0.96592581
vn -0.22600250 -0.12613551 -0.96592581
vn -0.10651021 -0.05944500 -0.99253303
vn -0.10651021 -0.05944500 -0.99253303
vn 0.00000000 0.00000000 -1
vn 0.00000000 0.00000000 -1
vn 0.10651021 0.05944500 -0.99253303
vn 0.10651021 0.05944500 -0.99253303
vn 0.22600250 0.12613551 -0.96592581
vn 0.22600250 0.12613551 -0.96592581
vn 0.31319192 0.17479728 -0.93346488
vn 0.31319192 0.17479728 -0.93346488
vn 0.43660331 0.24367510 -0.86602539
vn 0.43660331 0.24367510 -0.86602539
vn 0.50123477 0.27974692 -0.81884390
vn 0.50123477 0.27974692 -0.81884390
vn 0.61745030 0.34460863 -0.70710677
vn 0.61870742 0.34531024 -0.70566416
vn 0.65944791 0.36804813 -0.65549141
vn 0.66064227 0.36871472 -0.65391225
vn 0.75621909 0.42205763 -0.50000000
vn 0.75679791 0.42238066 -0.49885020
vn 0.77841562 0.43444586 -0.45312899
vn 0.77886796 0.43469831 -0.45210844
vn 0.84345281 0.47074413 -0.25881904
vn 0.84358418 0.47081745 -0.25825688
vn 0.85105789 0.47498864 -0.22379972
vn 0.85112280 0.47502485 -0.22347568
vn 0.87320662 0.48735020 0.00000000
vn -0.87320662 -0.48735020 0.00000000
vn 0.96003371 0.27988443 0.00000000
vn 0.95972031 0.28095707 0.00000000
vn 0.96944267 0.24531800 0.00000000
vn 0.87320662 0.48735020 0.00000000
vn 0.96958834 0.24474163 0.00000000
vn 0.99920309 0.03991425 0.00000000
vn 0.99913150 0.04166821 0.00000000
vn 0.99991310 -0.01318168 0.00000000
vn 0.99989420 -0.01454567 0.00000000
vn 0.97932655 -0.20228578 0.00000000
vn 0.97978133 -0.20007128 0.00000000
vn 0.96262777 -0.27082792 0.00000000
vn 0.96205896 -0.27284169 0.00000000
vn 0.90029854 -0.43527299 0.00000000
vn 0.90280789 -0.43004408 0.00000000
vn 0.85866094 -0.51254404 0.00000000
vn 0.85866094 -0.51254404 0.00000000
vn 0.76811624 -0.64031047 0.00000000
vn 0.77273816 -0.63472497 0.00000000
vn 0.69674665 -0.71731728 0.00000000
vn 0.69674665 -0.71731728 0.00000000
vn 0.59022141 -0.80724144 0.00000000
vn 0.59722179 -0.80207616 0.00000000
vn 0.48735020 -0.87320662 0.00000000
vn 0.48735020 -0.87320662 0.00000000
vn 0.38658139 -0.92225528 0.00000000
vn 0.37720096 -0.92613143 0.00000000
vn 0.24474163 -0.96958834 0.00000000
vn 0.15320522 -0.98819441 0.00000000
vn 0.14173238 -0.98990500 0.00000000
vn -0.01454567 -0.99989420 0.00000000
vn 0.24474163 -0.96958834 0.00000000
vn -0.08918133 -0.99601543 0.00000000
vn -0.10217106 -0.99476683 0.00000000
vn -0.01454567 -0.99989420 0.00000000
vn -0.27284169 -0.96205896 0.00000000
vn -0.27480188 -0.96150088 0.00000000
vn -0.32802969 -0.94466740 0.00000000
vn -0.33999404 -0.94042760 0.00000000
vn -0.51368314 -0.85797995 0.00000000
vn -0.54500878 -0.83843035 0.00000000
vn -0.55758315 -0.83012110 0.00000000
vn -0.71772265 -0.69632906 0.00000000
vn -0.51254404 -0.85866094 0.00000000
vn -0.73034394 -0.68307960 0.00000000
vn -0.74198902 -0.67041200 0.00000000
vn -0.87320662 -0.48735020 0.00000000
vn -0.71731728 -0.69674665 0.00000000
vn -0.96484542 -0.26281795 0.00000000
vn -0.96950644 -0.24506593 0.00000000
vn -0.96958834 -0.24474163 0
vn -0.96003371 -0.27988443 0
vn -0.87320662 -0.48735020 0.00000000
vn -0.99973941 -0.02282874 0.00000000
vn -0.99990839 0.01353468 0.00000000
vn -0.99989420 0.01454567 -0.00000000
vn -0.99920309 -0.03991425 -0.00000000
vn -0.97583628 0.21850309 0.00000000
vn -0.96253175 0.27116907 0.00000000
vn -0.96205896 0.27284169 -0.00000000
vn -0.97932655 0.20228578 -0.00000000
vn -0.89454186 0.44698420 0
vn -0.85866094 0.51254404 0
vn -0.85866094 0.51254404 0
vn -0.90029854 0.43527299 -0.00000000
vn -0.76063728 0.64917713 0
vn -0.69674665 0.71731728 0
vn -0.69674665 0.71731728 0
vn -0.76811624 0.64031047 -0.00000000
vn -0.58199781 0.81319034 0
vn -0.48735020 0.87320662 0
vn -0.48735020 0.87320662 0
vn -0.59022141 0.80724144 -0.00000000
vn -0.37720096 0.92613143 -0.00000000
vn -0.36912963 0.92937791 0
vn -0.24474163 0.96958834 0
vn -0.24474163 0.96958834 0
vn -0.14173238 0.98990500 -0.00000000
vn -0.13455208 0.99090654 0
vn 0.01454567 0.99989420 0
vn 0.01454567 0.99989420 0
vn 0.10217106 0.99476683 -0.00000000
vn 0.10793883 0.99415755 0
vn 0.27284169 0.96205896 0
vn 0.27480188 0.96150088 -0.00000000
vn 0.33999404 0.94042760 -0.00000000
vn 0.34610906 0.93819427 0
vn 0.51368314 0.85797995 -0.00000000
vn 0.55758315 0.83012110 -0.00000000
vn 0.51254404 0.85866094 0.00000000
vn 0.56097066 0.82783568 0.00000000
vn 0.71772265 0.69632906 0
vn 0.74198902 0.67041200 0
vn 0.71731728 0.69674665 0.00000000
vn 0.74318951 0.66908097 0.00000000
vn 0.87320662 0.48735020 0.00000000
vn -0.84345281 -0.47074413 0.25881904
vn -0.84358704 -0.47081903 0.25824475
vn -0.85134035 -0.47514626 0.22238630
vn -0.77955979 -0.43508443 0.45054197
vn -0.85140681 -0.47518337 0.22205235
vn -0.75621909 -0.42205763 0.50000000
vn -0.75681400 -0.42238966 0.49881819
vn -0.66193146 -0.36943424 0.65220016
vn -0.78002602 -0.43534464 0.44948244
vn -0.61745030 -0.34460863 0.70710677
vn -0.61874104 -0.34532899 0.70562553
vn -0.66316015 -0.37011999 0.65056115
vn -0.50537336 -0.28205672 0.81550092
vn -0.50537336 -0.28205672 0.81550092
vn -0.43660331 -0.24367510 0.86602539
vn -0.43660331 -0.24367510 0.86602539
vn -0.31909302 -0.17809078 0.93084013
vn -0.31909302 -0.17809078 0.93084013
vn -0.22600250 -0.12613551 0.96592581
vn -0.22600250 -0.12613551 0.96592581
vn -0.11404607 -0.06365088 0.99143434
vn -0.11404607 -0.06365088 0.99143434
vn 0.00000000 0 1
vn 0.09770821 0.05453247 0.99371994
vn 0.09770821 0.05453247 0.99371994
vn 0.00000000 0 1
vn 0.22600250 0.12613551 0.96592581
vn 0.22600250 0.12613551 0.96592581
vn 0.30371603 0.16950864 0.93756247
vn 0.30371603 0.16950864 0.93756247
vn 0.43660331 0.24367510 0.86602539
vn 0.43660331 0.24367510 0.86602539
vn 0.49186158 0.27451560 0.82626468
vn 0.49186158 0.27451560 0.82626468
vn 0.61745030 0.34460863 0.70710677
vn 0.61852264 0.34520710 0.70587665
vn 0.65107960 0.36337763 0.66637230
vn 0.65212953 0.36396360 0.66502452
vn 0.75621909 0.42205763 0.50000000
vn 0.75666016 0.42230380 0.49912411
vn 0.77200603 0.43086857 0.46728897
vn 0.77236390 0.43106830 0.46651277
vn 0.84345281 0.47074413 0.25881904
vn 0.84352839 0.47078630 0.25849596
vn 0.84752893 0.47301906 0.24072324
vn 0.84756941 0.47304165 0.24053635
vn 0.87320662 0.48735020 0.00000000
vn -0.87320662 -0.48735020 0.00000000
f 1519/3471/3471 1520/3472/3472 1521/3473/3473
f 1519/3471/3471 1522/3474/3474 1520/3472/3472
f 1521/3473/3473 1523/3475/3475 1519/3471/3471
f 1524/3476/3476 1525/3477/3477 1522/3474/3474
f 1524/3476/3476 1526/3478/3478 1525/3477/3477
f 1522/3474/3474 1527/3479/3479 1524/3476/3476
f 1528/3480/3480 1529/3481/3481 1526/3478/3478
f 1526/3478/3478 1530/3482/3482 1528/3480/3480
f 1531/3483/3483 1532/3484/3484 1529/3481/3481
f 1533/3485/3485 1532/3484/3484 1531/3483/3483
f 1531/3483/3483 1534/3486/3486 1533/3485/3485
f 1535/3487/3487 1536/3488/3488 1533/3485/3485
f 1537/3489/3489 1536/3488/3488 1535/3487/3487
f 1535/3487/3487 1538/3490/3490 1537/3489/3489
f 1539/3491/3491 1540/3492/3492 1537/3489/3489
f 1541/3493/3493 1540/3492/3492 1539/3491/3491
f 1541/3493/3493 1542/3494/3494 1543/3495/3495
f 1543/3495/3495 1544/3496/3496 1541/3493/3493
f 1545/3497/3497 1546/3498/3498 1547/3499/3499
f 1547/3499/3499 1548/3500/3500 1545/3497/3497
f 1544/3496/3496 1543/3495/3495 1546/3498/3498
f 1549/3501/3501 1550/3502/3502 1551/3503/3503
f 1549/3501/3501 1547/3499/3499 1550/3502/3502
f 1551/3503/3503 1552/3504/3504 1549/3501/3501
f 1553/3505/3505 1554/3506/3506 1555/3507/3507
f 1555/3507/3507 1556/3508/3508 1553/3505/3505
f 1552/3504/3504 1551/3503/3503 1554/3506/3506
f 1557/3509/3509 1558/3510/3510 1559/3511/3511
f 1557/3509/3509 1555/3507/3507 1558/3510/3510
f 1559/3511/3511 1560/3512/3512 1557/3509/3509
f 1561/3513/3513 1562/3514/3514 1563/3515/3515
f 1561/3513/3513 1559/3511/3511 1562/3514/3514
f 1563/3515/3515 1564/3516/3516 1561/3513/3513
f 1565/3517/3517 1564/3516/3516 1563/3515/3515
f 1561/3513/3513 1560/3512/3512 1559/3511/3511
f 1557/3509/3509 1556/3508/3508 1555/3507/3507
f 1553/3505/3505 1552/3504/3504 1554/3506/3506
f 1549/3501/3501 1548/3500/3500 1547/3499/3499
f 1545/3497/3497 1544/3496/3496 1546/3498/3498
f 1539/3491/3491 1542/3494/3494 1541/3493/3493
f 1538/3490/3490 1539/3491/3491 1537/3489/3489
f 1534/3486/3486 1535/3487/3487 1533/3485/3485
f 1528/3480/3480 1531/3483/3483 1529/3481/3481
f 1524/3476/3476 1530/3482/3482 1526/3478/3478
f 1519/3471/3471 1527/3479/3479 1522/3474/3474
f 1523/3475/3475 1521/3473/3473 1566/3518/3518
f 1523/3519/3519 1567/3520/3520 1568/3521/3521
f 1523/3519/3519 1569/3522/3522 1567/3520/3520
f 1568/3521/3521 1519/3523/3523 1523/3519/3519
f 1527/3524/3524 1570/3525/3525 1571/3526/3526
f 1527/3524/3524 1568/3521/3521 1570/3525/3525
f 1571/3526/3526 1524/3527/3527 1527/3524/3524
f 1530/3528/3528 1572/3529/3529 1573/3530/3530
f 1530/3528/3528 1571/3526/3526 1572/3529/3529
f 1573/3530/3530 1528/3531/3531 1530/3528/3528
f 1531/3532/3532 1574/3533/3533 1575/3534/3534
f 1575/3534/3534 1534/3535/3535 1531/3532/3532
f 1528/3531/3531 1573/3530/3530 1574/3533/3533
f 1535/3536/3536 1576/3537/3537 1577/3538/3538
f 1535/3536/3536 1575/3534/3534 1576/3537/3537
f 1577/3538/3538 1538/3539/3539 1535/3536/3536
f 1539/3540/3540 1578/3541/3541 1579/3542/3542
f 1539/3540/3540 1577/3538/3538 1578/3541/3541
f 1579/3542/3542 1542/3543/3543 1539/3540/3540
f 1580/3544/3544 1543/3545/3545 1542/3543/3543
f 1580/3544/3544 1546/3546/3546 1543/3545/3545
f 1542/3543/3543 1579/3542/3542 1580/3544/3544
f 1581/3547/3547 1547/3548/3548 1546/3546/3546
f 1581/3547/3547 1550/3549/3549 1547/3548/3548
f 1546/3546/3546 1582/3550/3550 1581/3547/3547
f 1583/3551/3551 1551/3552/3552 1550/3549/3549
f 1550/3549/3549 1584/3553/3553 1583/3551/3551
f 1585/3554/3554 1554/3555/3555 1551/3552/3552
f 1586/3556/3556 1555/3557/3557 1554/3555/3555
f 1586/3556/3556 1558/3558/3558 1555/3557/3557
f 1554/3555/3555 1585/3554/3554 1586/3556/3556
f 1587/3559/3559 1559/3560/3560 1558/3558/3558
f 1587/3559/3559 1562/3561/3561 1559/3560/3560
f 1558/3558/3558 1588/3562/3562 1587/3559/3559
f 1589/3563/3563 1563/3564/3564 1562/3561/3561
f 1589/3563/3563 1565/3565/3565 1563/3564/3564
f 1562/3561/3561 1590/3566/3566 1589/3563/3563
f 1591/3567/3567 1592/3568/3568 1561/3569/3569
f 1561/3569/3569 1564/3570/3570 1591/3567/3567
f 1565/3565/3565 1593/3571/3571 1591/3567/3567
f 1594/3572/3572 1595/3573/3573 1557/3574/3574
f 1557/3574/3574 1560/3575/3575 1594/3572/3572
f 1561/3569/3569 1592/3568/3568 1594/3572/3572
f 1596/3576/3576 1597/3577/3577 1553/3578/3578
f 1553/3578/3578 1556/3579/3579 1596/3576/3576
f 1557/3574/3574 1595/3573/3573 1596/3576/3576
f 1598/3580/3580 1599/3581/3581 1549/3582/3582
f 1549/3582/3582 1552/3583/3583 1598/3580/3580
f 1553/3578/3578 1597/3577/3577 1598/3580/3580
f 1600/3584/3584 1601/3585/3585 1545/3586/3586
f 1545/3586/3586 1548/3587/3587 1600/3584/3584
f 1549/3582/3582 1599/3581/3581 1600/3584/3584
f 1602/3588/3588 1603/3589/3589 1541/3590/3590
f 1541/3590/3590 1544/3591/3591 1602/3588/3588
f 1545/3586/3586 1601/3585/3585 1602/3588/3588
f 1540/3592/3592 1541/3590/3590 1603/3589/3589
f 1603/3589/3589 1604/3593/3593 1540/3592/3592
f 1605/3594/3594 1537/3595/3595 1540/3592/3592
f 1536/3596/3596 1537/3595/3595 1605/3594/3594
f 1605/3594/3594 1606/3597/3597 1536/3596/3596
f 1607/3598/3598 1533/3599/3599 1536/3596/3596
f 1532/3600/3600 1533/3599/3599 1607/3598/3598
f 1607/3598/3598 1608/3601/3601 1532/3600/3600
f 1609/3602/3602 1529/3603/3603 1532/3600/3600
f 1526/3604/3604 1529/3603/3603 1609/3602/3602
f 1610/3605/3605 1525/3606/3606 1526/3604/3604
f 1609/3602/3602 1610/3605/3605 1526/3604/3604
f 1522/3607/3607 1525/3606/3606 1611/3608/3608
f 1612/3609/3609 1520/3610/3610 1522/3607/3607
f 1611/3608/3608 1612/3609/3609 1522/3607/3607
f 1521/3611/3611 1520/3610/3610 1613/3612/3612
f 1614/3613/3613 1566/3614/3614 1521/3611/3611
f 1613/3612/3612 1614/3613/3613 1521/3611/3611
f 1614/3613/3613 1569/3522/3522 1566/3614/3614
f 1612/3609/3609 1613/3612/3612 1520/3610/3610
f 1610/3605/3605 1611/3608/3608 1525/3606/3606
f 1608/3601/3601 1609/3602/3602 1532/3600/3600
f 1606/3597/3597 1607/3598/3598 1536/3596/3596
f 1604/3593/3593 1605/3594/3594 1540/3592/3592
f 1544/3591/3591 1545/3586/3586 1602/3588/3588
f 1548/3587/3587 1549/3582/3582 1600/3584/3584
f 1552/3583/3583 1553/3578/3578 1598/3580/3580
f 1556/3579/3579 1557/3574/3574 1596/3576/3576
f 1560/3575/3575 1561/3569/3569 1594/3572/3572
f 1564/3570/3570 1565/3565/3565 1591/3567/3567
f 1589/3563/3563 1593/3571/3571 1565/3565/3565
f 1587/3559/3559 1590/3566/3566 1562/3561/3561
f 1586/3556/3556 1588/3562/3562 1558/3558/3558
f 1583/3551/3551 1585/3554/3554 1551/3552/3552
f 1581/3547/3547 1584/3553/3553 1550/3549/3549
f 1580/3544/3544 1582/3550/3550 1546/3546/3546
f 1539/3540/3540 1538/3539/3539 1577/3538/3538
f 1535/3536/3536 1534/3535/3535 1575/3534/3534
f 1531/3532/3532 1528/3531/3531 1574/3533/3533
f 1530/3528/3528 1524/3527/3527 1571/3526/3526
f 1527/3524/3524 1519/3523/3523 1568/3521/3521
f 1523/3519/3519 1566/3614/3614 1569/3522/3522
f 1613/3615/3615 1568/3616/3616 1567/3617/3617
f 1613/3615/3615 1570/3618/3618 1568/3616/3616
f 1567/3617/3617 1614/3619/3619 1613/3615/3615
f 1611/3620/3620 1571/3621/3621 1570/3618/3618
f 1611/3620/3620 1572/3622/3622 1571/3621/3621
f 1570/3618/3618 1612/3623/3623 1611/3620/3620
f 1609/3624/3624 1573/3625/3625 1572/3622/3622
f 1572/3622/3622 1610/3626/3626 1609/3624/3624
f 1608/3627/3627 1574/3628/3628 1573/3625/3625
f 1575/3629/3629 1574/3628/3628 1608/3627/3627
f 1608/3627/3627 1607/3630/3630 1575/3629/3629
f 1606/3631/3631 1576/3632/3632 1575/3629/3629
f 1577/3633/3633 1576/3632/3632 1606/3631/3631
f 1606/3631/3631 1605/3634/3634 1577/3633/3633
f 1604/3635/3635 1578/3636/3636 1577/3633/3633
f 1603/3637/3637 1602/3638/3638 1580/3639/3639
f 1603/3637/3637 1579/3640/3640 1578/3636/3636
f 1578/3636/3636 1604/3635/3635 1603/3637/3637
f 1582/3641/3641 1601/3642/3642 1600/3643/3643
f 1582/3641/3641 1602/3638/3638 1601/3642/3642
f 1600/3643/3643 1581/3644/3644 1582/3641/3641
f 1584/3645/3645 1599/3646/3646 1598/3647/3647
f 1584/3645/3645 1600/3643/3643 1599/3646/3646
f 1598/3647/3647 1583/3648/3648 1584/3645/3645
f 1585/3649/3649 1597/3650/3650 1596/3651/3651
f 1596/3651/3651 1586/3652/3652 1585/3649/3649
f 1583/3648/3648 1598/3647/3647 1597/3650/3650
f 1588/3653/3653 1595/3654/3654 1594/3655/3655
f 1588/3653/3653 1596/3651/3651 1595/3654/3654
f 1594/3655/3655 1587/3656/3656 1588/3653/3653
f 1590/3657/3657 1592/3658/3658 1591/3659/3659
f 1590/3657/3657 1594/3655/3655 1592/3658/3658
f 1591/3659/3659 1589/3660/3660 1590/3657/3657
f 1593/3661/3661 1589/3660/3660 1591/3659/3659
f 1590/3657/3657 1587/3656/3656 1594/3655/3655
f 1588/3653/3653 1586/3652/3652 1596/3651/3651
f 1585/3649/3649 1583/3648/3648 1597/3650/3650
f 1584/3645/3645 1581/3644/3644 1600/3643/3643
f 1582/3641/3641 1580/3639/3639 1602/3638/3638
f 1580/3639/3639 1579/3640/3640 1603/3637/3637
f 1605/3634/3634 1604/3635/3635 1577/3633/3633
f 1607/3630/3630 1606/3631/3631 1575/3629/3629
f 1609/3624/3624 1608/3627/3627 1573/3625/3625
f 1611/3620/3620 1610/3626/3626 1572/3622/3622
f 1613/3615/3615 1612/3623/3623 1570/3618/3618
f 1614/3619/3619 1567/3617/3617 1569/3662/3662
o Solid.044
usemtl f0f14e33_f81f_480f_8d49_56bbe20ec2c5
v -105.88404083 -36.29443359 34.51654434
v -106.26184082 -35.61705399 34.51570129
v -106.22544098 -35.65592957 34.46401596
v -106.50204468 -35.41636658 34.80801010
v -105.89836884 -36.24172211 34.46353149
v -105.83858490 -36.68336487 34.87831497
v -106.56789398 -35.37457657 34.87659073
v -106.82843018 -35.25090408 35.11155701
v -105.83962250 -36.60167313 34.80648041
v -105.89533997 -37.07081223 35.18897629
v -106.92622375 -35.21929550 35.18681335
v -105.86943817 -36.96497726 35.10918427
v -105.98797607 -37.31445694 35.35658264
v -107.18517303 -35.16939545 35.35658264
v -106.05043030 -37.43036270 35.42735672
v -107.31660461 -35.16170502 35.42735672
v -106.18624878 -37.62201309 35.52851486
v -107.55102539 -35.17668915 35.52851486
v -107.70553589 -35.20716476 35.57720566
v -106.29331207 -37.73752594 35.57720566
v -106.45309448 -37.87240982 35.61711502
v -107.90422058 -35.27235031 35.61711502
v -106.60739899 -37.97135544 35.62831497
v -106.77262878 -38.05074310 35.61711502
v -108.22376251 -35.45068359 35.61711502
v -108.06944275 -35.35173798 35.62831497
v -106.97131348 -38.11592865 35.57720566
v -107.12583160 -38.14640427 35.52851486
v -108.49060059 -35.70108032 35.52851486
v -108.38354492 -35.58557129 35.57720566
v -108.62641144 -35.89273071 35.42735672
v -107.36024475 -38.16138840 35.42735672
v -107.49168396 -38.15369415 35.35658264
v -108.68886566 -36.00863647 35.35658264
v -108.78151703 -36.25228500 35.18897629
v -107.75063324 -38.10379791 35.18681335
v -107.84841919 -38.07218933 35.11155701
v -108.80741119 -36.35811615 35.10918427
v -108.83825684 -36.63972855 34.87831497
v -108.10894775 -37.94851685 34.87659073
v -108.17480469 -37.90673065 34.80801010
v -108.83721924 -36.72141647 34.80648041
v -108.79280853 -37.02865982 34.51654434
v -108.41500854 -37.70603943 34.51570129
v -108.45140076 -37.66716385 34.46401596
v -108.77847290 -37.08137131 34.46353149
v -108.64823151 -37.39257050 34.12831879
v -106.02861786 -35.93052292 34.12831879
v -105.89884186 -36.24011230 73.79473877
v -105.88426208 -36.29356766 73.74094391
v -106.02861786 -35.93052292 74.12831879
v -105.83972931 -36.59904480 73.45249939
v -105.83854675 -36.68132019 73.38008881
v -105.86875916 -36.96165466 73.15001678
v -105.89448547 -37.06778717 73.06987762
v -105.98420715 -37.30661392 72.90505981
v -106.05043030 -37.43036270 72.82927704
v -106.17932129 -37.61363220 72.73205566
v -106.29331207 -37.73752594 72.67942810
v -106.44259644 -37.86466217 72.64116669
v -106.60739899 -37.97135544 72.62831879
v -106.75854492 -38.04492950 72.63773346
v -107.10861969 -38.14383698 72.72197723
v -106.97131348 -38.11592865 72.67942810
v -107.47219086 -38.15557098 72.88892365
v -107.36024475 -38.16138840 72.82927704
v -107.74768829 -38.10463715 73.06765747
v -107.83046722 -38.07854843 73.13078308
v -108.15594482 -37.91919327 73.42855072
v -108.10724640 -37.94953918 73.37831879
v -108.43393707 -37.68616486 73.76750946
v -108.41439819 -37.70666885 73.74008942
v -108.78569031 -37.05577469 73.76723480
v -108.79268646 -37.02914810 73.74057007
v -108.64823151 -37.39257050 74.12831879
v -108.83803558 -36.69578934 73.42738342
v -108.83828735 -36.64124680 73.37963104
v -108.80217743 -36.33379364 73.12876129
v -108.78221893 -36.25479507 73.06950378
v -108.68023682 -35.99106979 72.88892365
v -108.62641144 -35.89273071 72.82927704
v -108.47937775 -35.68778229 72.72197723
v -108.38354492 -35.58557129 72.67942810
v -108.21142578 -35.44176102 72.63773346
v -108.06944275 -35.35173798 72.62831879
v -107.89212036 -35.26748276 72.64116669
v -107.70553589 -35.20716476 72.67942810
v -107.54025269 -35.17518616 72.73205566
v -107.31660461 -35.16170502 72.82927704
v -107.17652130 -35.17031097 72.90505981
v -106.92916107 -35.21846008 73.06765747
v -106.81925964 -35.25425339 73.15247345
v -106.56961060 -35.37355804 73.37831879
v -106.49696350 -35.41979599 73.45409393
v -106.26244354 -35.61642838 73.74008942
v -106.22364044 -35.65792465 73.79524231
vt 0.08827405 0.62787503
vt 0.08809100 0.37240273
vt 0.07692308 0.38942701
vt 0.15384616 0.27612203
vt 0.07681850 0.61041290
vt 0.17061923 0.74703556
vt 0.17020179 0.25353250
vt 0.23076923 0.17614061
vt 0.15348616 0.72337371
vt 0.25296444 0.84936106
vt 0.25232339 0.15135169
vt 0.23011211 0.82307917
vt 0.30769232 0.90456712
vt 0.30769232 0.09543286
vt 0.33530962 0.92787814
vt 0.33530962 0.07212184
vt 0.38461539 0.96119809
vt 0.38461539 0.03880192
vt 0.41765481 0.02276392
vt 0.41765481 0.97723609
vt 0.46153846 0.99038196
vt 0.46153846 0.00961806
vt 0.50000000 0.99407113
vt 0.53846157 0.99038196
vt 0.53846157 0.00961806
vt 0.50000000 0.00592885
vt 0.58234519 0.97723609
vt 0.61538464 0.96119809
vt 0.61538464 0.03880192
vt 0.58234519 0.02276392
vt 0.66469038 0.07212184
vt 0.66469038 0.92787814
vt 0.69230771 0.90456712
vt 0.69230771 0.09543286
vt 0.74703556 0.15063894
vt 0.74767661 0.84864831
vt 0.76923078 0.82385939
vt 0.76988786 0.17692083
vt 0.82938075 0.25296444
vt 0.82979822 0.74646747
vt 0.84615386 0.72387797
vt 0.84651381 0.27662626
vt 0.91172594 0.37212497
vt 0.91190898 0.62759727
vt 0.92307693 0.61057299
vt 0.92318147 0.38958710
vt 0.99407113 0.50000000
vt 0.00592885 0.50000000
vt 0.71412987 0.01420982
vt 0.71430767 0.98583055
vt 0.70842797 0.98450178
vt 0.75000000 0.99407113
vt 0.70833331 0.01551948
vt 0.67533600 0.02268188
vt 0.67561537 0.97737616
vt 0.66688377 0.97558725
vt 0.66666669 0.02445652
vt 0.63656324 0.03015979
vt 0.63692307 0.96990365
vt 0.62533307 0.96792394
vt 0.62500000 0.03213093
vt 0.59730768 0.03627139
vt 0.59823078 0.96385247
vt 0.58333331 0.96198028
vt 0.58333331 0.03801972
vt 0.55838460 0.04051871
vt 0.55953848 0.95957857
vt 0.54166669 0.95827842
vt 0.54166669 0.04172156
vt 0.51946151 0.04270750
vt 0.52084613 0.95733321
vt 0.50000000 0.95701581
vt 0.50000000 0.04298419
vt 0.48215383 0.95724851
vt 0.48053846 0.04270750
vt 0.45833334 0.04172156
vt 0.44346154 0.95932943
vt 0.44161537 0.04051871
vt 0.41666666 0.03801972
vt 0.45833334 0.95827842
vt 0.40476924 0.96345365
vt 0.40269232 0.03627139
vt 0.41666666 0.96198028
vt 0.37500000 0.96786904
vt 0.37467563 0.03207748
vt 0.36578947 0.96942842
vt 0.36376923 0.03021831
vt 0.33312210 0.02441392
vt 0.32724491 0.97678435
vt 0.32484615 0.02271970
vt 0.29157406 0.01549865
vt 0.33333334 0.97554350
vt 0.28866166 0.98515797
vt 0.28592306 0.01422183
vt 0.25000000 0.00592885
vt 0.29166666 0.98448050
vt 0.21130769 0.98515105
vt 0.20838657 0.98449248
vt 0.20833333 0.01551948
vt 0.21412984 0.01420982
vt 0.25000000 0.99407113
vt 0.17261538 0.97675562
vt 0.16682759 0.97557592
vt 0.16666667 0.02445652
vt 0.17533600 0.02268188
vt 0.13392308 0.96937847
vt 0.12527664 0.96791464
vt 0.12500000 0.03213093
vt 0.13656327 0.03015979
vt 0.09523077 0.96345365
vt 0.08333334 0.96198028
vt 0.08333334 0.03801972
vt 0.09730769 0.03627139
vt 0.05653846 0.95932943
vt 0.04166667 0.95827842
vt 0.04166667 0.04172156
vt 0.05838462 0.04051871
vt 0.01784615 0.95724851
vt -0.00000000 0.95701581
vt -0.00000000 0.04298419
vt 0.01946154 0.04270750
vt 0.98053849 0.04270750
vt -0.02084615 0.95733321
vt 0.95833331 0.95827842
vt 0.95833331 0.04172156
vt 0.94161540 0.04051871
vt 0.94046152 0.95957857
vt 0.91666669 0.96198028
vt 0.91666669 0.03801972
vt 0.90269232 0.03627139
vt 0.90176922 0.96385247
vt 0.87500000 0.96786904
vt 0.87467563 0.03207748
vt 0.86376923 0.03021831
vt 0.86273313 0.96996439
vt 0.83312213 0.02441392
vt 0.82484615 0.02271970
vt 0.83333331 0.97554350
vt 0.82419580 0.97741544
vt 0.79157406 0.01549865
vt 0.78592306 0.01422183
vt 0.79166669 0.98448050
vt 0.78563780 0.98584294
vt 0.75000000 0.00592885
vt 0.91119945 0.37212497
vt 0.91138756 0.62759131
vt 0.92307693 0.60987467
vt 0.84615386 0.72259980
vt 0.92318529 0.39029035
vt 0.82836318 0.25296444
vt 0.82879478 0.74645168
vt 0.76923078 0.82223332
vt 0.84652925 0.27792370
vt 0.74552685 0.15063894
vt 0.74618894 0.84862924
vt 0.76991427 0.17857651
vt 0.69230771 0.09708452
vt 0.69230771 0.90291548
vt 0.66269052 0.92787814
vt 0.66269052 0.07212184
vt 0.61538464 0.04009876
vt 0.61538464 0.95990121
vt 0.57985419 0.97723609
vt 0.57985419 0.02276392
vt 0.53846157 0.01016090
vt 0.53846157 0.98983908
vt 0.49701789 0.00592885
vt 0.46153846 0.00903165
vt 0.46153846 0.99096835
vt 0.49701789 0.99407113
vt 0.41418159 0.02276392
vt 0.38461539 0.03677743
vt 0.38461539 0.96322256
vt 0.41418159 0.97723609
vt 0.33134526 0.07212184
vt 0.30769232 0.09176645
vt 0.30769232 0.90823352
vt 0.33134526 0.92787814
vt 0.24850895 0.84936106
vt 0.24795897 0.15124673
vt 0.23076923 0.17076467
vt 0.23019773 0.82856941
vt 0.16567263 0.74703556
vt 0.16535272 0.25339717
vt 0.15384616 0.26912600
vt 0.15356842 0.73049051
vt 0.08283632 0.62787503
vt 0.08273048 0.37228462
vt 0.07692308 0.38106558
vt 0.07686215 0.61884207
vt 0 0.50000000
vt 0.99403578 0.50000000
vn -0.84345281 -0.47074413 -0.25881904
vn -0.84358418 -0.47081745 -0.25825688
vn -0.85105789 -0.47498864 -0.22379972
vn -0.77841562 -0.43444586 -0.45312899
vn -0.85112280 -0.47502485 -0.22347568
vn -0.75621909 -0.42205763 -0.50000000
vn -0.75679791 -0.42238066 -0.49885020
vn -0.65944791 -0.36804813 -0.65549141
vn -0.77886796 -0.43469831 -0.45210844
vn -0.61745030 -0.34460863 -0.70710677
vn -0.61870742 -0.34531024 -0.70566416
vn -0.66064227 -0.36871472 -0.65391225
vn -0.50123477 -0.27974692 -0.81884390
vn -0.50123477 -0.27974692 -0.81884390
vn -0.43660331 -0.24367510 -0.86602539
vn -0.43660331 -0.24367510 -0.86602539
vn -0.31319192 -0.17479728 -0.93346488
vn -0.31319192 -0.17479728 -0.93346488
vn -0.22600250 -0.12613551 -0.96592581
vn -0.22600250 -0.12613551 -0.96592581
vn -0.10651021 -0.05944500 -0.99253303
vn -0.10651021 -0.05944500 -0.99253303
vn 0.00000000 0.00000000 -1
vn 0.10651021 0.05944500 -0.99253303
vn 0.10651021 0.05944500 -0.99253303
vn 0.00000000 0.00000000 -1
vn 0.22600250 0.12613551 -0.96592581
vn 0.31319192 0.17479728 -0.93346488
vn 0.31319192 0.17479728 -0.93346488
vn 0.22600250 0.12613551 -0.96592581
vn 0.43660331 0.24367510 -0.86602539
vn 0.43660331 0.24367510 -0.86602539
vn 0.50123477 0.27974692 -0.81884390
vn 0.50123477 0.27974692 -0.81884390
vn 0.61745030 0.34460863 -0.70710677
vn 0.61870742 0.34531024 -0.70566416
vn 0.65944791 0.36804813 -0.65549141
vn 0.66064227 0.36871472 -0.65391225
vn 0.75621909 0.42205763 -0.50000000
vn 0.75679791 0.42238066 -0.49885020
vn 0.77841562 0.43444586 -0.45312899
vn 0.77886796 0.43469831 -0.45210844
vn 0.84345281 0.47074413 -0.25881904
vn 0.84358418 0.47081745 -0.25825688
vn 0.85105789 0.47498864 -0.22379972
vn 0.85112280 0.47502485 -0.22347568
vn 0.87320662 0.48735020 0.00000000
vn -0.87320662 -0.48735020 -0.00000000
vn 0.96003371 0.27988443 0.00000000
vn 0.95972031 0.28095707 0.00000000
vn 0.96944267 0.24531800 0.00000000
vn 0.87320662 0.48735020 0.00000000
vn 0.96958834 0.24474163 0.00000000
vn 0.99920309 0.03991425 0.00000000
vn 0.99913150 0.04166821 0.00000000
vn 0.99991310 -0.01318168 0.00000000
vn 0.99989420 -0.01454567 0.00000000
vn 0.97932655 -0.20228578 0.00000000
vn 0.97978133 -0.20007128 0.00000000
vn 0.96262777 -0.27082792 0.00000000
vn 0.96205896 -0.27284169 0.00000000
vn 0.90029854 -0.43527299 0.00000000
vn 0.90280789 -0.43004408 0.00000000
vn 0.85866094 -0.51254404 0.00000000
vn 0.85866094 -0.51254404 0.00000000
vn 0.76811624 -0.64031047 0.00000000
vn 0.77273816 -0.63472497 0.00000000
vn 0.69674665 -0.71731728 0.00000000
vn 0.69674665 -0.71731728 0.00000000
vn 0.59022141 -0.80724144 0.00000000
vn 0.59722179 -0.80207616 0.00000000
vn 0.48735020 -0.87320662 0.00000000
vn 0.48735020 -0.87320662 0.00000000
vn 0.38658139 -0.92225528 0.00000000
vn 0.37720096 -0.92613143 0.00000000
vn 0.24474163 -0.96958834 0.00000000
vn 0.15320522 -0.98819441 0.00000000
vn 0.14173238 -0.98990500 0.00000000
vn -0.01454567 -0.99989420 0.00000000
vn 0.24474163 -0.96958834 0.00000000
vn -0.08918133 -0.99601543 0.00000000
vn -0.10217106 -0.99476683 0.00000000
vn -0.01454567 -0.99989420 0.00000000
vn -0.27284169 -0.96205896 0.00000000
vn -0.27480188 -0.96150088 0.00000000
vn -0.32802969 -0.94466740 0.00000000
vn -0.33999404 -0.94042760 0.00000000
vn -0.51368314 -0.85797995 0.00000000
vn -0.54500878 -0.83843035 0.00000000
vn -0.55758315 -0.83012110 0.00000000
vn -0.71772265 -0.69632906 0.00000000
vn -0.51254404 -0.85866094 0.00000000
vn -0.73034394 -0.68307960 0.00000000
vn -0.74198902 -0.67041200 0.00000000
vn -0.87320662 -0.48735020 0.00000000
vn -0.71731728 -0.69674665 0.00000000
vn -0.96484542 -0.26281795 0.00000000
vn -0.96950644 -0.24506593 0.00000000
vn -0.96958834 -0.24474163 0
vn -0.96003371 -0.27988443 0
vn -0.87320662 -0.48735020 0.00000000
vn -0.99973941 -0.02282874 0.00000000
vn -0.99990839 0.01353468 0.00000000
vn -0.99989420 0.01454567 -0.00000000
vn -0.99920309 -0.03991425 -0.00000000
vn -0.97583628 0.21850309 0.00000000
vn -0.96253175 0.27116907 0.00000000
vn -0.96205896 0.27284169 -0.00000000
vn -0.97932655 0.20228578 -0.00000000
vn -0.89454186 0.44698420 0
vn -0.85866094 0.51254404 0
vn -0.85866094 0.51254404 0
vn -0.90029854 0.43527299 -0.00000000
vn -0.76063728 0.64917713 0
vn -0.69674665 0.71731728 0
vn -0.69674665 0.71731728 0
vn -0.76811624 0.64031047 -0.00000000
vn -0.58199781 0.81319034 0
vn -0.48735020 0.87320662 0
vn -0.48735020 0.87320662 0
vn -0.59022141 0.80724144 -0.00000000
vn -0.37720096 0.92613143 -0.00000000
vn -0.36912963 0.92937791 0
vn -0.24474163 0.96958834 0
vn -0.24474163 0.96958834 0
vn -0.14173238 0.98990500 -0.00000000
vn -0.13455208 0.99090654 0
vn 0.01454567 0.99989420 0
vn 0.01454567 0.99989420 0
vn 0.10217106 0.99476683 -0.00000000
vn 0.10793883 0.99415755 0
vn 0.27284169 0.96205896 0
vn 0.27480188 0.96150088 -0.00000000
vn 0.33999404 0.94042760 -0.00000000
vn 0.34610906 0.93819427 0
vn 0.51368314 0.85797995 -0.00000000
vn 0.55758315 0.83012110 -0.00000000
vn 0.51254404 0.85866094 0.00000000
vn 0.56097066 0.82783568 0.00000000
vn 0.71772265 0.69632906 0
vn 0.74198902 0.67041200 0
vn 0.71731728 0.69674665 0.00000000
vn 0.74318951 0.66908097 0.00000000
vn 0.87320662 0.48735020 0.00000000
vn -0.84345281 -0.47074413 0.25881904
vn -0.84358704 -0.47081903 0.25824475
vn -0.85134035 -0.47514626 0.22238630
vn -0.77955979 -0.43508443 0.45054197
vn -0.85140681 -0.47518337 0.22205235
vn -0.75621909 -0.42205763 0.50000000
vn -0.75681400 -0.42238966 0.49881819
vn -0.66193146 -0.36943424 0.65220016
vn -0.78002602 -0.43534464 0.44948244
vn -0.61745030 -0.34460863 0.70710677
vn -0.61874104 -0.34532899 0.70562553
vn -0.66316015 -0.37011999 0.65056115
vn -0.50537336 -0.28205672 0.81550092
vn -0.50537336 -0.28205672 0.81550092
vn -0.43660331 -0.24367510 0.86602539
vn -0.43660331 -0.24367510 0.86602539
vn -0.31909302 -0.17809078 0.93084013
vn -0.31909302 -0.17809078 0.93084013
vn -0.22600250 -0.12613551 0.96592581
vn -0.22600250 -0.12613551 0.96592581
vn -0.11404607 -0.06365088 0.99143434
vn -0.11404607 -0.06365088 0.99143434
vn 0 0 1
vn 0.09770821 0.05453247 0.99371994
vn 0.09770821 0.05453247 0.99371994
vn 0 0 1
vn 0.22600250 0.12613551 0.96592581
vn 0.30371603 0.16950864 0.93756247
vn 0.30371603 0.16950864 0.93756247
vn 0.22600250 0.12613551 0.96592581
vn 0.43660331 0.24367510 0.86602539
vn 0.49186158 0.27451560 0.82626468
vn 0.49186158 0.27451560 0.82626468
vn 0.43660331 0.24367510 0.86602539
vn 0.61745030 0.34460863 0.70710677
vn 0.61852264 0.34520710 0.70587665
vn 0.65107960 0.36337763 0.66637230
vn 0.65212953 0.36396360 0.66502452
vn 0.75621909 0.42205763 0.50000000
vn 0.75666016 0.42230380 0.49912411
vn 0.77200603 0.43086857 0.46728897
vn 0.77236390 0.43106830 0.46651277
vn 0.84345281 0.47074413 0.25881904
vn 0.84352839 0.47078630 0.25849596
vn 0.84752893 0.47301906 0.24072324
vn 0.84756941 0.47304165 0.24053635
vn 0.87320662 0.48735020 0.00000000
vn -0.87320662 -0.48735020 0.00000000
f 1615/3663/3663 1616/3664/3664 1617/3665/3665
f 1615/3663/3663 1618/3666/3666 1616/3664/3664
f 1617/3665/3665 1619/3667/3667 1615/3663/3663
f 1620/3668/3668 1621/3669/3669 1618/3666/3666
f 1620/3668/3668 1622/3670/3670 1621/3669/3669
f 1618/3666/3666 1623/3671/3671 1620/3668/3668
f 1624/3672/3672 1625/3673/3673 1622/3670/3670
f 1622/3670/3670 1626/3674/3674 1624/3672/3672
f 1627/3675/3675 1628/3676/3676 1625/3673/3673
f 1629/3677/3677 1630/3678/3678 1628/3676/3676
f 1628/3676/3676 1627/3675/3675 1629/3677/3677
f 1631/3679/3679 1632/3680/3680 1630/3678/3678
f 1633/3681/3681 1632/3680/3680 1631/3679/3679
f 1631/3679/3679 1634/3682/3682 1633/3681/3681
f 1635/3683/3683 1636/3684/3684 1633/3681/3681
f 1637/3685/3685 1638/3686/3686 1639/3687/3687
f 1637/3685/3685 1640/3688/3688 1636/3684/3684
f 1636/3684/3684 1635/3683/3683 1637/3685/3685
f 1641/3689/3689 1642/3690/3690 1643/3691/3691
f 1643/3691/3691 1644/3692/3692 1641/3689/3689
f 1639/3687/3687 1638/3686/3686 1641/3689/3689
f 1645/3693/3693 1646/3694/3694 1647/3695/3695
f 1645/3693/3693 1642/3690/3690 1646/3694/3694
f 1647/3695/3695 1648/3696/3696 1645/3693/3693
f 1649/3697/3697 1650/3698/3698 1651/3699/3699
f 1651/3699/3699 1652/3700/3700 1649/3697/3697
f 1648/3696/3696 1647/3695/3695 1650/3698/3698
f 1653/3701/3701 1654/3702/3702 1655/3703/3703
f 1653/3701/3701 1651/3699/3699 1654/3702/3702
f 1655/3703/3703 1656/3704/3704 1653/3701/3701
f 1657/3705/3705 1658/3706/3706 1659/3707/3707
f 1657/3705/3705 1655/3703/3703 1658/3706/3706
f 1659/3707/3707 1660/3708/3708 1657/3705/3705
f 1661/3709/3709 1660/3708/3708 1659/3707/3707
f 1657/3705/3705 1656/3704/3704 1655/3703/3703
f 1653/3701/3701 1652/3700/3700 1651/3699/3699
f 1649/3697/3697 1648/3696/3696 1650/3698/3698
f 1645/3693/3693 1643/3691/3691 1642/3690/3690
f 1644/3692/3692 1639/3687/3687 1641/3689/3689
f 1639/3687/3687 1640/3688/3688 1637/3685/3685
f 1634/3682/3682 1635/3683/3683 1633/3681/3681
f 1629/3677/3677 1631/3679/3679 1630/3678/3678
f 1624/3672/3672 1627/3675/3675 1625/3673/3673
f 1620/3668/3668 1626/3674/3674 1622/3670/3670
f 1615/3663/3663 1623/3671/3671 1618/3666/3666
f 1619/3667/3667 1617/3665/3665 1662/3710/3710
f 1619/3711/3711 1663/3712/3712 1664/3713/3713
f 1619/3711/3711 1665/3714/3714 1663/3712/3712
f 1664/3713/3713 1615/3715/3715 1619/3711/3711
f 1623/3716/3716 1666/3717/3717 1667/3718/3718
f 1623/3716/3716 1664/3713/3713 1666/3717/3717
f 1667/3718/3718 1620/3719/3719 1623/3716/3716
f 1626/3720/3720 1668/3721/3721 1669/3722/3722
f 1626/3720/3720 1667/3718/3718 1668/3721/3721
f 1669/3722/3722 1624/3723/3723 1626/3720/3720
f 1627/3724/3724 1670/3725/3725 1671/3726/3726
f 1671/3726/3726 1629/3727/3727 1627/3724/3724
f 1624/3723/3723 1669/3722/3722 1670/3725/3725
f 1631/3728/3728 1672/3729/3729 1673/3730/3730
f 1631/3728/3728 1671/3726/3726 1672/3729/3729
f 1673/3730/3730 1634/3731/3731 1631/3728/3728
f 1635/3732/3732 1674/3733/3733 1675/3734/3734
f 1635/3732/3732 1673/3730/3730 1674/3733/3733
f 1675/3734/3734 1637/3735/3735 1635/3732/3732
f 1676/3736/3736 1638/3737/3737 1637/3735/3735
f 1676/3736/3736 1641/3738/3738 1638/3737/3737
f 1637/3735/3735 1675/3734/3734 1676/3736/3736
f 1677/3739/3739 1642/3740/3740 1641/3738/3738
f 1677/3739/3739 1646/3741/3741 1642/3740/3740
f 1641/3738/3738 1678/3742/3742 1677/3739/3739
f 1679/3743/3743 1647/3744/3744 1646/3741/3741
f 1646/3741/3741 1680/3745/3745 1679/3743/3743
f 1681/3746/3746 1650/3747/3747 1647/3744/3744
f 1682/3748/3748 1651/3749/3749 1650/3747/3747
f 1682/3748/3748 1654/3750/3750 1651/3749/3749
f 1650/3747/3747 1681/3746/3746 1682/3748/3748
f 1683/3751/3751 1655/3752/3752 1654/3750/3750
f 1683/3751/3751 1658/3753/3753 1655/3752/3752
f 1654/3750/3750 1684/3754/3754 1683/3751/3751
f 1685/3755/3755 1659/3756/3756 1658/3753/3753
f 1685/3755/3755 1661/3757/3757 1659/3756/3756
f 1658/3753/3753 1686/3758/3758 1685/3755/3755
f 1687/3759/3759 1688/3760/3760 1657/3761/3761
f 1657/3761/3761 1660/3762/3762 1687/3759/3759
f 1661/3757/3757 1689/3763/3763 1687/3759/3759
f 1690/3764/3764 1691/3765/3765 1653/3766/3766
f 1653/3766/3766 1656/3767/3767 1690/3764/3764
f 1657/3761/3761 1688/3760/3760 1690/3764/3764
f 1692/3768/3768 1693/3769/3769 1649/3770/3770
f 1649/3770/3770 1652/3771/3771 1692/3768/3768
f 1653/3766/3766 1691/3765/3765 1692/3768/3768
f 1694/3772/3772 1695/3773/3773 1645/3774/3774
f 1645/3774/3774 1648/3775/3775 1694/3772/3772
f 1649/3770/3770 1693/3769/3769 1694/3772/3772
f 1696/3776/3776 1697/3777/3777 1644/3778/3778
f 1644/3778/3778 1643/3779/3779 1696/3776/3776
f 1645/3774/3774 1695/3773/3773 1696/3776/3776
f 1698/3780/3780 1699/3781/3781 1640/3782/3782
f 1640/3782/3782 1639/3783/3783 1698/3780/3780
f 1644/3778/3778 1697/3777/3777 1698/3780/3780
f 1636/3784/3784 1640/3782/3782 1699/3781/3781
f 1699/3781/3781 1700/3785/3785 1636/3784/3784
f 1701/3786/3786 1633/3787/3787 1636/3784/3784
f 1632/3788/3788 1633/3787/3787 1701/3786/3786
f 1701/3786/3786 1702/3789/3789 1632/3788/3788
f 1703/3790/3790 1630/3791/3791 1632/3788/3788
f 1628/3792/3792 1630/3791/3791 1703/3790/3790
f 1703/3790/3790 1704/3793/3793 1628/3792/3792
f 1705/3794/3794 1625/3795/3795 1628/3792/3792
f 1622/3796/3796 1625/3795/3795 1705/3794/3794
f 1706/3797/3797 1621/3798/3798 1622/3796/3796
f 1705/3794/3794 1706/3797/3797 1622/3796/3796
f 1618/3799/3799 1621/3798/3798 1707/3800/3800
f 1708/3801/3801 1616/3802/3802 1618/3799/3799
f 1707/3800/3800 1708/3801/3801 1618/3799/3799
f 1617/3803/3803 1616/3802/3802 1709/3804/3804
f 1710/3805/3805 1662/3806/3806 1617/3803/3803
f 1709/3804/3804 1710/3805/3805 1617/3803/3803
f 1710/3805/3805 1665/3714/3714 1662/3806/3806
f 1708/3801/3801 1709/3804/3804 1616/3802/3802
f 1706/3797/3797 1707/3800/3800 1621/3798/3798
f 1704/3793/3793 1705/3794/3794 1628/3792/3792
f 1702/3789/3789 1703/3790/3790 1632/3788/3788
f 1700/3785/3785 1701/3786/3786 1636/3784/3784
f 1639/3783/3783 1644/3778/3778 1698/3780/3780
f 1643/3779/3779 1645/3774/3774 1696/3776/3776
f 1648/3775/3775 1649/3770/3770 1694/3772/3772
f 1652/3771/3771 1653/3766/3766 1692/3768/3768
f 1656/3767/3767 1657/3761/3761 1690/3764/3764
f 1660/3762/3762 1661/3757/3757 1687/3759/3759
f 1685/3755/3755 1689/3763/3763 1661/3757/3757
f 1683/3751/3751 1686/3758/3758 1658/3753/3753
f 1682/3748/3748 1684/3754/3754 1654/3750/3750
f 1679/3743/3743 1681/3746/3746 1647/3744/3744
f 1677/3739/3739 1680/3745/3745 1646/3741/3741
f 1676/3736/3736 1678/3742/3742 1641/3738/3738
f 1635/3732/3732 1634/3731/3731 1673/3730/3730
f 1631/3728/3728 1629/3727/3727 1671/3726/3726
f 1627/3724/3724 1624/3723/3723 1670/3725/3725
f 1626/3720/3720 1620/3719/3719 1667/3718/3718
f 1623/3716/3716 1615/3715/3715 1664/3713/3713
f 1619/3711/3711 1662/3806/3806 1665/3714/3714
f 1709/3807/3807 1664/3808/3808 1663/3809/3809
f 1709/3807/3807 1666/3810/3810 1664/3808/3808
f 1663/3809/3809 1710/3811/3811 1709/3807/3807
f 1707/3812/3812 1667/3813/3813 1666/3810/3810
f 1707/3812/3812 1668/3814/3814 1667/3813/3813
f 1666/3810/3810 1708/3815/3815 1707/3812/3812
f 1705/3816/3816 1669/3817/3817 1668/3814/3814
f 1668/3814/3814 1706/3818/3818 1705/3816/3816
f 1704/3819/3819 1670/3820/3820 1669/3817/3817
f 1671/3821/3821 1670/3820/3820 1704/3819/3819
f 1704/3819/3819 1703/3822/3822 1671/3821/3821
f 1702/3823/3823 1672/3824/3824 1671/3821/3821
f 1673/3825/3825 1672/3824/3824 1702/3823/3823
f 1702/3823/3823 1701/3826/3826 1673/3825/3825
f 1700/3827/3827 1674/3828/3828 1673/3825/3825
f 1699/3829/3829 1698/3830/3830 1676/3831/3831
f 1699/3829/3829 1675/3832/3832 1674/3828/3828
f 1674/3828/3828 1700/3827/3827 1699/3829/3829
f 1697/3833/3833 1696/3834/3834 1677/3835/3835
f 1677/3835/3835 1678/3836/3836 1697/3833/3833
f 1676/3831/3831 1698/3830/3830 1697/3833/3833
f 1695/3837/3837 1694/3838/3838 1679/3839/3839
f 1679/3839/3839 1680/3840/3840 1695/3837/3837
f 1677/3835/3835 1696/3834/3834 1695/3837/3837
f 1681/3841/3841 1693/3842/3842 1692/3843/3843
f 1692/3843/3843 1682/3844/3844 1681/3841/3841
f 1679/3839/3839 1694/3838/3838 1693/3842/3842
f 1684/3845/3845 1691/3846/3846 1690/3847/3847
f 1684/3845/3845 1692/3843/3843 1691/3846/3846
f 1690/3847/3847 1683/3848/3848 1684/3845/3845
f 1686/3849/3849 1688/3850/3850 1687/3851/3851
f 1686/3849/3849 1690/3847/3847 1688/3850/3850
f 1687/3851/3851 1685/3852/3852 1686/3849/3849
f 1689/3853/3853 1685/3852/3852 1687/3851/3851
f 1686/3849/3849 1683/3848/3848 1690/3847/3847
f 1684/3845/3845 1682/3844/3844 1692/3843/3843
f 1681/3841/3841 1679/3839/3839 1693/3842/3842
f 1680/3840/3840 1677/3835/3835 1695/3837/3837
f 1678/3836/3836 1676/3831/3831 1697/3833/3833
f 1676/3831/3831 1675/3832/3832 1699/3829/3829
f 1701/3826/3826 1700/3827/3827 1673/3825/3825
f 1703/3822/3822 1702/3823/3823 1671/3821/3821
f 1705/3816/3816 1704/3819/3819 1669/3817/3817
f 1707/3812/3812 1706/3818/3818 1668/3814/3814
f 1709/3807/3807 1708/3815/3815 1666/3810/3810
f 1710/3811/3811 1663/3809/3809 1665/3854/3854
o Solid.045
usemtl f0f14e33_f81f_480f_8d49_56bbe20ec2c5
v -120.50454712 -10.09823608 34.51654434
v -120.88234711 -9.42085552 34.51570129
v -120.84594727 -9.45973110 34.46401596
v -121.12255096 -9.22016716 34.80801010
v -120.51887512 -10.04552269 34.46353149
v -120.45909119 -10.48716736 34.87831497
v -121.18840027 -9.17837906 34.87659073
v -121.44893646 -9.05470753 35.11155701
v -120.46012878 -10.40547752 34.80648041
v -120.51583862 -10.87461090 35.18897629
v -121.54672241 -9.02309704 35.18681335
v -120.48994446 -10.76877689 35.10918427
v -120.60848236 -11.11825848 35.35658264
v -121.80566406 -8.97319794 35.35658264
v -121.93711090 -8.96550751 35.42735672
v -120.67093658 -11.23416519 35.42735672
v -120.80675507 -11.42581463 35.52851486
v -122.17153168 -8.98049068 35.52851486
v -120.91381836 -11.54132462 35.57720566
v -122.32604218 -9.01096630 35.57720566
v -122.52472687 -9.07615185 35.61711502
v -122.68994904 -9.15553856 35.62831497
v -121.07359314 -11.67621136 35.61711502
v -121.22790527 -11.77515888 35.62831497
v -121.39313507 -11.85454559 35.61711502
v -122.84426880 -9.25448704 35.61711502
v -123.00405884 -9.38937283 35.57720566
v -121.59181976 -11.91973209 35.57720566
v -121.74632263 -11.95020580 35.52851486
v -123.11110687 -9.50488281 35.52851486
v -121.98075104 -11.96518993 35.42735672
v -122.11219025 -11.95749950 35.35658264
v -123.30937195 -9.81243896 35.35658264
v -123.24691772 -9.69653320 35.42735672
v -123.40202332 -10.05608559 35.18897629
v -122.37113953 -11.90759945 35.18681335
v -122.46892548 -11.87598991 35.11155701
v -123.42791748 -10.16191959 35.10918427
v -123.45877075 -10.44353008 34.87831497
v -122.72945404 -11.75231838 34.87659073
v -122.79531097 -11.71053028 34.80801010
v -123.45773315 -10.52521992 34.80648041
v -123.41331482 -10.83246136 34.51654434
v -123.03551483 -11.50984287 34.51570129
v -123.07190704 -11.47096634 34.46401596
v -123.39898682 -10.88517570 34.46353149
v -123.26873779 -11.19637394 34.12831879
v -120.64912415 -9.73432350 34.12831879
v -120.51934814 -10.04391289 73.79473877
v -120.50476074 -10.09737206 73.74094391
v -120.64912415 -9.73432350 74.12831879
v -120.46023560 -10.40284634 73.45249939
v -120.45905304 -10.48512173 73.38008881
v -120.48925018 -10.76545525 73.15001678
v -120.51499176 -10.87159061 73.06987762
v -120.60472107 -11.11041451 72.90505981
v -120.67093658 -11.23416519 72.82927704
v -120.79982758 -11.41743660 72.73205566
v -120.91381836 -11.54132462 72.67942810
v -121.06310272 -11.66846275 72.64116669
v -121.22790527 -11.77515888 72.62831879
v -121.37905121 -11.84873199 72.63773346
v -121.72912598 -11.94764042 72.72197723
v -121.59181976 -11.91973209 72.67942810
v -122.09269714 -11.95937157 72.88892365
v -121.98075104 -11.96518993 72.82927704
v -122.36819458 -11.90843773 73.06765747
v -122.45097351 -11.88234997 73.13078308
v -122.77645111 -11.72299480 73.42855072
v -122.72773743 -11.75333977 73.37831879
v -123.05444336 -11.48996830 73.76750946
v -123.03490448 -11.51046944 73.74008942
v -123.40619659 -10.85957623 73.76723480
v -123.41319275 -10.83294773 73.74057007
v -123.26873779 -11.19637394 74.12831879
v -123.45854187 -10.49959183 73.42738342
v -123.45879364 -10.44504642 73.37963104
v -123.42268372 -10.13759422 73.12876129
v -123.40272522 -10.05859566 73.06950378
v -123.30074310 -9.79487228 72.88892365
v -123.24691772 -9.69653320 72.82927704
v -123.09988403 -9.49158287 72.72197723
v -123.00405884 -9.38937283 72.67942810
v -122.83193207 -9.24556351 72.63773346
v -122.68994904 -9.15553856 72.62831879
v -122.51262665 -9.07128143 72.64116669
v -122.32604218 -9.01096630 72.67942810
v -122.16075897 -8.97898865 72.73205566
v -121.93711090 -8.96550751 72.82927704
v -121.79702759 -8.97411251 72.90505981
v -121.54966736 -9.02226067 73.06765747
v -121.43976593 -9.05805779 73.15247345
v -121.19011688 -9.17735767 73.37831879
v -121.11746979 -9.22359562 73.45409393
v -120.88294983 -9.42022896 73.74008942
v -120.84414673 -9.46172810 73.79524231
vt 0.08827405 0.62787503
vt 0.08809100 0.37240273
vt 0.07692308 0.38942701
vt 0.15384616 0.27612203
vt 0.07681850 0.61041290
vt 0.17061923 0.74703556
vt 0.17020179 0.25353250
vt 0.23076923 0.17614061
vt 0.15348616 0.72337371
vt 0.25296444 0.84936106
vt 0.25232339 0.15135169
vt 0.23011211 0.82307917
vt 0.30769232 0.90456712
vt 0.30769232 0.09543286
vt 0.33530962 0.07212184
vt 0.33530962 0.92787814
vt 0.38461539 0.96119809
vt 0.38461539 0.03880192
vt 0.41765481 0.97723609
vt 0.41765481 0.02276392
vt 0.46153846 0.00961806
vt 0.50000000 0.00592885
vt 0.46153846 0.99038196
vt 0.50000000 0.99407113
vt 0.53846157 0.99038196
vt 0.53846157 0.00961806
vt 0.58234519 0.02276392
vt 0.58234519 0.97723609
vt 0.61538464 0.96119809
vt 0.61538464 0.03880192
vt 0.66469038 0.92787814
vt 0.69230771 0.90456712
vt 0.69230771 0.09543286
vt 0.66469038 0.07212184
vt 0.74703556 0.15063894
vt 0.74767661 0.84864831
vt 0.76923078 0.82385939
vt 0.76988786 0.17692083
vt 0.82938075 0.25296444
vt 0.82979822 0.74646747
vt 0.84615386 0.72387797
vt 0.84651381 0.27662626
vt 0.91172594 0.37212497
vt 0.91190898 0.62759727
vt 0.92307693 0.61057299
vt 0.92318147 0.38958710
vt 0.99407113 0.50000000
vt 0.00592885 0.50000000
vt 0.71412987 0.01420982
vt 0.71430767 0.98583055
vt 0.70842797 0.98450178
vt 0.75000000 0.99407113
vt 0.70833331 0.01551948
vt 0.67533600 0.02268188
vt 0.67561537 0.97737616
vt 0.66688377 0.97558725
vt 0.66666669 0.02445652
vt 0.63656324 0.03015979
vt 0.63692307 0.96990365
vt 0.62533307 0.96792394
vt 0.62500000 0.03213093
vt 0.59730768 0.03627139
vt 0.59823078 0.96385247
vt 0.58333331 0.96198028
vt 0.58333331 0.03801972
vt 0.55838460 0.04051871
vt 0.55953848 0.95957857
vt 0.54166669 0.95827842
vt 0.54166669 0.04172156
vt 0.51946151 0.04270750
vt 0.52084613 0.95733321
vt 0.50000000 0.95701581
vt 0.50000000 0.04298419
vt 0.48215383 0.95724851
vt 0.48053846 0.04270750
vt 0.45833334 0.04172156
vt 0.44346154 0.95932943
vt 0.44161537 0.04051871
vt 0.41666666 0.03801972
vt 0.45833334 0.95827842
vt 0.40476924 0.96345365
vt 0.40269232 0.03627139
vt 0.41666666 0.96198028
vt 0.37500000 0.96786904
vt 0.37467563 0.03207748
vt 0.36578947 0.96942842
vt 0.36376923 0.03021831
vt 0.33312210 0.02441392
vt 0.32724491 0.97678435
vt 0.32484615 0.02271970
vt 0.29157406 0.01549865
vt 0.33333334 0.97554350
vt 0.28866166 0.98515797
vt 0.28592306 0.01422183
vt 0.25000000 0.00592885
vt 0.29166666 0.98448050
vt 0.21130769 0.98515105
vt 0.20838657 0.98449248
vt 0.20833333 0.01551948
vt 0.21412984 0.01420982
vt 0.25000000 0.99407113
vt 0.17261538 0.97675562
vt 0.16682759 0.97557592
vt 0.16666667 0.02445652
vt 0.17533600 0.02268188
vt 0.13392308 0.96937847
vt 0.12527664 0.96791464
vt 0.12500000 0.03213093
vt 0.13656327 0.03015979
vt 0.09523077 0.96345365
vt 0.08333334 0.96198028
vt 0.08333334 0.03801972
vt 0.09730769 0.03627139
vt 0.05653846 0.95932943
vt 0.04166667 0.95827842
vt 0.04166667 0.04172156
vt 0.05838462 0.04051871
vt 0.01784615 0.95724851
vt -0.00000000 0.95701581
vt -0.00000000 0.04298419
vt 0.01946154 0.04270750
vt 0.98053849 0.04270750
vt -0.02084615 0.95733321
vt 0.95833331 0.95827842
vt 0.95833331 0.04172156
vt 0.94161540 0.04051871
vt 0.94046152 0.95957857
vt 0.91666669 0.96198028
vt 0.91666669 0.03801972
vt 0.90269232 0.03627139
vt 0.90176922 0.96385247
vt 0.87500000 0.96786904
vt 0.87467563 0.03207748
vt 0.86376923 0.03021831
vt 0.86273313 0.96996439
vt 0.83312213 0.02441392
vt 0.82484615 0.02271970
vt 0.83333331 0.97554350
vt 0.82419580 0.97741544
vt 0.79157406 0.01549865
vt 0.78592306 0.01422183
vt 0.79166669 0.98448050
vt 0.78563780 0.98584294
vt 0.75000000 0.00592885
vt 0.91119945 0.37212497
vt 0.91138756 0.62759131
vt 0.92307693 0.60987467
vt 0.84615386 0.72259980
vt 0.92318529 0.39029035
vt 0.82836318 0.25296444
vt 0.82879478 0.74645168
vt 0.76923078 0.82223332
vt 0.84652925 0.27792370
vt 0.74552685 0.15063894
vt 0.74618894 0.84862924
vt 0.76991427 0.17857651
vt 0.69230771 0.09708452
vt 0.69230771 0.90291548
vt 0.66269052 0.07212184
vt 0.66269052 0.92787814
vt 0.61538464 0.95990121
vt 0.57985419 0.97723609
vt 0.61538464 0.04009876
vt 0.57985419 0.02276392
vt 0.53846157 0.01016090
vt 0.53846157 0.98983908
vt 0.49701789 0.00592885
vt 0.46153846 0.00903165
vt 0.46153846 0.99096835
vt 0.49701789 0.99407113
vt 0.41418159 0.02276392
vt 0.38461539 0.03677743
vt 0.38461539 0.96322256
vt 0.41418159 0.97723609
vt 0.33134526 0.92787814
vt 0.33134526 0.07212184
vt 0.30769232 0.09176645
vt 0.30769232 0.90823352
vt 0.24850895 0.84936106
vt 0.24795897 0.15124673
vt 0.23076923 0.17076467
vt 0.23019773 0.82856941
vt 0.16567263 0.74703556
vt 0.16535272 0.25339717
vt 0.15384616 0.26912600
vt 0.15356842 0.73049051
vt 0.08283632 0.62787503
vt 0.08273048 0.37228462
vt 0.07692308 0.38106558
vt 0.07686215 0.61884207
vt 0 0.50000000
vt 0.99403578 0.50000000
vn -0.84345281 -0.47074413 -0.25881904
vn -0.84358418 -0.47081745 -0.25825688
vn -0.85105789 -0.47498864 -0.22379972
vn -0.77841562 -0.43444586 -0.45312899
vn -0.85112280 -0.47502485 -0.22347568
vn -0.75621909 -0.42205763 -0.50000000
vn -0.75679791 -0.42238066 -0.49885020
vn -0.65944791 -0.36804813 -0.65549141
vn -0.77886796 -0.43469831 -0.45210844
vn -0.61745030 -0.34460863 -0.70710677
vn -0.61870742 -0.34531024 -0.70566416
vn -0.66064227 -0.36871472 -0.65391225
vn -0.50123477 -0.27974692 -0.81884390
vn -0.50123477 -0.27974692 -0.81884390
vn -0.43660331 -0.24367510 -0.86602539
vn -0.43660331 -0.24367510 -0.86602539
vn -0.31319192 -0.17479728 -0.93346488
vn -0.31319192 -0.17479728 -0.93346488
vn -0.22600250 -0.12613551 -0.96592581
vn -0.22600250 -0.12613551 -0.96592581
vn -0.10651021 -0.05944500 -0.99253303
vn 0 0 -1
vn -0.10651021 -0.05944500 -0.99253303
vn 0 0 -1
vn 0.10651021 0.05944500 -0.99253303
vn 0.10651021 0.05944500 -0.99253303
vn 0.22600250 0.12613551 -0.96592581
vn 0.22600250 0.12613551 -0.96592581
vn 0.31319192 0.17479728 -0.93346488
vn 0.31319192 0.17479728 -0.93346488
vn 0.43660331 0.24367510 -0.86602539
vn 0.50123477 0.27974692 -0.81884390
vn 0.50123477 0.27974692 -0.81884390
vn 0.43660331 0.24367510 -0.86602539
vn 0.61745030 0.34460863 -0.70710677
vn 0.61870742 0.34531024 -0.70566416
vn 0.65944791 0.36804813 -0.65549141
vn 0.66064227 0.36871472 -0.65391225
vn 0.75621909 0.42205763 -0.50000000
vn 0.75679791 0.42238066 -0.49885020
vn 0.77841562 0.43444586 -0.45312899
vn 0.77886796 0.43469831 -0.45210844
vn 0.84345281 0.47074413 -0.25881904
vn 0.84358418 0.47081745 -0.25825688
vn 0.85105789 0.47498864 -0.22379972
vn 0.85112280 0.47502485 -0.22347568
vn 0.87320662 0.48735020 0.00000000
vn -0.87320662 -0.48735020 0.00000000
vn 0.96003371 0.27988443 0.00000000
vn 0.95972031 0.28095707 0.00000000
vn 0.96944267 0.24531800 0.00000000
vn 0.87320662 0.48735020 0.00000000
vn 0.96958834 0.24474163 0.00000000
vn 0.99920309 0.03991425 0.00000000
vn 0.99913150 0.04166821 0.00000000
vn 0.99991310 -0.01318168 0.00000000
vn 0.99989420 -0.01454567 0.00000000
vn 0.97932655 -0.20228578 0.00000000
vn 0.97978133 -0.20007128 0.00000000
vn 0.96262777 -0.27082792 0.00000000
vn 0.96205896 -0.27284169 0.00000000
vn 0.90029854 -0.43527299 0.00000000
vn 0.90280789 -0.43004408 0.00000000
vn 0.85866094 -0.51254404 0.00000000
vn 0.85866094 -0.51254404 0.00000000
vn 0.76811624 -0.64031047 0.00000000
vn 0.77273816 -0.63472497 0.00000000
vn 0.69674665 -0.71731728 0.00000000
vn 0.69674665 -0.71731728 0.00000000
vn 0.59022141 -0.80724144 0.00000000
vn 0.59722179 -0.80207616 0.00000000
vn 0.48735020 -0.87320662 0.00000000
vn 0.48735020 -0.87320662 0.00000000
vn 0.38658139 -0.92225528 0.00000000
vn 0.37720096 -0.92613143 0.00000000
vn 0.24474163 -0.96958834 0.00000000
vn 0.15320522 -0.98819441 0.00000000
vn 0.14173238 -0.98990500 0.00000000
vn -0.01454567 -0.99989420 0.00000000
vn 0.24474163 -0.96958834 0.00000000
vn -0.08918133 -0.99601543 0.00000000
vn -0.10217106 -0.99476683 0.00000000
vn -0.01454567 -0.99989420 0.00000000
vn -0.27284169 -0.96205896 0.00000000
vn -0.27480188 -0.96150088 0.00000000
vn -0.32802969 -0.94466740 0.00000000
vn -0.33999404 -0.94042760 0.00000000
vn -0.51368314 -0.85797995 0.00000000
vn -0.54500878 -0.83843035 0.00000000
vn -0.55758315 -0.83012110 0.00000000
vn -0.71772265 -0.69632906 0.00000000
vn -0.51254404 -0.85866094 0.00000000
vn -0.73034394 -0.68307960 0.00000000
vn -0.74198902 -0.67041200 0.00000000
vn -0.87320662 -0.48735020 0.00000000
vn -0.71731728 -0.69674665 0.00000000
vn -0.96484542 -0.26281795 0.00000000
vn -0.96950644 -0.24506593 0.00000000
vn -0.96958834 -0.24474163 0
vn -0.96003371 -0.27988443 0
vn -0.87320662 -0.48735020 0.00000000
vn -0.99973941 -0.02282874 0.00000000
vn -0.99990839 0.01353468 0.00000000
vn -0.99989420 0.01454567 -0.00000000
vn -0.99920309 -0.03991425 -0.00000000
vn -0.97583628 0.21850309 0.00000000
vn -0.96253175 0.27116907 0.00000000
vn -0.96205896 0.27284169 -0.00000000
vn -0.97932655 0.20228578 -0.00000000
vn -0.89454186 0.44698420 0
vn -0.85866094 0.51254404 0
vn -0.85866094 0.51254404 0
vn -0.90029854 0.43527299 -0.00000000
vn -0.76063728 0.64917713 0
vn -0.69674665 0.71731728 0
vn -0.69674665 0.71731728 0
vn -0.76811624 0.64031047 -0.00000000
vn -0.58199781 0.81319034 0
vn -0.48735020 0.87320662 0
vn -0.48735020 0.87320662 0
vn -0.59022141 0.80724144 -0.00000000
vn -0.37720096 0.92613143 -0.00000000
vn -0.36912963 0.92937791 0
vn -0.24474163 0.96958834 0
vn -0.24474163 0.96958834 0
vn -0.14173238 0.98990500 -0.00000000
vn -0.13455208 0.99090654 0
vn 0.01454567 0.99989420 0
vn 0.01454567 0.99989420 0
vn 0.10217106 0.99476683 -0.00000000
vn 0.10793883 0.99415755 0
vn 0.27284169 0.96205896 0
vn 0.27480188 0.96150088 -0.00000000
vn 0.33999404 0.94042760 -0.00000000
vn 0.34610906 0.93819427 0
vn 0.51368314 0.85797995 -0.00000000
vn 0.55758315 0.83012110 -0.00000000
vn 0.51254404 0.85866094 0.00000000
vn 0.56097066 0.82783568 0.00000000
vn 0.71772265 0.69632906 0
vn 0.74198902 0.67041200 0
vn 0.71731728 0.69674665 0.00000000
vn 0.74318951 0.66908097 0.00000000
vn 0.87320662 0.48735020 0.00000000
vn -0.84345281 -0.47074413 0.25881904
vn -0.84358704 -0.47081903 0.25824475
vn -0.85134035 -0.47514626 0.22238630
vn -0.77955979 -0.43508443 0.45054197
vn -0.85140681 -0.47518337 0.22205235
vn -0.75621909 -0.42205763 0.50000000
vn -0.75681400 -0.42238966 0.49881819
vn -0.66193146 -0.36943424 0.65220016
vn -0.78002602 -0.43534464 0.44948244
vn -0.61745030 -0.34460863 0.70710677
vn -0.61874104 -0.34532899 0.70562553
vn -0.66316015 -0.37011999 0.65056115
vn -0.50537336 -0.28205672 0.81550092
vn -0.50537336 -0.28205672 0.81550092
vn -0.43660331 -0.24367510 0.86602539
vn -0.43660331 -0.24367510 0.86602539
vn -0.31909302 -0.17809078 0.93084013
vn -0.22600250 -0.12613551 0.96592581
vn -0.31909302 -0.17809078 0.93084013
vn -0.22600250 -0.12613551 0.96592581
vn -0.11404607 -0.06365088 0.99143434
vn -0.11404607 -0.06365088 0.99143434
vn 0 0 1
vn 0.09770821 0.05453247 0.99371994
vn 0.09770821 0.05453247 0.99371994
vn 0 0 1
vn 0.22600250 0.12613551 0.96592581
vn 0.30371603 0.16950864 0.93756247
vn 0.30371603 0.16950864 0.93756247
vn 0.22600250 0.12613551 0.96592581
vn 0.43660331 0.24367510 0.86602539
vn 0.43660331 0.24367510 0.86602539
vn 0.49186158 0.27451560 0.82626468
vn 0.49186158 0.27451560 0.82626468
vn 0.61745030 0.34460863 0.70710677
vn 0.61852264 0.34520710 0.70587665
vn 0.65107960 0.36337763 0.66637230
vn 0.65212953 0.36396360 0.66502452
vn 0.75621909 0.42205763 0.50000000
vn 0.75666016 0.42230380 0.49912411
vn 0.77200603 0.43086857 0.46728897
vn 0.77236390 0.43106830 0.46651277
vn 0.84345281 0.47074413 0.25881904
vn 0.84352839 0.47078630 0.25849596
vn 0.84752893 0.47301906 0.24072324
vn 0.84756941 0.47304165 0.24053635
vn 0.87320662 0.48735020 0.00000000
vn -0.87320662 -0.48735020 0.00000000
f 1711/3855/3855 1712/3856/3856 1713/3857/3857
f 1711/3855/3855 1714/3858/3858 1712/3856/3856
f 1713/3857/3857 1715/3859/3859 1711/3855/3855
f 1716/3860/3860 1717/3861/3861 1714/3858/3858
f 1716/3860/3860 1718/3862/3862 1717/3861/3861
f 1714/3858/3858 1719/3863/3863 1716/3860/3860
f 1720/3864/3864 1721/3865/3865 1718/3862/3862
f 1718/3862/3862 1722/3866/3866 1720/3864/3864
f 1723/3867/3867 1724/3868/3868 1721/3865/3865
f 1725/3869/3869 1724/3868/3868 1723/3867/3867
f 1723/3867/3867 1726/3870/3870 1725/3869/3869
f 1727/3871/3871 1728/3872/3872 1725/3869/3869
f 1729/3873/3873 1730/3874/3874 1728/3872/3872
f 1729/3873/3873 1731/3875/3875 1730/3874/3874
f 1728/3872/3872 1727/3871/3871 1729/3873/3873
f 1732/3876/3876 1731/3875/3875 1733/3877/3877
f 1732/3876/3876 1734/3878/3878 1735/3879/3879
f 1735/3879/3879 1736/3880/3880 1732/3876/3876
f 1737/3881/3881 1738/3882/3882 1739/3883/3883
f 1737/3881/3881 1735/3879/3879 1738/3882/3882
f 1739/3883/3883 1740/3884/3884 1737/3881/3881
f 1741/3885/3885 1742/3886/3886 1743/3887/3887
f 1743/3887/3887 1744/3888/3888 1741/3885/3885
f 1740/3884/3884 1739/3883/3883 1741/3885/3885
f 1745/3889/3889 1746/3890/3890 1747/3891/3891
f 1747/3891/3891 1748/3892/3892 1745/3889/3889
f 1743/3887/3887 1742/3886/3886 1746/3890/3890
f 1749/3893/3893 1750/3894/3894 1751/3895/3895
f 1749/3893/3893 1747/3891/3891 1750/3894/3894
f 1751/3895/3895 1752/3896/3896 1749/3893/3893
f 1753/3897/3897 1754/3898/3898 1755/3899/3899
f 1753/3897/3897 1751/3895/3895 1754/3898/3898
f 1755/3899/3899 1756/3900/3900 1753/3897/3897
f 1757/3901/3901 1756/3900/3900 1755/3899/3899
f 1753/3897/3897 1752/3896/3896 1751/3895/3895
f 1749/3893/3893 1748/3892/3892 1747/3891/3891
f 1745/3889/3889 1743/3887/3887 1746/3890/3890
f 1744/3888/3888 1740/3884/3884 1741/3885/3885
f 1737/3881/3881 1736/3880/3880 1735/3879/3879
f 1733/3877/3877 1734/3878/3878 1732/3876/3876
f 1729/3873/3873 1733/3877/3877 1731/3875/3875
f 1726/3870/3870 1727/3871/3871 1725/3869/3869
f 1720/3864/3864 1723/3867/3867 1721/3865/3865
f 1716/3860/3860 1722/3866/3866 1718/3862/3862
f 1711/3855/3855 1719/3863/3863 1714/3858/3858
f 1715/3859/3859 1713/3857/3857 1758/3902/3902
f 1715/3903/3903 1759/3904/3904 1760/3905/3905
f 1715/3903/3903 1761/3906/3906 1759/3904/3904
f 1760/3905/3905 1711/3907/3907 1715/3903/3903
f 1719/3908/3908 1762/3909/3909 1763/3910/3910
f 1719/3908/3908 1760/3905/3905 1762/3909/3909
f 1763/3910/3910 1716/3911/3911 1719/3908/3908
f 1722/3912/3912 1764/3913/3913 1765/3914/3914
f 1722/3912/3912 1763/3910/3910 1764/3913/3913
f 1765/3914/3914 1720/3915/3915 1722/3912/3912
f 1723/3916/3916 1766/3917/3917 1767/3918/3918
f 1767/3918/3918 1726/3919/3919 1723/3916/3916
f 1720/3915/3915 1765/3914/3914 1766/3917/3917
f 1727/3920/3920 1768/3921/3921 1769/3922/3922
f 1727/3920/3920 1767/3918/3918 1768/3921/3921
f 1769/3922/3922 1729/3923/3923 1727/3920/3920
f 1733/3924/3924 1770/3925/3925 1771/3926/3926
f 1733/3924/3924 1769/3922/3922 1770/3925/3925
f 1771/3926/3926 1734/3927/3927 1733/3924/3924
f 1772/3928/3928 1735/3929/3929 1734/3927/3927
f 1772/3928/3928 1738/3930/3930 1735/3929/3929
f 1734/3927/3927 1771/3926/3926 1772/3928/3928
f 1773/3931/3931 1739/3932/3932 1738/3930/3930
f 1773/3931/3931 1741/3933/3933 1739/3932/3932
f 1738/3930/3930 1774/3934/3934 1773/3931/3931
f 1775/3935/3935 1742/3936/3936 1741/3933/3933
f 1741/3933/3933 1776/3937/3937 1775/3935/3935
f 1777/3938/3938 1746/3939/3939 1742/3936/3936
f 1778/3940/3940 1747/3941/3941 1746/3939/3939
f 1778/3940/3940 1750/3942/3942 1747/3941/3941
f 1746/3939/3939 1777/3938/3938 1778/3940/3940
f 1779/3943/3943 1751/3944/3944 1750/3942/3942
f 1779/3943/3943 1754/3945/3945 1751/3944/3944
f 1750/3942/3942 1780/3946/3946 1779/3943/3943
f 1781/3947/3947 1755/3948/3948 1754/3945/3945
f 1781/3947/3947 1757/3949/3949 1755/3948/3948
f 1754/3945/3945 1782/3950/3950 1781/3947/3947
f 1783/3951/3951 1784/3952/3952 1753/3953/3953
f 1753/3953/3953 1756/3954/3954 1783/3951/3951
f 1757/3949/3949 1785/3955/3955 1783/3951/3951
f 1786/3956/3956 1787/3957/3957 1749/3958/3958
f 1749/3958/3958 1752/3959/3959 1786/3956/3956
f 1753/3953/3953 1784/3952/3952 1786/3956/3956
f 1788/3960/3960 1789/3961/3961 1745/3962/3962
f 1745/3962/3962 1748/3963/3963 1788/3960/3960
f 1749/3958/3958 1787/3957/3957 1788/3960/3960
f 1790/3964/3964 1791/3965/3965 1744/3966/3966
f 1744/3966/3966 1743/3967/3967 1790/3964/3964
f 1745/3962/3962 1789/3961/3961 1790/3964/3964
f 1792/3968/3968 1793/3969/3969 1737/3970/3970
f 1737/3970/3970 1740/3971/3971 1792/3968/3968
f 1744/3966/3966 1791/3965/3965 1792/3968/3968
f 1794/3972/3972 1795/3973/3973 1732/3974/3974
f 1732/3974/3974 1736/3975/3975 1794/3972/3972
f 1737/3970/3970 1793/3969/3969 1794/3972/3972
f 1731/3976/3976 1732/3974/3974 1795/3973/3973
f 1795/3973/3973 1796/3977/3977 1731/3976/3976
f 1797/3978/3978 1730/3979/3979 1731/3976/3976
f 1728/3980/3980 1730/3979/3979 1797/3978/3978
f 1797/3978/3978 1798/3981/3981 1728/3980/3980
f 1799/3982/3982 1725/3983/3983 1728/3980/3980
f 1724/3984/3984 1725/3983/3983 1799/3982/3982
f 1799/3982/3982 1800/3985/3985 1724/3984/3984
f 1801/3986/3986 1721/3987/3987 1724/3984/3984
f 1718/3988/3988 1721/3987/3987 1801/3986/3986
f 1802/3989/3989 1717/3990/3990 1718/3988/3988
f 1801/3986/3986 1802/3989/3989 1718/3988/3988
f 1714/3991/3991 1717/3990/3990 1803/3992/3992
f 1804/3993/3993 1712/3994/3994 1714/3991/3991
f 1803/3992/3992 1804/3993/3993 1714/3991/3991
f 1713/3995/3995 1712/3994/3994 1805/3996/3996
f 1806/3997/3997 1758/3998/3998 1713/3995/3995
f 1805/3996/3996 1806/3997/3997 1713/3995/3995
f 1806/3997/3997 1761/3906/3906 1758/3998/3998
f 1804/3993/3993 1805/3996/3996 1712/3994/3994
f 1802/3989/3989 1803/3992/3992 1717/3990/3990
f 1800/3985/3985 1801/3986/3986 1724/3984/3984
f 1798/3981/3981 1799/3982/3982 1728/3980/3980
f 1796/3977/3977 1797/3978/3978 1731/3976/3976
f 1736/3975/3975 1737/3970/3970 1794/3972/3972
f 1740/3971/3971 1744/3966/3966 1792/3968/3968
f 1743/3967/3967 1745/3962/3962 1790/3964/3964
f 1748/3963/3963 1749/3958/3958 1788/3960/3960
f 1752/3959/3959 1753/3953/3953 1786/3956/3956
f 1756/3954/3954 1757/3949/3949 1783/3951/3951
f 1781/3947/3947 1785/3955/3955 1757/3949/3949
f 1779/3943/3943 1782/3950/3950 1754/3945/3945
f 1778/3940/3940 1780/3946/3946 1750/3942/3942
f 1775/3935/3935 1777/3938/3938 1742/3936/3936
f 1773/3931/3931 1776/3937/3937 1741/3933/3933
f 1772/3928/3928 1774/3934/3934 1738/3930/3930
f 1733/3924/3924 1729/3923/3923 1769/3922/3922
f 1727/3920/3920 1726/3919/3919 1767/3918/3918
f 1723/3916/3916 1720/3915/3915 1766/3917/3917
f 1722/3912/3912 1716/3911/3911 1763/3910/3910
f 1719/3908/3908 1711/3907/3907 1760/3905/3905
f 1715/3903/3903 1758/3998/3998 1761/3906/3906
f 1805/3999/3999 1760/4000/4000 1759/4001/4001
f 1805/3999/3999 1762/4002/4002 1760/4000/4000
f 1759/4001/4001 1806/4003/4003 1805/3999/3999
f 1803/4004/4004 1763/4005/4005 1762/4002/4002
f 1803/4004/4004 1764/4006/4006 1763/4005/4005
f 1762/4002/4002 1804/4007/4007 1803/4004/4004
f 1801/4008/4008 1765/4009/4009 1764/4006/4006
f 1764/4006/4006 1802/4010/4010 1801/4008/4008
f 1800/4011/4011 1766/4012/4012 1765/4009/4009
f 1799/4013/4013 1767/4014/4014 1766/4012/4012
f 1799/4013/4013 1768/4015/4015 1767/4014/4014
f 1766/4012/4012 1800/4011/4011 1799/4013/4013
f 1769/4016/4016 1768/4015/4015 1798/4017/4017
f 1798/4017/4017 1797/4018/4018 1769/4016/4016
f 1796/4019/4019 1770/4020/4020 1769/4016/4016
f 1795/4021/4021 1794/4022/4022 1772/4023/4023
f 1795/4021/4021 1771/4024/4024 1770/4020/4020
f 1770/4020/4020 1796/4019/4019 1795/4021/4021
f 1793/4025/4025 1792/4026/4026 1773/4027/4027
f 1773/4027/4027 1774/4028/4028 1793/4025/4025
f 1772/4023/4023 1794/4022/4022 1793/4025/4025
f 1776/4029/4029 1791/4030/4030 1790/4031/4031
f 1776/4029/4029 1792/4026/4026 1791/4030/4030
f 1790/4031/4031 1775/4032/4032 1776/4029/4029
f 1777/4033/4033 1789/4034/4034 1788/4035/4035
f 1788/4035/4035 1778/4036/4036 1777/4033/4033
f 1775/4032/4032 1790/4031/4031 1789/4034/4034
f 1780/4037/4037 1787/4038/4038 1786/4039/4039
f 1780/4037/4037 1788/4035/4035 1787/4038/4038
f 1786/4039/4039 1779/4040/4040 1780/4037/4037
f 1782/4041/4041 1784/4042/4042 1783/4043/4043
f 1782/4041/4041 1786/4039/4039 1784/4042/4042
f 1783/4043/4043 1781/4044/4044 1782/4041/4041
f 1785/4045/4045 1781/4044/4044 1783/4043/4043
f 1782/4041/4041 1779/4040/4040 1786/4039/4039
f 1780/4037/4037 1778/4036/4036 1788/4035/4035
f 1777/4033/4033 1775/4032/4032 1789/4034/4034
f 1776/4029/4029 1773/4027/4027 1792/4026/4026
f 1774/4028/4028 1772/4023/4023 1793/4025/4025
f 1772/4023/4023 1771/4024/4024 1795/4021/4021
f 1797/4018/4018 1796/4019/4019 1769/4016/4016
f 1799/4013/4013 1798/4017/4017 1768/4015/4015
f 1801/4008/4008 1800/4011/4011 1765/4009/4009
f 1803/4004/4004 1802/4010/4010 1764/4006/4006
f 1805/3999/3999 1804/4007/4007 1762/4002/4002
f 1806/4003/4003 1759/4001/4001 1761/4046/4046
o Extruded.001
usemtl f0f14e33_f81f_480f_8d49_56bbe20ec2c5
v 39.63486099 -300 74.12831879
v 39.97386551 -299.81079102 72.67942810
v 40.28976440 -299.63449097 72.82927704
v 40.56103516 -299.48309326 73.06765747
v 40.76918793 -299.36691284 73.37831879
v 40.90003967 -299.29388428 73.74008942
v 40.94467163 -299.26898193 74.12831879
v 40.90003967 -299.29388428 74.51654816
v 40.76918793 -299.36691284 74.87831879
v 40.56103516 -299.48309326 75.18898010
v 40.28976440 -299.63449097 75.42735291
v 39.97386551 -299.81079102 75.57720184
v 39.63486099 -300 75.62831879
v 39.29585648 -300.18920898 75.57720184
v 38.97995758 -300.36550903 75.42735291
v 38.70868301 -300.51690674 75.18898010
v 38.50053406 -300.63308716 74.87831879
v 38.36968231 -300.70611572 74.51654816
v 38.32505035 -300.73101807 74.12831879
v 38.36968231 -300.70611572 73.74008942
v 38.50053406 -300.63308716 73.37831879
v 38.70868301 -300.51690674 73.06765747
v 38.97995758 -300.36550903 72.82927704
v 39.29585648 -300.18920898 72.67942810
v 39.63486099 -300 72.62831879
v -127.86513519 -2.96080327 74.12831879
v -127.86513519 -2.95421338 74.03021240
v -127.86513519 -2.93447161 73.93252563
v -127.86513519 -2.85592747 73.74008942
v -127.86513519 -2.72651434 73.55429077
v -127.86513519 -2.54844713 73.37831879
v -127.86513519 -2.05931640 73.06765747
v -127.86513519 -1.42186892 72.82927704
v -127.86513519 -0.67954546 72.67942810
v -127.86513519 0.11706561 72.62831879
v -127.86513519 0.91367674 72.67942810
v -127.86513519 1.65600014 72.82927704
v -127.86513519 2.29344749 73.06765747
v -127.86513519 2.78257823 73.37831879
v -127.86513519 2.96064568 73.55429077
v -127.86513519 3.09005857 73.74008942
v -127.86513519 3.16860294 73.93252563
v -127.86513519 3.18834448 74.03021240
v -127.86513519 3.16860294 74.32410431
v -127.86513519 3.09005857 74.51654816
v -127.86513519 3.18834448 74.22641754
v -127.86513519 3.19493461 74.12831879
v -127.86513519 2.96064568 74.70233917
v -127.86513519 2.78257823 74.87831879
v -127.86513519 2.29344749 75.18898010
v -127.86513519 1.65600014 75.42735291
v -127.86513519 0.91367674 75.57720184
v -127.86513519 0.11706561 75.62831879
v -127.86513519 -0.67954546 75.57720184
v -127.86513519 -1.42186892 75.42735291
v -127.86513519 -2.05931640 75.18898010
v -127.86513519 -2.54844713 74.87831879
v -127.86513519 -2.72651434 74.70233917
v -127.86513519 -2.93447161 74.32410431
v -127.86513519 -2.95421338 74.22641754
v -127.86513519 -2.85592747 74.51654816
vt 0.50000000 0.50000000
vt 0.97723609 0.37212497
vt 0.92787814 0.25296444
vt 0.84936106 0.15063894
vt 0.74703556 0.07212184
vt 0.62787503 0.02276392
vt 0.50000000 0.00592885
vt 0.37212497 0.02276392
vt 0.25296444 0.07212184
vt 0.15063894 0.15063894
vt 0.07212184 0.25296444
vt 0.02276392 0.37212497
vt 0.00592885 0.50000000
vt 0.02276392 0.62787503
vt 0.07212184 0.74703556
vt 0.15063894 0.84936106
vt 0.25296444 0.92787814
vt 0.37212497 0.97723609
vt 0.50000000 0.99407113
vt 0.62787503 0.97723609
vt 0.74703556 0.92787814
vt 0.84936106 0.84936106
vt 0.92787814 0.74703556
vt 0.97723609 0.62787503
vt 0.99407113 0.50000000
vt 0.04166667 1
vt 0 1
vt 0 0.02138983
vt 0.01041667 0.02137332
vt 0.02083333 0.02132385
vt 0.08333334 1
vt 0.04166667 0.02112703
vt 0.06250000 0.02080273
vt 0.12500000 1
vt 0.08333334 0.02035651
vt 0.16666667 1
vt 0.12500000 0.01913080
vt 0.20833333 1
vt 0.16666667 0.01753343
vt 0.25000000 1
vt 0.20833333 0.01567325
vt 0.29166666 1
vt 0.25000000 0.01367702
vt 0.33333334 1
vt 0.29166666 0.01168080
vt 0.37500000 1
vt 0.33333334 0.00982062
vt 0.41666666 1
vt 0.37500000 0.00822324
vt 0.45833334 1
vt 0.41666666 0.00699754
vt 0.43750000 0.00655132
vt 0.50000000 1
vt 0.45833334 0.00622702
vt 0.47916666 0.00603020
vt 0.48958334 0.00598073
vt 0.52083331 0.00603020
vt 0.54166669 0.00622702
vt 0.51041669 0.00598073
vt 0.50000000 0.00596421
vt 0.54166669 1
vt 0.56250000 0.00655132
vt 0.58333331 0.00699754
vt 0.58333331 1
vt 0.62500000 0.00822324
vt 0.62500000 1
vt 0.66666669 0.00982062
vt 0.66666669 1
vt 0.70833331 0.01168080
vt 0.70833331 1
vt 0.75000000 0.01367702
vt 0.75000000 1
vt 0.79166669 0.01567325
vt 0.79166669 1
vt 0.83333331 0.01753343
vt 0.83333331 1
vt 0.87500000 0.01913080
vt 0.87500000 1
vt 0.91666669 0.02035651
vt 0.91666669 1
vt 0.93750000 0.02080273
vt 0.95833331 1
vt -0.02083333 0.02132385
vt -0.01041667 0.02137332
vt 0.95833331 0.02112703
vt 0.07212184 0.25296444
vt 0.43551078 0.01015570
vt 0.37212497 0.02276392
vt 0.07212184 0.74703556
vt 0.31092715 0.95646220
vt 0.37212497 0.97723609
vt 0.31092715 0.04353778
vt 0.25296444 0.07212184
vt 0.15063894 0.15063894
vt 0.46768621 0.00698670
vt 0.00592885 0.50000000
vt 0.68907285 0.04353778
vt 0.62787503 0.02276392
vt 0.84936106 0.15063894
vt 0.74703556 0.07212184
vt 0.68907285 0.95646220
vt 0.74703556 0.92787814
vt 0.56448925 0.98984432
vt 0.62787503 0.97723609
vt 0.43551078 0.98984432
vt 0.15063894 0.84936106
vt 0.56448925 0.01015570
vt 0.92787814 0.25296444
vt 0.84936106 0.84936106
vt 0.53231382 0.99301332
vt 0.25296444 0.92787814
vt 0.46768621 0.99301332
vt 0.02276392 0.62787503
vt 0.02276392 0.37212497
vt 0.53231382 0.00698670
vt 0.50000000 0.00592885
vt 0.97723609 0.37212497
vt 0.92787814 0.74703556
vt 0.50000000 0.99407113
vt 0.99407113 0.50000000
vt 0.97723609 0.62787503
vn 0.48735020 -0.87320662 0
vn 0.48735020 -0.87320662 0
vn 0.48735020 -0.87320662 0
vn 0.48735020 -0.87320662 0
vn 0.48735020 -0.87320662 0
vn 0.48735020 -0.87320662 0
vn 0.48735020 -0.87320662 0
vn 0.48735020 -0.87320662 0
vn 0.48735020 -0.87320662 0
vn 0.48735020 -0.87320662 0
vn 0.48735020 -0.87320662 0
vn 0.48735020 -0.87320662 0
vn 0.48735020 -0.87320662 0
vn 0.48735020 -0.87320662 0
vn 0.48735020 -0.87320662 0
vn 0.48735020 -0.87320662 0
vn 0.48735020 -0.87320662 0
vn 0.48735020 -0.87320662 0
vn 0.48735020 -0.87320662 0
vn 0.48735020 -0.87320662 0
vn 0.48735020 -0.87320662 0
vn 0.48735020 -0.87320662 0
vn 0.48735020 -0.87320662 0
vn 0.48735020 -0.87320662 0
vn 0.48735020 -0.87320662 0
vn -0.84345281 -0.47074413 -0.25881904
vn -0.87320662 -0.48735020 -0.00000000
vn -0.87320662 -0.48735020 -0.00000000
vn -0.87133700 -0.48630673 -0.06540313
vn -0.86573619 -0.48318085 -0.13052619
vn -0.75621909 -0.42205763 -0.50000000
vn -0.84345281 -0.47074413 -0.25881904
vn -0.80673772 -0.45025286 -0.38268343
vn -0.61745030 -0.34460863 -0.70710677
vn -0.75621909 -0.42205763 -0.50000000
vn -0.43660331 -0.24367510 -0.86602539
vn -0.61745030 -0.34460863 -0.70710677
vn -0.22600250 -0.12613551 -0.96592581
vn -0.43660331 -0.24367510 -0.86602539
vn 0.00000000 0.00000000 -1
vn -0.22600250 -0.12613551 -0.96592581
vn 0.22600250 0.12613551 -0.96592581
vn -0.00000000 0 -1
vn 0.43660331 0.24367510 -0.86602539
vn 0.22600250 0.12613551 -0.96592581
vn 0.61745030 0.34460863 -0.70710677
vn 0.43660331 0.24367510 -0.86602539
vn 0.75621909 0.42205763 -0.50000000
vn 0.61745030 0.34460863 -0.70710677
vn 0.84345281 0.47074413 -0.25881904
vn 0.75621909 0.42205763 -0.50000000
vn 0.80673772 0.45025286 -0.38268343
vn 0.87320662 0.48735020 0.00000000
vn 0.84345281 0.47074413 -0.25881904
vn 0.86573619 0.48318085 -0.13052619
vn 0.87133700 0.48630673 -0.06540313
vn 0.86573619 0.48318085 0.13052619
vn 0.84345281 0.47074413 0.25881904
vn 0.87133700 0.48630673 0.06540313
vn 0.87320662 0.48735020 0.00000000
vn 0.84345281 0.47074413 0.25881904
vn 0.80673772 0.45025286 0.38268343
vn 0.75621909 0.42205763 0.50000000
vn 0.75621909 0.42205763 0.50000000
vn 0.61745030 0.34460863 0.70710677
vn 0.61745030 0.34460863 0.70710677
vn 0.43660331 0.24367510 0.86602539
vn 0.43660331 0.24367510 0.86602539
vn 0.22600250 0.12613551 0.96592581
vn 0.22600250 0.12613551 0.96592581
vn 0 0 1
vn 0 0 1
vn -0.22600250 -0.12613551 0.96592581
vn -0.22600250 -0.12613551 0.96592581
vn -0.43660331 -0.24367510 0.86602539
vn -0.43660331 -0.24367510 0.86602539
vn -0.61745030 -0.34460863 0.70710677
vn -0.61745030 -0.34460863 0.70710677
vn -0.75621909 -0.42205763 0.50000000
vn -0.75621909 -0.42205763 0.50000000
vn -0.80673772 -0.45025286 0.38268343
vn -0.84345281 -0.47074413 0.25881904
vn -0.86573619 -0.48318085 0.13052619
vn -0.87133700 -0.48630673 0.06540313
vn -0.84345281 -0.47074413 0.25881904
vn -1 0 0
vn -1 0 0
vn -1 0 0
vn -1 0 0
vn -1 0 0
vn -1 0 0
vn -1 0 0
vn -1 0 0
vn -1 0 0
vn -1 0 0
vn -1 0 0
vn -1 0 0
vn -1 0 0
vn -1 0 0
vn -1 0 0
vn -1 0 0
vn -1 0 0
vn -1 0 0
vn -1 0 0
vn -1 0 0
vn -1 0 0
vn -1 0 0
vn -1 0 0
vn -1 0 0
vn -1 0 0
vn -1 0 0
vn -1 0 0
vn -1 0 0
vn -1 0 0
vn -1 0 0
vn -1 0 0
vn -1 0 0
vn -1 0 0
vn -1 0 0
vn -1 0 0
vn -1 0 0
f 1807/4047/4047 1808/4048/4048 1809/4049/4049
f 1809/4049/4049 1810/4050/4050 1807/4047/4047
f 1810/4050/4050 1811/4051/4051 1807/4047/4047
f 1811/4051/4051 1812/4052/4052 1807/4047/4047
f 1812/4052/4052 1813/4053/4053 1807/4047/4047
f 1813/4053/4053 1814/4054/4054 1807/4047/4047
f 1814/4054/4054 1815/4055/4055 1807/4047/4047
f 1815/4055/4055 1816/4056/4056 1807/4047/4047
f 1816/4056/4056 1817/4057/4057 1807/4047/4047
f 1817/4057/4057 1818/4058/4058 1807/4047/4047
f 1818/4058/4058 1819/4059/4059 1807/4047/4047
f 1819/4059/4059 1820/4060/4060 1807/4047/4047
f 1820/4060/4060 1821/4061/4061 1807/4047/4047
f 1821/4061/4061 1822/4062/4062 1807/4047/4047
f 1822/4062/4062 1823/4063/4063 1807/4047/4047
f 1823/4063/4063 1824/4064/4064 1807/4047/4047
f 1824/4064/4064 1825/4065/4065 1807/4047/4047
f 1825/4065/4065 1826/4066/4066 1807/4047/4047
f 1826/4066/4066 1827/4067/4067 1807/4047/4047
f 1827/4067/4067 1828/4068/4068 1807/4047/4047
f 1828/4068/4068 1829/4069/4069 1807/4047/4047
f 1829/4069/4069 1830/4070/4070 1807/4047/4047
f 1830/4070/4070 1831/4071/4071 1807/4047/4047
f 1831/4071/4071 1808/4048/4048 1807/4047/4047
f 1826/4072/4072 1825/4073/4073 1832/4074/4074
f 1832/4074/4074 1833/4075/4075 1826/4072/4072
f 1833/4075/4075 1834/4076/4076 1826/4072/4072
f 1827/4077/4077 1826/4072/4072 1835/4078/4078
f 1835/4078/4078 1836/4079/4079 1827/4077/4077
f 1828/4080/4080 1827/4077/4077 1837/4081/4081
f 1829/4082/4082 1828/4080/4080 1838/4083/4083
f 1830/4084/4084 1829/4082/4082 1839/4085/4085
f 1831/4086/4086 1830/4084/4084 1840/4087/4087
f 1808/4088/4088 1831/4086/4086 1841/4089/4089
f 1809/4090/4090 1808/4088/4088 1842/4091/4091
f 1810/4092/4092 1809/4090/4090 1843/4093/4093
f 1811/4094/4094 1810/4092/4092 1844/4095/4095
f 1812/4096/4096 1811/4094/4094 1845/4097/4097
f 1845/4097/4097 1846/4098/4098 1812/4096/4096
f 1813/4099/4099 1812/4096/4096 1847/4100/4100
f 1847/4100/4100 1848/4101/4101 1813/4099/4099
f 1848/4101/4101 1849/4102/4102 1813/4099/4099
f 1813/4099/4099 1850/4103/4103 1851/4104/4104
f 1813/4099/4099 1852/4105/4105 1850/4103/4103
f 1813/4099/4099 1853/4106/4106 1852/4105/4105
f 1814/4107/4107 1854/4108/4108 1855/4109/4109
f 1814/4107/4107 1851/4104/4104 1854/4108/4108
f 1815/4110/4110 1855/4109/4109 1856/4111/4111
f 1816/4112/4112 1856/4111/4111 1857/4113/4113
f 1817/4114/4114 1857/4113/4113 1858/4115/4115
f 1818/4116/4116 1858/4115/4115 1859/4117/4117
f 1819/4118/4118 1859/4117/4117 1860/4119/4119
f 1820/4120/4120 1860/4119/4119 1861/4121/4121
f 1821/4122/4122 1861/4121/4121 1862/4123/4123
f 1822/4124/4124 1862/4123/4123 1863/4125/4125
f 1823/4126/4126 1863/4125/4125 1864/4127/4127
f 1864/4127/4127 1824/4128/4128 1823/4126/4126
f 1825/4073/4073 1865/4129/4129 1866/4130/4130
f 1824/4128/4128 1867/4131/4131 1865/4129/4129
f 1865/4129/4129 1825/4073/4073 1824/4128/4128
f 1866/4130/4130 1832/4074/4074 1825/4073/4073
f 1864/4127/4127 1867/4131/4131 1824/4128/4128
f 1863/4125/4125 1823/4126/4126 1822/4124/4124
f 1862/4123/4123 1822/4124/4124 1821/4122/4122
f 1861/4121/4121 1821/4122/4122 1820/4120/4120
f 1860/4119/4119 1820/4120/4120 1819/4118/4118
f 1859/4117/4117 1819/4118/4118 1818/4116/4116
f 1858/4115/4115 1818/4116/4116 1817/4114/4114
f 1857/4113/4113 1817/4114/4114 1816/4112/4112
f 1856/4111/4111 1816/4112/4112 1815/4110/4110
f 1855/4109/4109 1815/4110/4110 1814/4107/4107
f 1851/4104/4104 1814/4107/4107 1813/4099/4099
f 1849/4102/4102 1853/4106/4106 1813/4099/4099
f 1846/4098/4098 1847/4100/4100 1812/4096/4096
f 1844/4095/4095 1845/4097/4097 1811/4094/4094
f 1843/4093/4093 1844/4095/4095 1810/4092/4092
f 1842/4091/4091 1843/4093/4093 1809/4090/4090
f 1841/4089/4089 1842/4091/4091 1808/4088/4088
f 1840/4087/4087 1841/4089/4089 1831/4086/4086
f 1839/4085/4085 1840/4087/4087 1830/4084/4084
f 1838/4083/4083 1839/4085/4085 1829/4082/4082
f 1837/4081/4081 1838/4083/4083 1828/4080/4080
f 1836/4079/4079 1837/4081/4081 1827/4077/4077
f 1834/4076/4076 1835/4078/4078 1826/4072/4072
f 1843/4132/4132 1848/4133/4133 1847/4134/4134
f 1839/4135/4135 1836/4136/4136 1835/4137/4137
f 1846/4138/4138 1845/4139/4139 1844/4140/4140
f 1843/4132/4132 1849/4141/4141 1848/4133/4133
f 1841/4142/4142 1854/4143/4143 1851/4144/4144
f 1841/4142/4142 1856/4145/4145 1855/4146/4146
f 1841/4142/4142 1864/4147/4147 1863/4148/4148
f 1841/4142/4142 1865/4149/4149 1867/4150/4150
f 1835/4137/4137 1834/4151/4151 1839/4135/4135
f 1836/4136/4136 1839/4135/4135 1838/4152/4152
f 1847/4134/4134 1846/4138/4138 1843/4132/4132
f 1851/4144/4144 1850/4153/4153 1841/4142/4142
f 1841/4142/4142 1857/4154/4154 1856/4145/4145
f 1863/4148/4148 1862/4155/4155 1841/4142/4142
f 1841/4142/4142 1866/4156/4156 1865/4149/4149
f 1838/4152/4152 1837/4157/4157 1836/4136/4136
f 1844/4140/4140 1843/4132/4132 1846/4138/4138
f 1855/4146/4146 1854/4143/4143 1841/4142/4142
f 1867/4150/4150 1864/4147/4147 1841/4142/4142
f 1833/4158/4158 1840/4159/4159 1839/4135/4135
f 1843/4132/4132 1842/4160/4160 1849/4141/4141
f 1841/4142/4142 1852/4161/4161 1853/4162/4162
f 1841/4142/4142 1858/4163/4163 1857/4154/4154
f 1862/4155/4155 1861/4164/4164 1841/4142/4142
f 1841/4142/4142 1833/4158/4158 1832/4165/4165
f 1833/4158/4158 1841/4142/4142 1840/4159/4159
f 1853/4162/4162 1849/4141/4141 1841/4142/4142
f 1841/4142/4142 1859/4166/4166 1858/4163/4163
f 1861/4164/4164 1860/4167/4167 1841/4142/4142
f 1834/4151/4151 1833/4158/4158 1839/4135/4135
f 1850/4153/4153 1852/4161/4161 1841/4142/4142
f 1832/4165/4165 1866/4156/4156 1841/4142/4142
f 1860/4167/4167 1859/4166/4166 1841/4142/4142
f 1842/4160/4160 1841/4142/4142 1849/4141/4141
